# vtk DataFile Version 3.0
File generated by Serendip Finite Element Code
ASCII
DATASET UNSTRUCTURED_GRID

POINTS 1530 float64
0.0 0.03333333 0.0
0.0 0.03333333 0.0
0.0 0.03333333 0.0
0.00816757 0.03916046 0.0
0.00966887 0.02713711 0.0
0.00966887 0.02713711 0.0
0.0 0.02222222 0.0
0.0 0.02222222 0.0
0.0 0.02222222 0.0
0.00816757 0.03916046 0.0
0.0 0.04444444 0.0
0.00816757 0.03916046 0.0
0.01560598 0.03516032 0.0
0.00966887 0.02713711 0.0
0.00742434 0.01774573 0.0
0.0 0.01111111 0.0
0.00966887 0.02713711 0.0
0.00742434 0.01774573 0.0
0.0 0.01111111 0.0
0.0 0.01111111 0.0
0.0 0.04444444 0.0
0.0 0.04444444 0.0
0.00816757 0.03916046 0.0
0.01081053 0.05143781 0.0
0.00816757 0.03916046 0.0
0.00816757 0.03916046 0.0
0.01560598 0.03516032 0.0
0.01621007 0.04290603 0.0
0.01560598 0.03516032 0.0
0.01560598 0.03516032 0.0
0.01560598 0.03516032 0.0
0.02006438 0.0256078 0.0
0.00966887 0.02713711 0.0
0.00966887 0.02713711 0.0
0.00966887 0.02713711 0.0
0.00742434 0.01774573 0.0
0.00965868 0.00955402 0.0
0.00742434 0.01774573 0.0
0.01764477 0.01687258 0.0
0.00742434 0.01774573 0.0
0.00965868 0.00955402 0.0
0.0 0.0 0.0
0.0 0.0 0.0
0.0 0.07777778 0.0
0.0 0.07777778 0.0
0.0 0.07777778 0.0
0.0096234 0.07276126 0.0
0.0 0.06666667 0.0
0.0 0.06666667 0.0
0.0 0.06666667 0.0
0.00693213 0.06111111 0.0
0.0 0.05555556 0.0
0.01081053 0.05143781 0.0
0.0 0.05555556 0.0
0.0 0.05555556 0.0
0.01081053 0.05143781 0.0
0.01621007 0.04290603 0.0
0.01621007 0.04290603 0.0
0.01621007 0.04290603 0.0
0.025386 0.03981947 0.0
0.01621007 0.04290603 0.0
0.025386 0.03981947 0.0
0.02006438 0.0256078 0.0
0.02006438 0.0256078 0.0
0.01764477 0.01687258 0.0
0.00965868 0.00955402 0.0
0.01764477 0.01687258 0.0
0.00965868 0.00955402 0.0
0.00965868 0.00955402 0.0
0.00965868 0.00955402 0.0
0.01176471 0.0 0.0
0.00742197 0.08224897 0.0
0.0 0.08888889 0.0
0.0 0.08888889 0.0
0.00742197 0.08224897 0.0
0.0096234 0.07276126 0.0
0.0096234 0.07276126 0.0
0.00693213 0.06111111 0.0
0.00693213 0.06111111 0.0
0.01081053 0.05143781 0.0
0.00693213 0.06111111 0.0
0.00693213 0.06111111 0.0
0.01081053 0.05143781 0.0
0.02108029 0.0489521 0.0
0.02108029 0.0489521 0.0
0.025386 0.03981947 0.0
0.0 0.08888889 0.0
0.00252739 0.095 0.0
0.0 0.095 0.0
0.025386 0.03981947 0.0
0.025386 0.03981947 0.0
0.02956013 0.02905504 0.0
0.02006438 0.0256078 0.0
0.02006438 0.0256078 0.0
0.02006438 0.0256078 0.0
0.02921641 0.02029418 0.0
0.01764477 0.01687258 0.0
0.01764477 0.01687258 0.0
0.01764477 0.01687258 0.0
0.01822858 0.00732076 0.0
0.01764477 0.01687258 0.0
0.01822858 0.00732076 0.0
0.01176471 0.0 0.0
0.01176471 0.0 0.0
0.00965868 0.09044598 0.0
0.0 0.1 0.0
0.00742197 0.08224897 0.0
0.00965868 0.09044598 0.0
0.00742197 0.08224897 0.0
0.00742197 0.08224897 0.0
0.01764477 0.08312742 0.0
0.0096234 0.07276126 0.0
0.0096234 0.07276126 0.0
0.0096234 0.07276126 0.0
0.01528766 0.06412832 0.0
0.0096234 0.07276126 0.0
0.01081053 0.05143781 0.0
0.01528766 0.06412832 0.0
0.01081053 0.05143781 0.0
0.01081053 0.05143781 0.0
0.02287533 0.0578119 0.0
0.02108029 0.0489521 0.0
0.02108029 0.0489521 0.0
0.02108029 0.0489521 0.0
0.0296133 0.05015658 0.0
0.025386 0.03981947 0.0
0.025386 0.03981947 0.0
0.025386 0.03981947 0.0
0.00505477 0.095 0.0
0.0 0.1 0.0
0.00785866 0.095 0.0
0.03548879 0.04347868 0.0
0.03625551 0.0348972 0.0
0.03625551 0.0348972 0.0
0.02956013 0.02905504 0.0
0.02956013 0.02905504 0.0
0.02956013 0.02905504 0.0
0.02921641 0.02029418 0.0
0.02956013 0.02905504 0.0
0.02921641 0.02029418 0.0
0.02854536 0.01017719 0.0
0.02854536 0.01017719 0.0
0.01822858 0.00732076 0.0
0.01822858 0.00732076 0.0
0.01822858 0.00732076 0.0
0.02352941 0.0 0.0
0.00965868 0.09044598 0.0
0.01176471 0.1 0.0
0.01764477 0.08312742 0.0
0.00965868 0.09044598 0.0
0.00965868 0.09044598 0.0
0.01764477 0.08312742 0.0
0.02032188 0.07355552 0.0
0.02032188 0.07355552 0.0
0.01528766 0.06412832 0.0
0.01528766 0.06412832 0.0
0.01528766 0.06412832 0.0
0.02287533 0.0578119 0.0
0.01528766 0.06412832 0.0
0.02287533 0.0578119 0.0
0.0296133 0.05015658 0.0
0.0296133 0.05015658 0.0
0.03548879 0.04347868 0.0
0.03548879 0.04347868 0.0
0.03548879 0.04347868 0.0
0.03548879 0.04347868 0.0
0.01066254 0.095 0.0
0.00965868 0.09044598 0.0
0.01342078 0.095 0.0
0.03625551 0.0348972 0.0
0.04368129 0.04315767 0.0
0.03625551 0.0348972 0.0
0.03625551 0.0348972 0.0
0.0397893 0.02475001 0.0
0.03625551 0.0348972 0.0
0.0397893 0.02475001 0.0
0.02921641 0.02029418 0.0
0.02921641 0.02029418 0.0
0.02921641 0.02029418 0.0
0.02854536 0.01017719 0.0
0.03735623 0.01618005 0.0
0.02854536 0.01017719 0.0
0.02352941 0.0 0.0
0.02352941 0.0 0.0
0.01176471 0.1 0.0
0.0182269 0.0926804 0.0
0.0182269 0.0926804 0.0
0.01764477 0.08312742 0.0
0.01764477 0.08312742 0.0
0.01764477 0.08312742 0.0
0.01764477 0.08312742 0.0
0.02881334 0.07871916 0.0
0.02032188 0.07355552 0.0
0.02032188 0.07355552 0.0
0.02886287 0.06768907 0.0
0.02032188 0.07355552 0.0
0.02886287 0.06768907 0.0
0.02287533 0.0578119 0.0
0.02287533 0.0578119 0.0
0.02287533 0.0578119 0.0
0.03256651 0.05845034 0.0
0.0296133 0.05015658 0.0
0.0296133 0.05015658 0.0
0.0402829 0.052427 0.0
0.0296133 0.05015658 0.0
0.04368129 0.04315767 0.0
0.0402829 0.052427 0.0
0.01617902 0.095 0.0
0.01176471 0.1 0.0
0.01804315 0.095 0.0
0.04368129 0.04315767 0.0
0.04368129 0.04315767 0.0
0.04368129 0.04315767 0.0
0.04635433 0.03355981 0.0
0.04368129 0.04315767 0.0
0.04635433 0.03355981 0.0
0.0397893 0.02475001 0.0
0.0397893 0.02475001 0.0
0.03735623 0.01618005 0.0
0.03735623 0.01618005 0.0
0.03735623 0.01618005 0.0
0.03735623 0.01618005 0.0
0.04122602 0.00759503 0.0
0.02854536 0.01017719 0.0
0.02854536 0.01017719 0.0
0.02854536 0.01017719 0.0
0.03529412 0.0 0.0
0.0182269 0.0926804 0.0
0.02352941 0.1 0.0
0.02853695 0.08982861 0.0
0.0182269 0.0926804 0.0
0.02853695 0.08982861 0.0
0.02881334 0.07871916 0.0
0.02881334 0.07871916 0.0
0.02886287 0.06768907 0.0
0.02886287 0.06768907 0.0
0.03256651 0.05845034 0.0
0.03256651 0.05845034 0.0
0.0402829 0.052427 0.0
0.03256651 0.05845034 0.0
0.03256651 0.05845034 0.0
0.0402829 0.052427 0.0
0.04953897 0.0491861 0.0
0.01990728 0.095 0.0
0.0182269 0.0926804 0.0
0.02294913 0.095 0.0
0.04953897 0.0491861 0.0
0.052132 0.04106162 0.0
0.052132 0.04106162 0.0
0.04635433 0.03355981 0.0
0.04635433 0.03355981 0.0
0.04635433 0.03355981 0.0
0.04635433 0.03355981 0.0
0.0523637 0.02329655 0.0
0.0397893 0.02475001 0.0
0.0397893 0.02475001 0.0
0.0470667 0.01621854 0.0
0.0397893 0.02475001 0.0
0.0470667 0.01621854 0.0
0.04122602 0.00759503 0.0
0.04122602 0.00759503 0.0
0.03529412 0.0 0.0
0.03529412 0.0 0.0
0.02352941 0.1 0.0
0.02853695 0.08982861 0.0
0.02853695 0.08982861 0.0
0.03727387 0.08387671 0.0
0.02881334 0.07871916 0.0
0.02881334 0.07871916 0.0
0.02881334 0.07871916 0.0
0.02886287 0.06768907 0.0
0.04023971 0.07423762 0.0
0.02886287 0.06768907 0.0
0.04124058 0.06337107 0.0
0.02886287 0.06768907 0.0
0.0402829 0.052427 0.0
0.04124058 0.06337107 0.0
0.0402829 0.052427 0.0
0.0402829 0.052427 0.0
0.04953897 0.0491861 0.0
0.05135593 0.0581353 0.0
0.04953897 0.0491861 0.0
0.04953897 0.0491861 0.0
0.02599099 0.095 0.0
0.02352941 0.1 0.0
0.02898173 0.095 0.0
0.052132 0.04106162 0.0
0.05958719 0.04759209 0.0
0.052132 0.04106162 0.0
0.052132 0.04106162 0.0
0.05385072 0.03146956 0.0
0.052132 0.04106162 0.0
0.05385072 0.03146956 0.0
0.0523637 0.02329655 0.0
0.0523637 0.02329655 0.0
0.0470667 0.01621854 0.0
0.0470667 0.01621854 0.0
0.0470667 0.01621854 0.0
0.0470667 0.01621854 0.0
0.05288121 0.00809902 0.0
0.04122602 0.00759503 0.0
0.04122602 0.00759503 0.0
0.04122602 0.00759503 0.0
0.04705882 0.0 0.0
0.02853695 0.08982861 0.0
0.03529412 0.1 0.0
0.02853695 0.08982861 0.0
0.04122051 0.09240877 0.0
0.03727387 0.08387671 0.0
0.03727387 0.08387671 0.0
0.03727387 0.08387671 0.0
0.04023971 0.07423762 0.0
0.03727387 0.08387671 0.0
0.04023971 0.07423762 0.0
0.04124058 0.06337107 0.0
0.04124058 0.06337107 0.0
0.04124058 0.06337107 0.0
0.05135593 0.0581353 0.0
0.04124058 0.06337107 0.0
0.05135593 0.0581353 0.0
0.05958719 0.04759209 0.0
0.03197246 0.095 0.0
0.02853695 0.08982861 0.0
0.03558501 0.095 0.0
0.05958719 0.04759209 0.0
0.05958573 0.0368485 0.0
0.05958573 0.0368485 0.0
0.05385072 0.03146956 0.0
0.05385072 0.03146956 0.0
0.05385072 0.03146956 0.0
0.0523637 0.02329655 0.0
0.06387726 0.02677077 0.0
0.0523637 0.02329655 0.0
0.05878372 0.01739058 0.0
0.0523637 0.02329655 0.0
0.05878372 0.01739058 0.0
0.05288121 0.00809902 0.0
0.05288121 0.00809902 0.0
0.04705882 0.0 0.0
0.04705882 0.0 0.0
0.05958719 0.04759209 0.0
0.03529412 0.1 0.0
0.04122051 0.09240877 0.0
0.04122051 0.09240877 0.0
0.04673887 0.08317109 0.0
0.04673887 0.08317109 0.0
0.04023971 0.07423762 0.0
0.04023971 0.07423762 0.0
0.04023971 0.07423762 0.0
0.05175936 0.06746518 0.0
0.04023971 0.07423762 0.0
0.05175936 0.06746518 0.0
0.05135593 0.0581353 0.0
0.05135593 0.0581353 0.0
0.05135593 0.0581353 0.0
0.05958719 0.04759209 0.0
0.06062697 0.06032702 0.0
0.05958719 0.04759209 0.0
0.05958719 0.04759209 0.0
0.03919757 0.095 0.0
0.03529412 0.1 0.0
0.04120548 0.095 0.0
0.06747988 0.03816534 0.0
0.05958573 0.0368485 0.0
0.05958573 0.0368485 0.0
0.06387726 0.02677077 0.0
0.05958573 0.0368485 0.0
0.06387726 0.02677077 0.0
0.05878372 0.01739058 0.0
0.05878372 0.01739058 0.0
0.05878372 0.01739058 0.0
0.05878372 0.01739058 0.0
0.06470588 0.00732577 0.0
0.05288121 0.00809902 0.0
0.05288121 0.00809902 0.0
0.05288121 0.00809902 0.0
0.05882353 0.0 0.0
0.0694104 0.05 0.0
0.06747988 0.03816534 0.0
0.04122051 0.09240877 0.0
0.04705882 0.1 0.0
0.04122051 0.09240877 0.0
0.05288121 0.09190098 0.0
0.04673887 0.08317109 0.0
0.04673887 0.08317109 0.0
0.04673887 0.08317109 0.0
0.0523637 0.07670345 0.0
0.04673887 0.08317109 0.0
0.0523637 0.07670345 0.0
0.05175936 0.06746518 0.0
0.05175936 0.06746518 0.0
0.06062697 0.06032702 0.0
0.05175936 0.06746518 0.0
0.05175936 0.06746518 0.0
0.06062697 0.06032702 0.0
0.0694104 0.05 0.0
0.04321339 0.095 0.0
0.04122051 0.09240877 0.0
0.04693336 0.095 0.0
0.06747988 0.03816534 0.0
0.06387726 0.02677077 0.0
0.06387726 0.02677077 0.0
0.06758562 0.01638089 0.0
0.06758562 0.01638089 0.0
0.06470588 0.00732577 0.0
0.06470588 0.00732577 0.0
0.05882353 0.0 0.0
0.05882353 0.0 0.0
0.0694104 0.05 0.0
0.0694104 0.05 0.0
0.0694104 0.05 0.0
0.0694104 0.05 0.0
0.07608523 0.04120152 0.0
0.06747988 0.03816534 0.0
0.06747988 0.03816534 0.0
0.06747988 0.03816534 0.0
0.04705882 0.1 0.0
0.05288121 0.09190098 0.0
0.05288121 0.09190098 0.0
0.05878372 0.08260942 0.0
0.05878372 0.08260942 0.0
0.0523637 0.07670345 0.0
0.0523637 0.07670345 0.0
0.06407062 0.07220146 0.0
0.0523637 0.07670345 0.0
0.06062697 0.06032702 0.0
0.06407062 0.07220146 0.0
0.06062697 0.06032702 0.0
0.07085439 0.05977277 0.0
0.06062697 0.06032702 0.0
0.05065332 0.095 0.0
0.04705882 0.1 0.0
0.05290415 0.095 0.0
0.07493075 0.03114509 0.0
0.06387726 0.02677077 0.0
0.06387726 0.02677077 0.0
0.06387726 0.02677077 0.0
0.07585016 0.02154666 0.0
0.06758562 0.01638089 0.0
0.06758562 0.01638089 0.0
0.06758562 0.01638089 0.0
0.07616416 0.00980304 0.0
0.06470588 0.00732577 0.0
0.06470588 0.00732577 0.0
0.06470588 0.00732577 0.0
0.07058824 0.0 0.0
0.07085439 0.05977277 0.0
0.07744069 0.04961294 0.0
0.07744069 0.04961294 0.0
0.07608523 0.04120152 0.0
0.07608523 0.04120152 0.0
0.07493075 0.03114509 0.0
0.05288121 0.09190098 0.0
0.05882353 0.1 0.0
0.05288121 0.09190098 0.0
0.06458578 0.09215867 0.0
0.05878372 0.08260942 0.0
0.05878372 0.08260942 0.0
0.05878372 0.08260942 0.0
0.06407062 0.07220146 0.0
0.05878372 0.08260942 0.0
0.06407062 0.07220146 0.0
0.07085439 0.05977277 0.0
0.05515499 0.095 0.0
0.05288121 0.09190098 0.0
0.0588264 0.095 0.0
0.07493075 0.03114509 0.0
0.07585016 0.02154666 0.0
0.07585016 0.02154666 0.0
0.07616416 0.00980304 0.0
0.07616416 0.00980304 0.0
0.07058824 0.0 0.0
0.07058824 0.0 0.0
0.07085439 0.05977277 0.0
0.07085439 0.05977277 0.0
0.07085439 0.05977277 0.0
0.08130901 0.05754161 0.0
0.07744069 0.04961294 0.0
0.07744069 0.04961294 0.0
0.07744069 0.04961294 0.0
0.08475396 0.04425671 0.0
0.07608523 0.04120152 0.0
0.07608523 0.04120152 0.0
0.07608523 0.04120152 0.0
0.08123173 0.03660791 0.0
0.07493075 0.03114509 0.0
0.07493075 0.03114509 0.0
0.07493075 0.03114509 0.0
0.05882353 0.1 0.0
0.06458578 0.09215867 0.0
0.06458578 0.09215867 0.0
0.06819822 0.08325606 0.0
0.06819822 0.08325606 0.0
0.06407062 0.07220146 0.0
0.06407062 0.07220146 0.0
0.06407062 0.07220146 0.0
0.07512621 0.06825347 0.0
0.06407062 0.07220146 0.0
0.06249781 0.095 0.0
0.05882353 0.1 0.0
0.0646293 0.095 0.0
0.07585016 0.02154666 0.0
0.0878424 0.03115328 0.0
0.07585016 0.02154666 0.0
0.07585016 0.02154666 0.0
0.08464397 0.01700291 0.0
0.07616416 0.00980304 0.0
0.07616416 0.00980304 0.0
0.07616416 0.00980304 0.0
0.07616416 0.00980304 0.0
0.08235294 0.0 0.0
0.07512621 0.06825347 0.0
0.08130901 0.05754161 0.0
0.08130901 0.05754161 0.0
0.08475396 0.04425671 0.0
0.08475396 0.04425671 0.0
0.08123173 0.03660791 0.0
0.08123173 0.03660791 0.0
0.0878424 0.03115328 0.0
0.08123173 0.03660791 0.0
0.06458578 0.09215867 0.0
0.07058824 0.1 0.0
0.06458578 0.09215867 0.0
0.07698306 0.08979083 0.0
0.06819822 0.08325606 0.0
0.06819822 0.08325606 0.0
0.07627145 0.07801337 0.0
0.06819822 0.08325606 0.0
0.07627145 0.07801337 0.0
0.07512621 0.06825347 0.0
0.07512621 0.06825347 0.0
0.07512621 0.06825347 0.0
0.06676079 0.095 0.0
0.06458578 0.09215867 0.0
0.07024047 0.095 0.0
0.0878424 0.03115328 0.0
0.08464397 0.01700291 0.0
0.08464397 0.01700291 0.0
0.08633095 0.0081198 0.0
0.08633095 0.0081198 0.0
0.08235294 0.0 0.0
0.08235294 0.0 0.0
0.08484432 0.07079762 0.0
0.08130901 0.05754161 0.0
0.08130901 0.05754161 0.0
0.08130901 0.05754161 0.0
0.08130901 0.05754161 0.0
0.09179129 0.05297735 0.0
0.08475396 0.04425671 0.0
0.08475396 0.04425671 0.0
0.08475396 0.04425671 0.0
0.0878424 0.03115328 0.0
0.08475396 0.04425671 0.0
0.07058824 0.1 0.0
0.07698306 0.08979083 0.0
0.07698306 0.08979083 0.0
0.07627145 0.07801337 0.0
0.07627145 0.07801337 0.0
0.07627145 0.07801337 0.0
0.08484432 0.07079762 0.0
0.07627145 0.07801337 0.0
0.07372014 0.095 0.0
0.07058824 0.1 0.0
0.07672158 0.095 0.0
0.0878424 0.03115328 0.0
0.09199159 0.02126637 0.0
0.08464397 0.01700291 0.0
0.08464397 0.01700291 0.0
0.08464397 0.01700291 0.0
0.09548 0.0122552 0.0
0.08633095 0.0081198 0.0
0.08633095 0.0081198 0.0
0.08633095 0.0081198 0.0
0.09411765 0.0 0.0
0.08484432 0.07079762 0.0
0.09206645 0.06382512 0.0
0.09206645 0.06382512 0.0
0.09179129 0.05297735 0.0
0.09179129 0.05297735 0.0
0.09361759 0.04394424 0.0
0.09361759 0.04394424 0.0
0.0878424 0.03115328 0.0
0.07698306 0.08979083 0.0
0.08235294 0.1 0.0
0.08861731 0.0819059 0.0
0.07698306 0.08979083 0.0
0.07698306 0.08979083 0.0
0.08861731 0.0819059 0.0
0.08484432 0.07079762 0.0
0.08484432 0.07079762 0.0
0.08484432 0.07079762 0.0
0.07972301 0.095 0.0
0.07698306 0.08979083 0.0
0.0828832 0.095 0.0
0.0878424 0.03115328 0.0
0.0878424 0.03115328 0.0
0.0878424 0.03115328 0.0
0.09199159 0.02126637 0.0
0.1 0.02465407 0.0
0.09199159 0.02126637 0.0
0.09548 0.0122552 0.0
0.09199159 0.02126637 0.0
0.09548 0.0122552 0.0
0.09411765 0.0 0.0
0.09411765 0.0 0.0
0.09576345 0.07446505 0.0
0.09206645 0.06382512 0.0
0.09206645 0.06382512 0.0
0.09206645 0.06382512 0.0
0.09206645 0.06382512 0.0
0.09882624 0.0585015 0.0
0.09179129 0.05297735 0.0
0.09179129 0.05297735 0.0
0.09179129 0.05297735 0.0
0.09361759 0.04394424 0.0
0.10038877 0.05009465 0.0
0.09361759 0.04394424 0.0
0.10127913 0.03682105 0.0
0.09361759 0.04394424 0.0
0.08235294 0.1 0.0
0.08853549 0.09162357 0.0
0.08853549 0.09162357 0.0
0.08861731 0.0819059 0.0
0.08861731 0.0819059 0.0
0.08861731 0.0819059 0.0
0.09576345 0.07446505 0.0
0.08861731 0.0819059 0.0
0.08604338 0.095 0.0
0.08235294 0.1 0.0
0.08841449 0.095 0.0
0.10127913 0.03682105 0.0
0.1 0.02465407 0.0
0.1 0.02465407 0.0
0.09548 0.0122552 0.0
0.09548 0.0122552 0.0
0.09548 0.0122552 0.0
0.09548 0.0122552 0.0
0.10588235 0.0 0.0
0.09576345 0.07446505 0.0
0.10047203 0.0658837 0.0
0.10047203 0.0658837 0.0
0.09882624 0.0585015 0.0
0.09882624 0.0585015 0.0
0.10038877 0.05009465 0.0
0.09882624 0.0585015 0.0
0.09882624 0.0585015 0.0
0.10038877 0.05009465 0.0
0.10127913 0.03682105 0.0
0.08853549 0.09162357 0.0
0.09411765 0.1 0.0
0.10060649 0.08642113 0.0
0.08853549 0.09162357 0.0
0.10060649 0.08642113 0.0
0.09576345 0.07446505 0.0
0.09576345 0.07446505 0.0
0.09576345 0.07446505 0.0
0.09078559 0.095 0.0
0.08853549 0.09162357 0.0
0.09364628 0.095 0.0
0.10127913 0.03682105 0.0
0.10127913 0.03682105 0.0
0.10127913 0.03682105 0.0
0.10127913 0.03682105 0.0
0.1101417 0.02541056 0.0
0.1 0.02465407 0.0
0.1 0.02465407 0.0
0.10610864 0.01308278 0.0
0.1 0.02465407 0.0
0.10610864 0.01308278 0.0
0.10588235 0.0 0.0
0.10650564 0.07319988 0.0
0.10047203 0.0658837 0.0
0.10047203 0.0658837 0.0
0.10941265 0.05972667 0.0
0.10047203 0.0658837 0.0
0.10038877 0.05009465 0.0
0.10941265 0.05972667 0.0
0.10038877 0.05009465 0.0
0.1101104 0.04559732 0.0
0.10038877 0.05009465 0.0
0.09411765 0.1 0.0
0.10060649 0.08642113 0.0
0.10060649 0.08642113 0.0
0.10650564 0.07319988 0.0
0.09650696 0.095 0.0
0.09411765 0.1 0.0
0.10022332 0.095 0.0
0.10588235 0.0 0.0
0.10588235 0.0 0.0
0.1101104 0.04559732 0.0
0.11192293 0.0354757 0.0
0.11192293 0.0354757 0.0
0.1101417 0.02541056 0.0
0.1101417 0.02541056 0.0
0.10610864 0.01308278 0.0
0.10610864 0.01308278 0.0
0.10610864 0.01308278 0.0
0.11492794 0.00893275 0.0
0.10610864 0.01308278 0.0
0.10650564 0.07319988 0.0
0.10941265 0.05972667 0.0
0.10941265 0.05972667 0.0
0.1101104 0.04559732 0.0
0.1101104 0.04559732 0.0
0.1101104 0.04559732 0.0
0.1101104 0.04559732 0.0
0.10060649 0.08642113 0.0
0.10588235 0.1 0.0
0.10060649 0.08642113 0.0
0.10060649 0.08642113 0.0
0.11317947 0.08038978 0.0
0.10650564 0.07319988 0.0
0.10650564 0.07319988 0.0
0.10650564 0.07319988 0.0
0.10393968 0.095 0.0
0.10060649 0.08642113 0.0
0.1069536 0.095 0.0
0.11492794 0.00893275 0.0
0.11764706 0.0 0.0
0.12071389 0.04085344 0.0
0.11192293 0.0354757 0.0
0.11192293 0.0354757 0.0
0.11192293 0.0354757 0.0
0.11984574 0.02946123 0.0
0.1101417 0.02541056 0.0
0.1101417 0.02541056 0.0
0.1182997 0.01787938 0.0
0.1101417 0.02541056 0.0
0.1182997 0.01787938 0.0
0.11492794 0.00893275 0.0
0.11492794 0.00893275 0.0
0.11492794 0.00893275 0.0
0.11805989 0.07057854 0.0
0.10941265 0.05972667 0.0
0.10941265 0.05972667 0.0
0.10941265 0.05972667 0.0
0.1196578 0.05069602 0.0
0.10941265 0.05972667 0.0
0.1196578 0.05069602 0.0
0.12071389 0.04085344 0.0
0.10588235 0.1 0.0
0.11381099 0.09029581 0.0
0.11381099 0.09029581 0.0
0.11317947 0.08038978 0.0
0.11317947 0.08038978 0.0
0.11317947 0.08038978 0.0
0.11805989 0.07057854 0.0
0.11317947 0.08038978 0.0
0.10996751 0.095 0.0
0.10588235 0.1 0.0
0.11281904 0.095 0.0
0.12266972 0.00727534 0.0
0.11764706 0.0 0.0
0.11764706 0.0 0.0
0.12071389 0.04085344 0.0
0.11984574 0.02946123 0.0
0.11984574 0.02946123 0.0
0.1182997 0.01787938 0.0
0.1182997 0.01787938 0.0
0.12266972 0.00727534 0.0
0.11805989 0.07057854 0.0
0.12135833 0.06070066 0.0
0.12135833 0.06070066 0.0
0.1196578 0.05069602 0.0
0.1196578 0.05069602 0.0
0.1196578 0.05069602 0.0
0.1196578 0.05069602 0.0
0.12071389 0.04085344 0.0
0.12938662 0.04498018 0.0
0.12071389 0.04085344 0.0
0.12071389 0.04085344 0.0
0.11381099 0.09029581 0.0
0.11764706 0.1 0.0
0.12202116 0.0826869 0.0
0.11381099 0.09029581 0.0
0.11381099 0.09029581 0.0
0.12202116 0.0826869 0.0
0.11805989 0.07057854 0.0
0.11567056 0.095 0.0
0.11381099 0.09029581 0.0
0.11856299 0.095 0.0
0.11805989 0.07057854 0.0
0.11805989 0.07057854 0.0
0.11805989 0.07057854 0.0
0.12266972 0.00727534 0.0
0.12266972 0.00727534 0.0
0.12266972 0.00727534 0.0
0.12941176 0.0 0.0
0.12892398 0.03400628 0.0
0.11984574 0.02946123 0.0
0.11984574 0.02946123 0.0
0.11984574 0.02946123 0.0
0.1182997 0.01787938 0.0
0.12907225 0.02314201 0.0
0.1182997 0.01787938 0.0
0.12942178 0.01294771 0.0
0.1182997 0.01787938 0.0
0.13019716 0.06681148 0.0
0.12135833 0.06070066 0.0
0.12135833 0.06070066 0.0
0.12946414 0.05569058 0.0
0.12135833 0.06070066 0.0
0.12946414 0.05569058 0.0
0.12938662 0.04498018 0.0
0.12938662 0.04498018 0.0
0.12892398 0.03400628 0.0
0.11764706 0.1 0.0
0.12352941 0.09227706 0.0
0.12352941 0.09227706 0.0
0.12202116 0.0826869 0.0
0.12202116 0.0826869 0.0
0.1258052 0.07459265 0.0
0.12145542 0.095 0.0
0.11764706 0.1 0.0
0.12352941 0.095 0.0
0.1258052 0.07459265 0.0
0.1258052 0.07459265 0.0
0.13019716 0.06681148 0.0
0.1258052 0.07459265 0.0
0.12942178 0.01294771 0.0
0.12941176 0.0 0.0
0.12892398 0.03400628 0.0
0.12907225 0.02314201 0.0
0.12907225 0.02314201 0.0
0.12942178 0.01294771 0.0
0.13019716 0.06681148 0.0
0.12946414 0.05569058 0.0
0.12946414 0.05569058 0.0
0.12946414 0.05569058 0.0
0.12946414 0.05569058 0.0
0.13924083 0.05001842 0.0
0.12938662 0.04498018 0.0
0.12938662 0.04498018 0.0
0.12938662 0.04498018 0.0
0.13730259 0.03927151 0.0
0.12892398 0.03400628 0.0
0.12892398 0.03400628 0.0
0.12892398 0.03400628 0.0
0.12352941 0.09227706 0.0
0.12941176 0.1 0.0
0.12352941 0.09227706 0.0
0.13438316 0.08764382 0.0
0.12202116 0.0826869 0.0
0.13442932 0.07686914 0.0
0.12202116 0.0826869 0.0
0.12202116 0.0826869 0.0
0.1256034 0.095 0.0
0.12352941 0.09227706 0.0
0.12851343 0.095 0.0
0.13442932 0.07686914 0.0
0.13019716 0.06681148 0.0
0.12942178 0.01294771 0.0
0.12942178 0.01294771 0.0
0.12942178 0.01294771 0.0
0.1379809 0.00829951 0.0
0.12941176 0.0 0.0
0.12941176 0.0 0.0
0.13849003 0.02903751 0.0
0.12907225 0.02314201 0.0
0.12907225 0.02314201 0.0
0.14042415 0.01740165 0.0
0.12907225 0.02314201 0.0
0.13019716 0.06681148 0.0
0.13019716 0.06681148 0.0
0.13968758 0.06046658 0.0
0.13019716 0.06681148 0.0
0.13968758 0.06046658 0.0
0.13924083 0.05001842 0.0
0.13924083 0.05001842 0.0
0.13730259 0.03927151 0.0
0.13730259 0.03927151 0.0
0.13849003 0.02903751 0.0
0.12941176 0.1 0.0
0.13438316 0.08764382 0.0
0.13438316 0.08764382 0.0
0.13442932 0.07686914 0.0
0.13142347 0.095 0.0
0.12941176 0.1 0.0
0.13492549 0.095 0.0
0.13442932 0.07686914 0.0
0.13442932 0.07686914 0.0
0.14274043 0.07093728 0.0
0.13442932 0.07686914 0.0
0.14042415 0.01740165 0.0
0.1379809 0.00829951 0.0
0.1379809 0.00829951 0.0
0.1379809 0.00829951 0.0
0.1379809 0.00829951 0.0
0.14117647 0.0 0.0
0.13849003 0.02903751 0.0
0.13849003 0.02903751 0.0
0.13849003 0.02903751 0.0
0.14042415 0.01740165 0.0
0.13849003 0.02903751 0.0
0.14274043 0.07093728 0.0
0.13968758 0.06046658 0.0
0.13968758 0.06046658 0.0
0.13968758 0.06046658 0.0
0.13968758 0.06046658 0.0
0.14867466 0.05574559 0.0
0.13924083 0.05001842 0.0
0.13924083 0.05001842 0.0
0.13924083 0.05001842 0.0
0.14889804 0.04488779 0.0
0.13730259 0.03927151 0.0
0.13730259 0.03927151 0.0
0.14633064 0.03505307 0.0
0.13730259 0.03927151 0.0
0.13438316 0.08764382 0.0
0.14117647 0.1 0.0
0.14533248 0.08051408 0.0
0.13438316 0.08764382 0.0
0.13438316 0.08764382 0.0
0.13842752 0.095 0.0
0.13438316 0.08764382 0.0
0.14137623 0.095 0.0
0.14533248 0.08051408 0.0
0.14274043 0.07093728 0.0
0.14042415 0.01740165 0.0
0.14710959 0.00650798 0.0
0.14710959 0.00650798 0.0
0.14117647 0.0 0.0
0.14117647 0.0 0.0
0.14633064 0.03505307 0.0
0.14888653 0.02535051 0.0
0.14888653 0.02535051 0.0
0.14042415 0.01740165 0.0
0.14042415 0.01740165 0.0
0.14042415 0.01740165 0.0
0.14274043 0.07093728 0.0
0.14274043 0.07093728 0.0
0.14857248 0.06490228 0.0
0.14274043 0.07093728 0.0
0.14857248 0.06490228 0.0
0.14867466 0.05574559 0.0
0.14867466 0.05574559 0.0
0.14889804 0.04488779 0.0
0.14889804 0.04488779 0.0
0.14633064 0.03505307 0.0
0.14633064 0.03505307 0.0
0.14633064 0.03505307 0.0
0.14117647 0.1 0.0
0.14692477 0.09087129 0.0
0.14692477 0.09087129 0.0
0.14533248 0.08051408 0.0
0.14432494 0.095 0.0
0.14117647 0.1 0.0
0.1469854 0.095 0.0
0.14533248 0.08051408 0.0
0.14533248 0.08051408 0.0
0.15376231 0.07345591 0.0
0.14533248 0.08051408 0.0
0.15284878 0.01465635 0.0
0.14710959 0.00650798 0.0
0.14710959 0.00650798 0.0
0.14710959 0.00650798 0.0
0.14710959 0.00650798 0.0
0.15294118 0.0 0.0
0.14888653 0.02535051 0.0
0.15887412 0.03586304 0.0
0.14888653 0.02535051 0.0
0.14888653 0.02535051 0.0
0.15284878 0.01465635 0.0
0.14888653 0.02535051 0.0
0.15376231 0.07345591 0.0
0.14857248 0.06490228 0.0
0.14857248 0.06490228 0.0
0.14857248 0.06490228 0.0
0.157046 0.06284784 0.0
0.14867466 0.05574559 0.0
0.14867466 0.05574559 0.0
0.14867466 0.05574559 0.0
0.14889804 0.04488779 0.0
0.15860306 0.05135062 0.0
0.14889804 0.04488779 0.0
0.15887412 0.03586304 0.0
0.14889804 0.04488779 0.0
0.14692477 0.09087129 0.0
0.15294118 0.1 0.0
0.158886 0.08581243 0.0
0.14692477 0.09087129 0.0
0.14964586 0.095 0.0
0.14692477 0.09087129 0.0
0.15234106 0.095 0.0
0.158886 0.08581243 0.0
0.15376231 0.07345591 0.0
0.15284878 0.01465635 0.0
0.15815167 0.00674436 0.0
0.15815167 0.00674436 0.0
0.15294118 0.0 0.0
0.15294118 0.0 0.0
0.15887412 0.03586304 0.0
0.15875368 0.0239579 0.0
0.15875368 0.0239579 0.0
0.15284878 0.01465635 0.0
0.15284878 0.01465635 0.0
0.15284878 0.01465635 0.0
0.15376231 0.07345591 0.0
0.15376231 0.07345591 0.0
0.157046 0.06284784 0.0
0.15376231 0.07345591 0.0
0.157046 0.06284784 0.0
0.15860306 0.05135062 0.0
0.15860306 0.05135062 0.0
0.15887412 0.03586304 0.0
0.15294118 0.1 0.0
0.158886 0.08581243 0.0
0.15503626 0.095 0.0
0.15294118 0.1 0.0
0.15884555 0.095 0.0
0.158886 0.08581243 0.0
0.16473194 0.07269583 0.0
0.16493473 0.01330086 0.0
0.15815167 0.00674436 0.0
0.15815167 0.00674436 0.0
0.15815167 0.00674436 0.0
0.16470588 0.0 0.0
0.15887412 0.03586304 0.0
0.15887412 0.03586304 0.0
0.15887412 0.03586304 0.0
0.15887412 0.03586304 0.0
0.168612 0.02555849 0.0
0.15875368 0.0239579 0.0
0.15875368 0.0239579 0.0
0.16493473 0.01330086 0.0
0.15875368 0.0239579 0.0
0.16473194 0.07269583 0.0
0.157046 0.06284784 0.0
0.157046 0.06284784 0.0
0.157046 0.06284784 0.0
0.16869577 0.06024299 0.0
0.15860306 0.05135062 0.0
0.15860306 0.05135062 0.0
0.16870005 0.04562805 0.0
0.15860306 0.05135062 0.0
0.158886 0.08581243 0.0
0.16470588 0.1 0.0
0.16265483 0.095 0.0
0.16567364 0.095 0.0
0.158886 0.08581243 0.0
0.158886 0.08581243 0.0
0.158886 0.08581243 0.0
0.17118237 0.08026637 0.0
0.16473194 0.07269583 0.0
0.16493473 0.01330086 0.0
0.16470588 0.0 0.0
0.16870005 0.04562805 0.0
0.17166651 0.0352425 0.0
0.17166651 0.0352425 0.0
0.168612 0.02555849 0.0
0.168612 0.02555849 0.0
0.16493473 0.01330086 0.0
0.16473194 0.07269583 0.0
0.16473194 0.07269583 0.0
0.16869577 0.06024299 0.0
0.16473194 0.07269583 0.0
0.16869577 0.06024299 0.0
0.16870005 0.04562805 0.0
0.16870005 0.04562805 0.0
0.16870005 0.04562805 0.0
0.16870005 0.04562805 0.0
0.16470588 0.1 0.0
0.17257366 0.09013215 0.0
0.16869245 0.095 0.0
0.16470588 0.1 0.0
0.17159424 0.095 0.0
0.17257366 0.09013215 0.0
0.17118237 0.08026637 0.0
0.17118237 0.08026637 0.0
0.17118237 0.08026637 0.0
0.17687284 0.07050237 0.0
0.17118237 0.08026637 0.0
0.16493473 0.01330086 0.0
0.16493473 0.01330086 0.0
0.16493473 0.01330086 0.0
0.17375625 0.00892368 0.0
0.16470588 0.0 0.0
0.16470588 0.0 0.0
0.18041913 0.03931968 0.0
0.17166651 0.0352425 0.0
0.17166651 0.0352425 0.0
0.17166651 0.0352425 0.0
0.17903604 0.0290477 0.0
0.168612 0.02555849 0.0
0.168612 0.02555849 0.0
0.17728814 0.01751257 0.0
0.168612 0.02555849 0.0
0.17687284 0.07050237 0.0
0.16869577 0.06024299 0.0
0.16869577 0.06024299 0.0
0.16869577 0.06024299 0.0
0.17845093 0.05066621 0.0
0.16869577 0.06024299 0.0
0.17845093 0.05066621 0.0
0.18041913 0.03931968 0.0
0.17257366 0.09013215 0.0
0.17647059 0.1 0.0
0.17449603 0.095 0.0
0.17738733 0.095 0.0
0.17257366 0.09013215 0.0
0.18084094 0.08268629 0.0
0.17257366 0.09013215 0.0
0.17257366 0.09013215 0.0
0.18084094 0.08268629 0.0
0.17687284 0.07050237 0.0
0.17728814 0.01751257 0.0
0.17375625 0.00892368 0.0
0.17375625 0.00892368 0.0
0.17375625 0.00892368 0.0
0.17375625 0.00892368 0.0
0.17647059 0.0 0.0
0.18041913 0.03931968 0.0
0.17903604 0.0290477 0.0
0.17903604 0.0290477 0.0
0.17728814 0.01751257 0.0
0.17687284 0.07050237 0.0
0.18027347 0.06078602 0.0
0.18027347 0.06078602 0.0
0.17845093 0.05066621 0.0
0.17845093 0.05066621 0.0
0.17845093 0.05066621 0.0
0.17845093 0.05066621 0.0
0.18824278 0.0449785 0.0
0.18041913 0.03931968 0.0
0.18041913 0.03931968 0.0
0.18041913 0.03931968 0.0
0.17647059 0.1 0.0
0.18235294 0.09227639 0.0
0.18027862 0.095 0.0
0.17647059 0.1 0.0
0.18235294 0.095 0.0
0.17687284 0.07050237 0.0
0.17687284 0.07050237 0.0
0.17687284 0.07050237 0.0
0.18235294 0.09227639 0.0
0.18084094 0.08268629 0.0
0.18084094 0.08268629 0.0
0.18458102 0.0745688 0.0
0.17728814 0.01751257 0.0
0.18121714 0.00748157 0.0
0.18121714 0.00748157 0.0
0.17647059 0.0 0.0
0.17647059 0.0 0.0
0.18823529 0.03365052 0.0
0.17903604 0.0290477 0.0
0.17903604 0.0290477 0.0
0.17903604 0.0290477 0.0
0.18799517 0.02300245 0.0
0.17728814 0.01751257 0.0
0.17728814 0.01751257 0.0
0.17728814 0.01751257 0.0
0.18904412 0.06682526 0.0
0.18027347 0.06078602 0.0
0.18027347 0.06078602 0.0
0.18830372 0.05569329 0.0
0.18027347 0.06078602 0.0
0.18830372 0.05569329 0.0
0.18824278 0.0449785 0.0
0.18824278 0.0449785 0.0
0.18823529 0.03365052 0.0
0.18235294 0.09227639 0.0
0.18823529 0.1 0.0
0.18442726 0.095 0.0
0.18235294 0.09227639 0.0
0.18235294 0.09227639 0.0
0.18733687 0.095 0.0
0.18458102 0.0745688 0.0
0.18458102 0.0745688 0.0
0.18904412 0.06682526 0.0
0.18458102 0.0745688 0.0
0.19320653 0.08764103 0.0
0.18084094 0.08268629 0.0
0.19303143 0.07694847 0.0
0.18084094 0.08268629 0.0
0.18084094 0.08268629 0.0
0.18828423 0.01279133 0.0
0.18121714 0.00748157 0.0
0.18121714 0.00748157 0.0
0.18121714 0.00748157 0.0
0.18823529 0.0 0.0
0.18823529 0.03365052 0.0
0.18799517 0.02300245 0.0
0.18799517 0.02300245 0.0
0.18828423 0.01279133 0.0
0.18904412 0.06682526 0.0
0.18830372 0.05569329 0.0
0.18830372 0.05569329 0.0
0.18830372 0.05569329 0.0
0.18830372 0.05569329 0.0
0.19839698 0.05 0.0
0.18824278 0.0449785 0.0
0.18824278 0.0449785 0.0
0.18824278 0.0449785 0.0
0.19609938 0.03930931 0.0
0.18823529 0.03365052 0.0
0.18823529 0.03365052 0.0
0.18823529 0.03365052 0.0
0.19024648 0.095 0.0
0.18823529 0.1 0.0
0.19320653 0.08764103 0.0
0.18823529 0.1 0.0
0.19374904 0.095 0.0
0.19303143 0.07694847 0.0
0.18904412 0.06682526 0.0
0.19320653 0.08764103 0.0
0.19303143 0.07694847 0.0
0.18828423 0.01279133 0.0
0.18823529 0.0 0.0
0.19738051 0.02892844 0.0
0.18799517 0.02300245 0.0
0.18799517 0.02300245 0.0
0.18799517 0.02300245 0.0
0.19923129 0.01740916 0.0
0.18828423 0.01279133 0.0
0.18828423 0.01279133 0.0
0.18828423 0.01279133 0.0
0.18904412 0.06682526 0.0
0.19909457 0.06041488 0.0
0.19909457 0.06041488 0.0
0.19839698 0.05 0.0
0.19839698 0.05 0.0
0.19609938 0.03930931 0.0
0.19609938 0.03930931 0.0
0.19738051 0.02892844 0.0
0.18904412 0.06682526 0.0
0.1972516 0.095 0.0
0.20020131 0.095 0.0
0.2 0.1 0.0
0.20315103 0.095 0.0
0.2058093 0.095 0.0
0.19320653 0.08764103 0.0
0.19303143 0.07694847 0.0
0.19680702 0.00828751 0.0
0.18823529 0.0 0.0
0.19738051 0.02892844 0.0
0.19923129 0.01740916 0.0
0.19923129 0.01740916 0.0
0.19680702 0.00828751 0.0
0.19909457 0.06041488 0.0
0.19839698 0.05 0.0
0.19738051 0.02892844 0.0
0.19609938 0.03930931 0.0
0.20158609 0.07095353 0.0
0.20574906 0.09087748 0.0
0.21176471 0.1 0.0
0.21386146 0.095 0.0
0.20846757 0.095 0.0
0.20416788 0.08052385 0.0
0.2176701 0.095 0.0
0.21116451 0.095 0.0
0.22147875 0.095 0.0
0.22399646 0.095 0.0
0.2079446 0.06458791 0.0
0.22352941 0.1 0.0
0.22651416 0.095 0.0
0.2296138 0.095 0.0
0.23271343 0.095 0.0
0.2351817 0.095 0.0
0.19680702 0.00828751 0.0
0.18823529 0.0 0.0
0.19923129 0.01740916 0.0
0.20796204 0.05569939 0.0
0.20802202 0.04505834 0.0
0.20773037 0.02536052 0.0
0.20512892 0.03505444 0.0
0.21262276 0.07343952 0.0
0.21771243 0.0858168 0.0
0.22983884 0.08943056 0.0
0.21646747 0.06279039 0.0
0.23529412 0.1 0.0
0.23764997 0.095 0.0
0.23979787 0.095 0.0
0.23900496 0.09212421 0.0
0.24194577 0.095 0.0
0.24442993 0.095 0.0
0.20593164 0.00650759 0.0
0.2 0.0 0.0
0.21166326 0.01463491 0.0
0.21757339 0.02395779 0.0
0.21784658 0.0513448 0.0
0.21774647 0.03585749 0.0
0.22355772 0.07269799 0.0
0.22985251 0.08027762 0.0
0.23966447 0.08268629 0.0
0.22754128 0.06024279 0.0
0.24705882 0.1 0.0
0.2469141 0.095 0.0
0.24992271 0.095 0.0
0.24676258 0.08976535 0.0
0.25293132 0.095 0.0
0.25542036 0.095 0.0
0.21696386 0.00674156 0.0
0.21176471 0.0 0.0
0.22375204 0.01308186 0.0
0.22724256 0.02570935 0.0
0.2277405 0.04558055 0.0
0.23049004 0.0352425 0.0
0.23618107 0.07126586 0.0
0.24704332 0.07645075 0.0
0.23890368 0.06082901 0.0
0.23727446 0.05066621 0.0
0.25882353 0.1 0.0
0.2619901 0.095 0.0
0.25790941 0.095 0.0
0.26509026 0.095 0.0
0.25994975 0.095 0.0
0.27058824 0.1 0.0
0.27280154 0.095 0.0
0.26819043 0.095 0.0
0.27521147 0.095 0.0
0.27049598 0.095 0.0
0.25607683 0.08497628 0.0
0.27762141 0.095 0.0
0.27967889 0.095 0.0
0.28173637 0.095 0.0
0.28377044 0.095 0.0
0.28235294 0.1 0.0
0.2858045 0.095 0.0
0.28847213 0.095 0.0
0.22352941 0.0 0.0
0.2326616 0.00918625 0.0
0.23526934 0.01845164 0.0
0.23746953 0.02902618 0.0
0.23924266 0.03931968 0.0
0.25611637 0.0727211 0.0
0.24666698 0.06631741 0.0
0.24685462 0.05565275 0.0
0.24706631 0.0449785 0.0
0.26551857 0.08942856 0.0
0.27433762 0.09152989 0.0
0.26669139 0.07786365 0.0
0.26430698 0.06938475 0.0
0.28064785 0.08617267 0.0
0.3034081 0.095 0.0
0.29411765 0.1 0.0
0.28866865 0.09085093 0.0
0.30046104 0.095 0.0
0.29505654 0.095 0.0
0.29113975 0.095 0.0
0.29775879 0.095 0.0
0.29309815 0.095 0.0
0.24348658 0.01089516 0.0
0.23529412 0.0 0.0
0.30635517 0.095 0.0
0.30588235 0.1 0.0
0.30930223 0.095 0.0
0.24565194 0.02302843 0.0
0.24732742 0.03405968 0.0
0.25790104 0.06129309 0.0
0.2680685 0.06248468 0.0
0.2569334 0.04935571 0.0
0.25565819 0.03952315 0.0
0.3122493 0.095 0.0
0.3149607 0.095 0.0
0.27565817 0.0593996 0.0
0.27644276 0.07976302 0.0
0.27508608 0.0688226 0.0
0.28766653 0.08243171 0.0
0.30682988 0.08997994 0.0
0.29698172 0.0847476 0.0
0.2551192 0.01745348 0.0
0.25412627 0.00814431 0.0
0.24705882 0.0 0.0
0.31764706 0.1 0.0
0.3176721 0.095 0.0
0.32070802 0.095 0.0
0.26275195 0.02077466 0.0
0.25949285 0.02908959 0.0
0.2678664 0.05231131 0.0
0.26530144 0.04039753 0.0
0.2777227 0.05134584 0.0
0.32374394 0.095 0.0
0.32611988 0.095 0.0
0.3176988 0.08966714 0.0
0.28568788 0.06011994 0.0
0.28942542 0.07343163 0.0
0.30927507 0.0817494 0.0
0.301226 0.07489397 0.0
0.26614324 0.0123729 0.0
0.25882353 0.0 0.0
0.32849582 0.095 0.0
0.33035232 0.095 0.0
0.32941176 0.1 0.0
0.33220883 0.095 0.0
0.33493594 0.095 0.0
0.34878381 0.095 0.0
0.27025252 0.02418269 0.0
0.2756999 0.0174105 0.0
0.27348544 0.0334452 0.0
0.27564342 0.04250518 0.0
0.28608507 0.04734784 0.0
0.29407414 0.05560353 0.0
0.32669168 0.08515144 0.0
0.31780621 0.08020364 0.0
0.29917962 0.06325122 0.0
0.31122718 0.07215443 0.0
0.28339992 0.01615521 0.0
0.27686234 0.00910503 0.0
0.27058824 0.0 0.0
0.34117647 0.1 0.0
0.33462637 0.09067843 0.0
0.34643459 0.095 0.0
0.34164723 0.095 0.0
0.33766306 0.095 0.0
0.34404091 0.095 0.0
0.33965515 0.095 0.0
0.35113303 0.095 0.0
0.35355122 0.095 0.0
0.35294118 0.1 0.0
0.35596942 0.095 0.0
0.3584563 0.095 0.0
0.34993077 0.09167545 0.0
0.28184148 0.02523666 0.0
0.28194866 0.03564377 0.0
0.29666587 0.04841618 0.0
0.29203426 0.03941445 0.0
0.30541275 0.05263075 0.0
0.33483556 0.08171032 0.0
0.32413831 0.07229579 0.0
0.3133533 0.06158102 0.0
0.37690599 0.095 0.0
0.37647059 0.1 0.0
0.37845299 0.095 0.0
0.38 0.095 0.0
0.37411543 0.095 0.0
0.38823529 0.1 0.0
0.29171214 0.01872374 0.0
0.28821317 0.00803977 0.0
0.28235294 0.0 0.0
0.34258076 0.08508491 0.0
0.36470588 0.1 0.0
0.35818734 0.09133794 0.0
0.37132486 0.095 0.0
0.36594332 0.095 0.0
0.36094318 0.095 0.0
0.36863409 0.095 0.0
0.36344325 0.095 0.0
0.35476809 0.08195439 0.0
0.29521952 0.02903738 0.0
0.30201029 0.04056399 0.0
0.31980421 0.05309333 0.0
0.3133561 0.04460352 0.0
0.3370208 0.07303427 0.0
0.32757663 0.06173491 0.0
0.37729897 0.09048714 0.0
0.39034132 0.09044598 0.0
0.4 0.1 0.0
0.30208952 0.02187728 0.0
0.29950921 0.01199616 0.0
0.29411765 0.0 0.0
0.34877584 0.07117657 0.0
0.36884187 0.08328812 0.0
0.36088111 0.07327688 0.0
0.30876149 0.03078967 0.0
0.33061668 0.05045434 0.0
0.32325668 0.04230154 0.0
0.31790504 0.03543 0.0
0.34052651 0.0599507 0.0
0.38362382 0.08333333 0.0
0.39289366 0.08268558 0.0
0.4 0.08888889 0.0
0.31080546 0.01801103 0.0
0.31171529 0.00808194 0.0
0.30588235 0.0 0.0
0.35609103 0.06528503 0.0
0.35002176 0.06027123 0.0
0.37950482 0.07386262 0.0
0.3703841 0.07160245 0.0
0.36447212 0.06410812 0.0
0.33959903 0.0463913 0.0
0.32132743 0.02474433 0.0
0.33163422 0.03834582 0.0
0.32538939 0.03299161 0.0
0.33978267 0.03732849 0.0
0.34838631 0.05151051 0.0
0.38432974 0.0654669 0.0
0.39050317 0.07298191 0.0
0.4 0.07777778 0.0
0.33055022 0.01716047 0.0
0.32230946 0.01037687 0.0
0.31764706 0.0 0.0
0.35787512 0.0551429 0.0
0.37483835 0.06096145 0.0
0.3664128 0.05621475 0.0
0.34709814 0.04074609 0.0
0.33485386 0.027591 0.0
0.34532881 0.03203665 0.0
0.35576904 0.04359939 0.0
0.38402691 0.0570534 0.0
0.39194569 0.06109976 0.0
0.4 0.06666667 0.0
0.34076446 0.01737772 0.0
0.33522682 0.00849987 0.0
0.32941176 0.0 0.0
0.37881178 0.05004694 0.0
0.36451966 0.04489068 0.0
0.37055261 0.04940497 0.0
0.35333091 0.03373528 0.0
0.34714708 0.02359941 0.0
0.3634041 0.03557088 0.0
0.38409105 0.04343429 0.0
0.39003309 0.05000175 0.0
0.4 0.05555556 0.0
0.3526026 0.01629011 0.0
0.34698701 0.00821777 0.0
0.34117647 0.0 0.0
0.374614 0.03981947 0.0
0.35991928 0.02490477 0.0
0.37039939 0.02908553 0.0
0.38439402 0.03516032 0.0
0.39248802 0.0389404 0.0
0.4 0.04444444 0.0
0.36206282 0.01619176 0.0
0.35873496 0.00744926 0.0
0.35294118 0.0 0.0
0.37993562 0.0256078 0.0
0.37053287 0.02033788 0.0
0.39031848 0.02714012 0.0
0.4 0.03333333 0.0
0.3712804 0.01021155 0.0
0.36470588 0.0 0.0
0.38226667 0.01689365 0.0
0.3925704 0.01774699 0.0
0.4 0.02222222 0.0
0.38171886 0.00733184 0.0
0.37647059 0.0 0.0
0.39034132 0.00955402 0.0
0.4 0.01111111 0.0
0.38823529 0.0 0.0
0.4 0.0 0.0

CELLS 1491 6739
3 6 5 0 
4 5 0 4 1 
3 4 3 1 
4 3 1 9 2 
3 2 9 10 
4 4 3 13 11 
4 6 5 7 16 
3 7 17 16 
4 14 8 17 7 
3 15 14 8 
4 9 10 22 20 
3 12 11 13 
4 12 11 26 24 
4 13 12 32 29 
4 15 14 18 35 
4 17 16 37 33 
3 36 35 18 
4 18 36 19 40 
3 41 40 19 
3 20 22 23 
4 23 20 52 21 
3 21 52 54 
4 55 25 23 22 
3 26 27 24 
4 27 24 56 25 
3 25 56 55 
4 58 28 27 26 
3 59 58 28 
4 28 59 30 61 
3 32 31 29 
4 31 29 62 30 
3 30 62 61 
4 32 31 34 63 
3 33 37 38 
4 38 33 64 34 
3 64 63 34 
4 36 35 65 39 
4 66 39 38 37 
3 66 39 65 
4 41 40 42 68 
3 70 68 42 
3 43 71 73 
4 43 71 44 74 
3 75 74 44 
4 46 45 75 44 
3 47 46 45 
4 76 48 46 47 
3 48 77 76 
4 50 49 77 48 
3 51 50 49 
4 78 53 50 51 
4 52 54 79 53 
3 79 78 53 
4 56 55 57 82 
3 82 57 83 
4 57 83 60 84 
4 59 58 85 60 
3 84 60 85 
4 62 61 92 89 
4 64 63 96 93 
4 98 67 66 65 
3 67 99 98 
4 67 99 69 101 
4 70 68 102 69 
3 102 101 69 
4 72 108 73 71 
3 72 108 107 
4 86 104 72 107 
4 75 74 111 106 
4 77 76 80 113 
4 79 78 116 81 
3 113 80 114 
4 117 81 114 80 
3 117 81 116 
4 83 82 121 118 
4 85 84 125 122 
6 86 104 105 88 128 87 
3 86 104 105 
3 88 128 87 
3 89 92 91 
4 91 89 134 90 
3 134 133 90 
4 126 132 90 133 
4 92 91 94 136 
3 96 95 93 
4 95 93 137 94 
3 94 137 136 
4 96 95 97 139 
3 140 139 97 
4 141 100 140 97 
4 99 98 142 100 
3 100 142 141 
4 102 101 103 143 
3 145 143 103 
4 104 105 146 129 
3 110 106 111 
4 109 148 106 110 
4 108 107 109 149 
3 149 109 148 
4 111 110 112 151 
3 112 152 151 
4 112 152 115 153 
4 114 113 154 115 
3 154 153 115 
4 156 119 117 116 
3 121 120 118 
4 120 118 157 119 
3 119 157 156 
4 121 120 123 159 
3 125 124 122 
4 124 122 160 123 
3 123 160 159 
4 125 124 127 161 
3 126 132 131 
4 127 162 126 131 
3 162 161 127 
3 128 166 130 
6 129 146 147 128 166 130 
3 129 146 147 
4 132 131 169 163 
4 134 133 135 172 
3 173 172 135 
4 175 138 173 135 
4 137 136 176 138 
3 138 176 175 
4 140 139 179 177 
4 142 141 144 181 
4 145 143 182 144 
3 181 144 182 
4 146 147 167 184 
4 150 187 149 148 
3 187 186 150 
4 167 185 150 186 
4 152 151 192 189 
4 154 153 155 193 
3 194 193 155 
4 196 158 194 155 
4 157 156 197 158 
3 158 197 196 
4 160 159 201 198 
4 162 161 164 202 
3 169 170 163 
4 170 163 205 165 
3 203 202 164 
4 206 165 203 164 
3 165 205 206 
3 166 207 168 
6 167 185 184 166 207 168 
3 167 185 184 
4 212 171 170 169 
3 213 212 171 
4 171 213 174 215 
4 173 172 216 174 
3 215 174 216 
4 176 175 178 217 
3 180 177 179 
4 180 177 218 178 
3 217 178 218 
4 220 223 180 179 
4 182 181 183 224 
3 226 224 183 
4 185 184 227 208 
4 187 186 188 230 
3 229 230 188 
4 188 229 190 231 
3 192 191 189 
4 190 232 189 191 
3 190 232 231 
4 192 191 195 233 
4 194 193 234 195 
3 234 233 195 
4 197 196 199 235 
3 198 201 200 
4 200 198 236 199 
3 235 199 236 
4 201 200 204 237 
4 203 202 238 204 
3 237 204 238 
4 241 210 206 205 
6 208 227 228 207 243 209 
3 207 243 209 
3 208 227 228 
3 241 210 242 
4 210 242 211 246 
3 246 211 247 
4 211 247 214 248 
4 213 212 249 214 
3 248 214 249 
4 216 215 254 251 
4 218 217 219 255 
3 219 256 255 
4 219 256 221 258 
3 223 222 220 
4 222 220 259 221 
3 259 258 221 
4 223 222 225 260 
4 226 224 261 225 
3 261 260 225 
4 227 228 244 263 
4 244 264 230 229 
4 232 231 267 265 
4 234 233 270 268 
4 236 235 239 272 
4 238 237 275 240 
3 272 239 273 
4 276 240 273 239 
3 240 275 276 
4 242 241 279 277 
6 263 244 264 243 283 245 
3 243 283 245 
3 263 244 264 
4 247 246 286 281 
4 249 248 250 289 
3 250 290 289 
4 250 290 252 292 
3 251 254 253 
4 253 251 293 252 
3 293 292 252 
4 254 253 257 294 
4 256 255 295 257 
3 257 295 294 
4 259 258 300 297 
4 261 260 262 301 
3 303 301 262 
4 264 263 304 284 
3 265 267 266 
4 306 308 265 266 
4 267 266 269 310 
3 271 268 270 
4 271 268 311 269 
3 310 269 311 
4 313 274 271 270 
4 273 272 314 274 
3 314 313 274 
4 316 278 276 275 
3 279 280 277 
4 280 277 317 278 
3 278 317 316 
4 319 282 280 279 
3 281 286 287 
4 287 281 320 282 
3 320 319 282 
6 284 304 305 283 321 285 
3 283 321 285 
3 284 304 305 
4 324 288 287 286 
3 324 288 325 
4 288 325 291 326 
4 290 289 327 291 
3 291 327 326 
4 293 292 330 328 
4 295 294 296 332 
3 332 296 333 
4 296 333 298 335 
3 299 297 300 
4 299 297 336 298 
3 335 298 336 
4 300 299 302 337 
4 303 301 338 302 
3 337 302 338 
4 304 305 322 341 
3 308 307 306 
4 322 342 306 307 
4 308 307 309 343 
3 309 344 343 
4 309 344 312 345 
4 311 310 346 312 
3 346 345 312 
4 314 313 315 348 
3 315 349 348 
4 351 318 349 315 
4 317 316 352 318 
3 318 352 351 
4 320 319 355 353 
6 322 342 341 321 359 323 
3 321 359 323 
3 322 342 341 
4 325 324 363 340 
4 327 326 329 364 
3 331 328 330 
4 331 328 365 329 
3 364 329 365 
4 367 334 331 330 
4 333 332 368 334 
3 334 368 367 
4 336 335 373 370 
4 338 337 339 374 
3 376 374 339 
3 363 362 340 
4 362 340 378 357 
4 342 341 379 360 
4 344 343 383 381 
4 346 345 347 385 
3 386 385 347 
4 347 386 350 388 
4 349 348 389 350 
3 350 389 388 
4 352 351 354 390 
3 356 353 355 
4 356 353 391 354 
3 390 354 391 
4 394 358 356 355 
3 357 378 377 
4 358 395 357 377 
3 394 358 395 
6 360 379 380 359 396 361 
3 359 396 361 
3 360 379 380 
4 363 362 366 399 
4 365 364 400 366 
3 400 399 366 
4 368 367 369 401 
3 401 369 402 
4 369 402 371 403 
3 372 370 373 
4 372 370 404 371 
3 403 371 404 
4 373 372 375 405 
4 376 374 406 375 
3 406 405 375 
4 378 377 413 410 
4 379 380 397 416 
3 381 383 382 
4 397 417 381 382 
4 383 382 384 418 
3 418 384 419 
4 384 419 387 420 
4 386 385 421 387 
3 420 387 421 
4 389 388 392 422 
4 391 390 425 393 
3 422 392 423 
4 426 393 423 392 
3 426 393 425 
4 395 394 408 427 
6 416 397 417 396 430 398 
3 396 430 398 
3 416 397 417 
4 400 399 434 414 
4 402 401 438 435 
4 404 403 442 439 
4 406 405 407 443 
3 445 443 407 
3 408 428 427 
4 446 409 428 408 
3 409 447 446 
4 409 447 411 448 
3 410 413 412 
4 411 449 410 412 
3 449 448 411 
4 413 412 415 450 
3 433 414 434 
4 433 414 451 415 
3 450 415 451 
4 417 416 452 431 
4 419 418 456 454 
4 421 420 424 458 
4 423 422 459 424 
3 459 458 424 
4 461 429 426 425 
4 428 427 462 429 
3 429 462 461 
6 431 452 453 430 463 432 
3 430 463 432 
3 431 452 453 
4 434 433 436 466 
3 438 437 435 
4 437 435 467 436 
3 436 467 466 
4 438 437 440 468 
3 439 442 441 
4 441 439 469 440 
3 469 468 440 
4 442 441 444 470 
4 445 443 471 444 
3 470 444 471 
4 447 446 477 474 
4 449 448 481 478 
4 451 450 485 482 
4 452 453 464 488 
3 454 456 455 
4 464 489 454 455 
4 456 455 457 490 
3 490 457 491 
4 457 491 460 492 
4 459 458 493 460 
3 492 460 493 
4 462 461 473 495 
6 464 489 488 463 498 465 
3 463 498 465 
3 464 489 488 
4 467 466 501 486 
4 469 468 506 503 
4 471 470 472 508 
3 510 508 472 
3 495 473 496 
4 511 475 496 473 
3 474 477 476 
4 475 512 474 476 
3 511 475 512 
4 477 476 479 513 
3 480 478 481 
4 480 478 514 479 
3 513 479 514 
4 481 480 483 515 
3 485 484 482 
4 483 516 482 484 
3 483 516 515 
4 485 484 487 517 
3 486 501 502 
4 502 486 518 487 
3 518 517 487 
4 489 488 520 499 
4 491 490 524 522 
4 493 492 494 525 
3 494 526 525 
4 494 526 497 528 
4 496 495 529 497 
3 529 528 497 
6 499 520 521 498 532 500 
3 498 532 500 
3 499 520 521 
4 535 504 502 501 
3 505 503 506 
4 505 503 536 504 
3 535 504 536 
4 506 505 507 537 
3 507 538 537 
4 507 538 509 539 
4 510 508 540 509 
3 540 539 509 
4 512 511 543 530 
4 514 513 548 545 
4 516 515 519 550 
4 518 517 551 519 
3 550 519 551 
4 520 521 533 553 
3 523 522 524 
4 533 554 522 523 
4 524 523 527 555 
4 526 525 556 527 
3 527 556 555 
4 529 528 531 558 
3 543 542 530 
4 542 530 559 531 
3 559 558 531 
6 553 533 554 532 561 534 
3 532 561 534 
3 553 533 554 
4 536 535 566 564 
4 538 537 570 567 
4 540 539 541 571 
3 573 571 541 
4 543 542 544 574 
3 575 574 544 
4 544 575 546 576 
3 548 547 545 
4 547 545 577 546 
3 546 577 576 
4 548 547 549 578 
3 549 579 578 
4 549 579 552 580 
4 551 550 581 552 
3 581 580 552 
4 554 553 582 562 
4 556 555 557 585 
3 585 557 584 
4 557 584 560 587 
4 559 558 588 560 
3 587 560 588 
6 562 582 583 561 591 563 
3 561 591 563 
3 562 582 583 
3 566 565 564 
4 565 564 597 595 
4 566 565 568 599 
3 567 570 569 
4 568 600 567 569 
3 600 599 568 
4 570 569 572 602 
4 573 571 603 572 
3 602 572 603 
4 575 574 606 589 
4 577 576 611 608 
4 579 578 614 612 
4 581 580 594 616 
4 582 583 592 619 
4 586 622 585 584 
3 622 621 586 
4 592 620 586 621 
4 588 587 590 624 
3 605 589 606 
4 605 589 625 590 
3 624 590 625 
3 591 627 593 
6 592 620 619 591 627 593 
3 592 620 619 
3 617 616 594 
4 630 596 617 594 
3 595 597 598 
4 598 595 631 596 
3 631 630 596 
4 632 601 598 597 
4 600 599 633 601 
3 632 601 633 
4 603 602 604 635 
3 637 635 604 
4 606 605 607 638 
3 607 639 638 
4 607 639 609 640 
3 611 610 608 
4 610 608 641 609 
3 609 641 640 
4 611 610 613 642 
3 612 614 615 
4 615 612 643 613 
3 643 642 613 
4 646 618 615 614 
4 617 616 647 618 
3 646 618 647 
4 620 619 648 628 
4 622 621 623 651 
3 650 651 623 
4 623 650 626 652 
4 625 624 653 626 
3 626 653 652 
6 628 648 649 627 656 629 
3 627 656 629 
3 628 648 649 
4 631 630 664 661 
4 633 632 634 665 
3 665 634 666 
4 668 636 666 634 
4 637 635 669 636 
3 668 636 669 
4 639 638 671 654 
4 641 640 644 672 
4 643 642 675 645 
3 672 644 673 
4 676 645 673 644 
3 676 645 675 
4 647 646 659 677 
4 648 649 657 680 
4 657 681 651 650 
4 653 652 655 682 
3 654 671 670 
4 655 683 654 670 
3 682 655 683 
6 680 657 681 656 684 658 
3 656 684 658 
3 680 657 681 
3 659 678 677 
4 689 660 678 659 
3 690 689 660 
4 660 690 662 691 
3 664 663 661 
4 663 661 692 662 
3 662 692 691 
4 664 663 667 693 
4 666 665 694 667 
3 694 693 667 
4 669 668 687 696 
4 671 670 674 699 
4 673 672 700 674 
3 699 674 700 
4 701 679 676 675 
4 678 677 702 679 
3 679 702 701 
4 681 680 706 685 
4 683 682 711 708 
6 685 706 707 684 714 686 
3 684 714 686 
3 685 706 707 
3 687 697 696 
4 687 697 688 717 
3 718 717 688 
4 690 689 720 704 
4 692 691 724 721 
4 694 693 695 725 
3 726 725 695 
4 695 726 698 728 
4 697 696 729 698 
3 698 729 728 
4 700 699 733 712 
4 702 701 703 735 
3 735 703 736 
4 703 736 705 738 
3 720 719 704 
4 705 739 704 719 
3 705 739 738 
4 706 707 715 740 
3 711 710 708 
4 709 743 708 710 
3 709 743 742 
4 715 741 709 742 
4 711 710 713 745 
3 733 732 712 
4 713 746 712 732 
3 746 745 713 
3 714 748 716 
6 715 741 740 714 748 716 
3 715 741 740 
4 718 717 752 730 
4 720 719 722 754 
3 724 723 721 
4 723 721 755 722 
3 722 755 754 
4 724 723 727 756 
4 726 725 757 727 
3 757 756 727 
4 729 728 731 758 
3 752 751 730 
4 731 759 730 751 
3 731 759 758 
4 733 732 734 760 
3 734 761 760 
4 734 761 737 762 
4 736 735 763 737 
3 763 762 737 
4 739 738 767 765 
4 741 740 771 749 
4 743 742 744 774 
3 774 744 773 
4 744 773 747 776 
4 746 745 777 747 
3 776 747 777 
6 749 771 772 748 778 750 
3 748 778 750 
3 749 771 772 
4 752 751 753 785 
3 787 785 753 
4 755 754 789 769 
4 757 756 792 790 
4 759 758 784 794 
4 761 760 798 782 
4 763 762 764 799 
3 800 799 764 
4 802 766 800 764 
3 765 767 768 
4 768 765 803 766 
3 803 802 766 
4 804 770 768 767 
3 769 789 788 
4 770 805 769 788 
3 804 770 805 
4 771 772 779 806 
4 775 809 774 773 
3 809 808 775 
4 808 775 807 779 
4 777 776 781 810 
3 778 812 780 
6 779 807 806 778 812 780 
3 779 807 806 
3 781 811 810 
4 781 811 783 816 
3 782 798 797 
4 783 817 782 797 
3 817 816 783 
3 794 784 795 
4 784 795 786 819 
4 787 785 820 786 
3 819 786 820 
4 789 788 791 821 
3 793 790 792 
4 793 790 822 791 
3 821 791 822 
4 823 796 793 792 
4 795 794 824 796 
3 824 823 796 
4 798 797 801 825 
4 800 799 826 801 
3 825 801 826 
4 803 802 831 828 
4 805 804 835 832 
4 807 806 838 813 
4 809 808 842 840 
4 811 810 815 844 
6 813 838 839 812 846 814 
3 812 846 814 
3 813 838 839 
3 844 815 843 
4 815 843 818 849 
4 817 816 850 818 
3 849 818 850 
4 820 819 855 852 
4 822 821 858 836 
4 824 823 851 859 
4 826 825 827 863 
3 827 864 863 
4 866 829 864 827 
3 830 828 831 
4 830 828 867 829 
3 867 866 829 
4 831 830 833 868 
3 835 834 832 
4 834 832 869 833 
3 833 869 868 
4 835 834 837 870 
3 858 857 836 
4 837 871 836 857 
3 871 870 837 
4 838 839 847 872 
3 841 840 842 
4 847 873 840 841 
4 842 841 845 874 
4 845 875 844 843 
3 845 875 874 
6 872 847 873 846 876 848 
3 846 876 848 
3 872 847 873 
4 850 849 862 880 
3 860 859 851 
4 851 860 853 883 
3 855 854 852 
4 854 852 884 853 
3 853 884 883 
4 855 854 856 886 
3 888 886 856 
4 858 857 861 891 
4 860 859 892 861 
3 892 891 861 
3 862 881 880 
4 862 881 865 894 
4 864 863 895 865 
3 895 894 865 
4 867 866 900 897 
4 869 868 904 901 
4 871 870 889 905 
4 873 872 908 877 
4 875 874 879 911 
6 877 908 909 876 913 878 
3 876 913 878 
3 877 908 909 
3 911 879 910 
4 879 910 882 916 
4 881 880 917 882 
3 882 917 916 
4 884 883 885 918 
3 885 919 918 
4 885 919 887 920 
4 888 886 921 887 
3 921 920 887 
3 906 905 889 
4 923 890 906 889 
3 923 890 924 
4 890 924 893 925 
4 892 891 926 893 
3 925 893 926 
4 895 894 896 930 
3 931 930 896 
4 896 931 898 933 
3 900 899 897 
4 899 897 934 898 
3 898 934 933 
4 900 899 902 935 
3 901 904 903 
4 903 901 936 902 
3 936 935 902 
4 904 903 907 937 
4 906 905 938 907 
3 937 907 938 
4 908 909 914 941 
4 912 944 911 910 
3 944 943 912 
4 914 942 912 943 
3 913 945 915 
6 914 942 941 913 945 915 
3 914 942 941 
4 917 916 929 949 
4 919 918 953 927 
4 921 920 922 955 
3 957 955 922 
4 924 923 958 939 
4 926 925 928 961 
3 927 953 952 
4 928 962 927 952 
3 962 961 928 
3 949 929 950 
4 929 950 932 964 
4 931 930 965 932 
3 964 932 965 
4 934 933 969 966 
4 936 935 972 970 
4 938 937 940 974 
3 939 958 959 
4 959 939 975 940 
3 975 974 940 
4 942 941 977 946 
4 944 943 948 980 
6 946 977 978 945 981 947 
3 945 981 947 
3 946 977 978 
3 979 980 948 
4 948 979 951 984 
4 950 949 985 951 
3 951 985 984 
4 953 952 954 986 
3 986 954 987 
4 954 987 956 988 
4 957 955 989 956 
3 988 956 989 
4 991 960 959 958 
3 991 960 992 
4 960 992 963 993 
4 962 961 994 963 
3 993 963 994 
4 965 964 967 998 
3 966 969 968 
4 968 966 999 967 
3 967 999 998 
4 969 968 971 1001 
3 973 970 972 
4 973 970 1002 971 
3 1001 971 1002 
4 1003 976 973 972 
4 975 974 1004 976 
3 1003 976 1004 
4 977 978 982 1005 
4 982 1006 980 979 
6 1005 982 1006 981 1007 983 
3 981 1007 983 
3 1005 982 1006 
4 985 984 997 1010 
4 987 986 1013 995 
4 989 988 990 1014 
3 1016 1014 990 
4 992 991 1022 1019 
4 994 993 996 1023 
3 995 1013 1012 
4 996 1024 995 1012 
3 1023 996 1024 
3 1010 997 1011 
4 997 1011 1000 1026 
4 999 998 1027 1000 
3 1000 1027 1026 
4 1002 1001 1031 1028 
4 1004 1003 1017 1032 
4 1006 1005 1035 1008 
6 1008 1035 1036 1007 1037 1009 
3 1007 1037 1009 
3 1008 1035 1036 
4 1011 1010 1043 1040 
4 1013 1012 1015 1044 
4 1016 1014 1045 1015 
3 1044 1015 1045 
3 1017 1033 1032 
4 1046 1018 1033 1017 
3 1047 1046 1018 
4 1018 1047 1020 1048 
3 1022 1021 1019 
4 1021 1019 1049 1020 
3 1020 1049 1048 
4 1022 1021 1025 1050 
4 1024 1023 1051 1025 
3 1051 1050 1025 
4 1027 1026 1029 1053 
3 1030 1028 1031 
4 1030 1028 1054 1029 
3 1053 1029 1054 
4 1031 1030 1034 1056 
4 1033 1032 1057 1034 
3 1034 1057 1056 
4 1035 1036 1039 1061 
3 1037 1063 1038 
6 1039 1062 1061 1037 1063 1038 
3 1039 1062 1061 
4 1066 1041 1062 1039 
3 1043 1042 1040 
4 1041 1067 1040 1042 
3 1041 1067 1066 
4 1043 1042 1052 1069 
4 1045 1044 1076 1073 
4 1047 1046 1079 1059 
4 1049 1048 1083 1080 
4 1051 1050 1072 1084 
3 1070 1069 1052 
4 1087 1055 1070 1052 
4 1054 1053 1088 1055 
3 1088 1087 1055 
4 1057 1056 1058 1090 
3 1090 1058 1091 
4 1058 1091 1060 1093 
3 1079 1078 1059 
4 1060 1094 1059 1078 
3 1060 1094 1093 
4 1062 1061 1095 1064 
6 1064 1095 1096 1063 1097 1065 
3 1063 1097 1065 
3 1064 1095 1096 
4 1067 1066 1068 1101 
3 1101 1068 1100 
4 1068 1100 1071 1103 
4 1070 1069 1104 1071 
3 1103 1071 1104 
3 1085 1084 1072 
4 1072 1085 1074 1105 
3 1076 1075 1073 
4 1075 1073 1106 1074 
3 1074 1106 1105 
4 1076 1075 1077 1108 
3 1110 1108 1077 
4 1079 1078 1081 1111 
3 1083 1082 1080 
4 1082 1080 1112 1081 
3 1081 1112 1111 
4 1083 1082 1086 1113 
4 1085 1084 1114 1086 
3 1114 1113 1086 
4 1088 1087 1089 1115 
3 1089 1116 1115 
4 1117 1092 1116 1089 
4 1091 1090 1118 1092 
3 1118 1117 1092 
4 1094 1093 1123 1120 
4 1095 1096 1099 1126 
3 1097 1128 1098 
6 1099 1127 1126 1097 1128 1098 
3 1099 1127 1126 
4 1099 1127 1102 1134 
4 1102 1135 1101 1100 
3 1135 1134 1102 
4 1104 1103 1131 1136 
4 1106 1105 1107 1138 
3 1107 1139 1138 
4 1107 1139 1109 1140 
4 1110 1108 1141 1109 
3 1141 1140 1109 
4 1112 1111 1144 1124 
4 1114 1113 1148 1145 
4 1116 1115 1152 1132 
4 1118 1117 1119 1153 
3 1154 1153 1119 
4 1156 1121 1154 1119 
3 1120 1123 1122 
4 1122 1120 1157 1121 
3 1157 1156 1121 
4 1123 1122 1125 1158 
3 1124 1144 1143 
4 1125 1159 1124 1143 
3 1158 1125 1159 
4 1127 1126 1160 1129 
6 1129 1160 1161 1128 1162 1130 
3 1128 1162 1130 
3 1129 1160 1161 
3 1131 1137 1136 
4 1167 1133 1137 1131 
3 1132 1152 1151 
4 1151 1132 1168 1133 
3 1168 1167 1133 
4 1135 1134 1171 1164 
4 1137 1136 1166 1173 
4 1139 1138 1176 1149 
4 1141 1140 1142 1177 
3 1179 1177 1142 
4 1144 1143 1146 1180 
3 1147 1145 1148 
4 1147 1145 1181 1146 
3 1180 1146 1181 
4 1148 1147 1150 1182 
3 1149 1176 1175 
4 1175 1149 1183 1150 
3 1183 1182 1150 
4 1152 1151 1155 1184 
4 1154 1153 1185 1155 
3 1184 1155 1185 
4 1157 1156 1190 1187 
4 1159 1158 1194 1191 
4 1160 1161 1163 1198 
6 1198 1163 1199 1162 1197 1165 
3 1162 1197 1165 
3 1198 1163 1199 
4 1163 1199 1164 1170 
3 1170 1164 1171 
3 1173 1166 1172 
4 1166 1172 1169 1202 
4 1168 1167 1203 1169 
3 1202 1169 1203 
4 1171 1170 1174 1204 
4 1174 1205 1173 1172 
3 1174 1205 1204 
4 1176 1175 1178 1206 
4 1179 1177 1207 1178 
3 1206 1178 1207 
4 1181 1180 1209 1195 
4 1183 1182 1213 1210 
4 1185 1184 1186 1216 
3 1186 1217 1216 
4 1218 1188 1217 1186 
3 1189 1187 1190 
4 1189 1187 1219 1188 
3 1219 1218 1188 
4 1190 1189 1192 1220 
3 1194 1193 1191 
4 1193 1191 1221 1192 
3 1192 1221 1220 
4 1194 1193 1196 1222 
3 1209 1208 1195 
4 1196 1223 1195 1208 
3 1223 1222 1196 
6 1200 1230 1227 1197 1225 1201 
3 1197 1225 1201 
4 1199 1198 1230 1200 
3 1200 1230 1227 
4 1203 1202 1224 1231 
4 1205 1204 1231 1230 
4 1207 1206 1233 1214 
4 1209 1208 1211 1234 
3 1212 1210 1213 
4 1212 1210 1235 1211 
3 1235 1234 1211 
4 1213 1212 1215 1236 
3 1233 1232 1214 
4 1232 1214 1237 1215 
3 1215 1237 1236 
4 1217 1216 1238 1224 
4 1219 1218 1239 1238 
4 1221 1220 1241 1239 
4 1223 1222 1240 1241 
3 1238 1242 1224 
3 1224 1242 1231 
3 1225 1228 1226 
6 1230 1243 1227 1225 1228 1226 
3 1230 1243 1227 
3 1227 1243 1244 
6 1227 1243 1244 1228 1246 1229 
3 1228 1246 1229 
3 1247 1243 1230 
3 1230 1231 1247 
3 1231 1242 1247 
4 1233 1232 1259 1258 
4 1235 1234 1260 1240 
4 1237 1236 1258 1260 
3 1239 1261 1238 
3 1238 1261 1252 
3 1252 1242 1238 
3 1239 1241 1262 
3 1262 1261 1239 
3 1264 1241 1240 
3 1240 1263 1264 
3 1260 1263 1240 
3 1262 1241 1264 
3 1265 1242 1252 
3 1247 1242 1265 
3 1266 1243 1247 
3 1244 1243 1266 
6 1244 1243 1266 1246 1245 1249 
3 1244 1266 1253 
6 1244 1266 1253 1245 1250 1248 
3 1246 1245 1249 
3 1245 1250 1248 
3 1247 1265 1266 
6 1266 1267 1253 1250 1254 1251 
3 1250 1254 1251 
3 1252 1261 1268 
3 1252 1268 1265 
3 1266 1267 1253 
3 1253 1267 1269 
6 1253 1267 1269 1254 1256 1255 
3 1254 1256 1255 
6 1267 1272 1269 1256 1270 1257 
3 1256 1270 1257 
3 1276 1258 1259 
3 1258 1275 1260 
3 1276 1275 1258 
3 1277 1263 1260 
3 1260 1275 1277 
3 1279 1261 1262 
3 1268 1261 1279 
3 1280 1262 1264 
3 1279 1262 1280 
3 1264 1263 1280 
3 1280 1263 1278 
3 1278 1263 1277 
3 1266 1265 1281 
3 1265 1268 1281 
3 1266 1282 1267 
3 1281 1282 1266 
3 1267 1282 1283 
3 1267 1272 1269 
3 1283 1272 1267 
3 1284 1268 1279 
3 1281 1268 1284 
3 1269 1272 1285 
6 1269 1272 1285 1270 1273 1271 
3 1270 1273 1271 
3 1288 1272 1283 
3 1285 1272 1288 
6 1285 1272 1288 1273 1286 1274 
3 1273 1286 1274 
3 1292 1275 1276 
3 1277 1275 1291 
3 1291 1275 1292 
3 1278 1277 1293 
3 1277 1291 1293 
3 1278 1294 1280 
3 1293 1294 1278 
3 1280 1295 1279 
3 1279 1295 1284 
3 1296 1295 1280 
3 1280 1294 1296 
3 1284 1297 1281 
3 1297 1282 1281 
3 1283 1282 1297 
3 1297 1298 1283 
3 1283 1298 1288 
3 1284 1295 1300 
3 1300 1299 1284 
3 1284 1299 1297 
3 1285 1288 1301 
6 1285 1288 1301 1286 1289 1287 
3 1286 1289 1287 
3 1288 1298 1311 
3 1301 1288 1311 
6 1301 1288 1311 1289 1303 1290 
3 1289 1303 1290 
3 1319 1291 1292 
3 1293 1291 1319 
3 1319 1320 1293 
3 1321 1294 1293 
3 1293 1320 1321 
3 1321 1322 1294 
3 1294 1322 1296 
3 1296 1323 1295 
3 1295 1323 1300 
3 1322 1323 1296 
3 1325 1298 1297 
3 1297 1299 1325 
3 1311 1298 1324 
3 1324 1298 1325 
3 1326 1299 1300 
3 1325 1299 1326 
3 1300 1323 1327 
3 1327 1326 1300 
6 1311 1328 1301 1303 1302 1305 
3 1311 1328 1301 
3 1301 1328 1306 
6 1301 1328 1306 1302 1308 1304 
3 1303 1302 1305 
3 1302 1308 1304 
6 1328 1329 1306 1308 1307 1310 
3 1328 1329 1306 
3 1306 1329 1316 
6 1306 1329 1316 1307 1312 1309 
3 1308 1307 1310 
3 1307 1312 1309 
3 1330 1328 1311 
3 1311 1324 1330 
6 1316 1329 1332 1312 1314 1313 
3 1312 1314 1313 
6 1332 1335 1316 1314 1317 1315 
3 1314 1317 1315 
3 1316 1329 1332 
3 1332 1335 1316 
3 1316 1335 1334 
6 1316 1335 1334 1317 1338 1318 
3 1317 1338 1318 
3 1342 1320 1319 
3 1321 1320 1341 
3 1341 1320 1342 
3 1346 1322 1321 
3 1341 1346 1321 
3 1347 1323 1322 
3 1347 1322 1346 
3 1327 1323 1347 
3 1325 1348 1324 
3 1348 1331 1324 
3 1324 1331 1330 
3 1326 1348 1325 
3 1350 1326 1327 
3 1350 1348 1326 
3 1347 1351 1327 
3 1327 1351 1350 
3 1328 1355 1329 
3 1330 1355 1328 
3 1329 1355 1332 
3 1330 1331 1356 
3 1356 1355 1330 
3 1349 1331 1348 
3 1356 1331 1349 
3 1332 1357 1335 
3 1332 1355 1357 
6 1334 1358 1344 1336 1343 1333 
3 1336 1343 1333 
3 1334 1335 1359 
6 1334 1335 1359 1338 1337 1340 
3 1334 1358 1344 
3 1359 1358 1334 
6 1359 1358 1334 1337 1336 1339 
3 1335 1357 1359 
3 1337 1336 1339 
3 1338 1337 1340 
3 1362 1341 1342 
3 1362 1361 1341 
3 1360 1346 1341 
3 1341 1361 1360 
3 1343 1352 1345 
6 1344 1358 1363 1343 1352 1345 
3 1344 1358 1363 
3 1347 1346 1367 
3 1367 1346 1360 
3 1367 1351 1347 
3 1350 1368 1348 
3 1348 1368 1349 
3 1368 1354 1349 
3 1349 1354 1356 
3 1350 1351 1369 
3 1369 1368 1350 
3 1369 1351 1367 
6 1363 1358 1373 1352 1364 1353 
3 1352 1364 1353 
3 1370 1354 1368 
3 1374 1354 1370 
3 1356 1354 1374 
3 1375 1355 1356 
3 1357 1355 1375 
3 1375 1356 1374 
3 1359 1357 1375 
3 1376 1358 1359 
3 1373 1358 1376 
3 1363 1358 1373 
3 1375 1377 1359 
3 1359 1377 1376 
3 1360 1361 1378 
3 1378 1366 1360 
3 1360 1366 1367 
3 1379 1361 1362 
3 1378 1361 1379 
3 1363 1373 1382 
6 1363 1373 1382 1364 1371 1365 
3 1364 1371 1365 
3 1386 1366 1378 
3 1367 1366 1386 
3 1367 1388 1369 
3 1386 1388 1367 
3 1369 1389 1368 
3 1368 1389 1370 
3 1388 1389 1369 
3 1370 1389 1390 
3 1370 1390 1374 
6 1382 1373 1392 1371 1380 1372 
3 1371 1380 1372 
3 1376 1393 1373 
3 1373 1393 1392 
3 1382 1373 1392 
3 1390 1391 1374 
3 1375 1374 1394 
3 1374 1391 1394 
3 1394 1377 1375 
3 1377 1395 1376 
3 1395 1393 1376 
3 1394 1395 1377 
3 1398 1378 1379 
3 1398 1397 1378 
3 1378 1387 1386 
3 1397 1387 1378 
3 1380 1383 1381 
6 1392 1400 1382 1380 1383 1381 
3 1392 1400 1382 
3 1382 1400 1399 
6 1382 1400 1399 1383 1403 1384 
3 1383 1403 1384 
6 1399 1411 1408 1401 1406 1385 
3 1401 1406 1385 
3 1412 1388 1386 
3 1386 1387 1412 
3 1396 1387 1397 
3 1412 1387 1396 
3 1413 1389 1388 
3 1413 1388 1412 
3 1390 1389 1413 
3 1413 1415 1390 
3 1390 1415 1414 
3 1414 1391 1390 
3 1416 1391 1414 
3 1394 1391 1416 
3 1392 1393 1418 
3 1392 1417 1400 
3 1418 1417 1392 
3 1418 1393 1395 
3 1394 1416 1419 
3 1419 1395 1394 
3 1418 1395 1419 
3 1397 1427 1396 
3 1427 1426 1396 
3 1396 1426 1412 
3 1428 1397 1398 
3 1428 1427 1397 
3 1399 1400 1429 
6 1399 1400 1429 1403 1402 1405 
6 1429 1411 1399 1402 1401 1404 
3 1399 1411 1408 
3 1429 1411 1399 
3 1400 1417 1429 
3 1402 1401 1404 
3 1403 1402 1405 
3 1406 1409 1407 
6 1408 1411 1431 1406 1409 1407 
3 1408 1411 1431 
3 1408 1431 1430 
6 1408 1431 1430 1409 1434 1410 
3 1409 1434 1410 
3 1437 1411 1429 
3 1431 1411 1437 
3 1413 1412 1438 
3 1412 1426 1438 
3 1438 1415 1413 
3 1414 1415 1439 
3 1439 1416 1414 
3 1439 1415 1438 
3 1441 1416 1439 
3 1441 1440 1416 
3 1416 1440 1419 
3 1442 1417 1418 
3 1429 1417 1442 
3 1419 1443 1418 
3 1418 1443 1442 
3 1419 1440 1443 
6 1430 1444 1421 1432 1420 1424 
3 1432 1420 1424 
3 1420 1423 1422 
6 1421 1444 1425 1420 1423 1422 
3 1430 1444 1421 
3 1421 1444 1425 
3 1425 1444 1445 
3 1425 1445 1446 
3 1448 1426 1427 
3 1447 1426 1448 
3 1438 1426 1447 
3 1449 1427 1428 
3 1448 1427 1449 
3 1442 1450 1429 
3 1429 1450 1437 
3 1430 1431 1451 
6 1430 1431 1451 1434 1433 1436 
3 1451 1444 1430 
6 1451 1444 1430 1433 1432 1435 
3 1451 1431 1437 
3 1433 1432 1435 
3 1434 1433 1436 
3 1450 1452 1437 
3 1437 1452 1451 
3 1438 1447 1453 
3 1453 1439 1438 
3 1441 1439 1453 
3 1441 1455 1440 
3 1440 1455 1454 
3 1443 1440 1454 
3 1453 1456 1441 
3 1441 1456 1455 
3 1442 1443 1457 
3 1457 1450 1442 
3 1457 1443 1454 
3 1458 1444 1451 
3 1445 1444 1458 
3 1458 1459 1445 
3 1445 1459 1460 
3 1446 1445 1460 
3 1461 1447 1448 
3 1453 1447 1461 
3 1463 1448 1449 
3 1463 1462 1448 
3 1448 1462 1461 
3 1457 1465 1450 
3 1450 1465 1464 
3 1464 1452 1450 
3 1451 1452 1467 
3 1467 1466 1451 
3 1451 1466 1458 
3 1464 1468 1452 
3 1452 1468 1467 
3 1461 1470 1453 
3 1470 1456 1453 
3 1455 1471 1454 
3 1454 1471 1469 
3 1454 1469 1457 
3 1455 1456 1472 
3 1472 1471 1455 
3 1472 1456 1470 
3 1457 1469 1474 
3 1474 1465 1457 
3 1458 1466 1476 
3 1476 1459 1458 
3 1477 1459 1476 
3 1460 1459 1477 
3 1461 1462 1479 
3 1479 1470 1461 
3 1480 1462 1463 
3 1479 1462 1480 
3 1464 1465 1481 
3 1481 1468 1464 
3 1481 1465 1474 
3 1475 1466 1482 
3 1482 1466 1467 
3 1476 1466 1475 
3 1467 1468 1482 
3 1483 1468 1481 
3 1482 1468 1483 
3 1469 1471 1473 
3 1473 1484 1469 
3 1469 1484 1474 
3 1478 1470 1479 
3 1485 1470 1478 
3 1472 1470 1485 
3 1485 1471 1472 
3 1473 1471 1485 
3 1485 1486 1473 
3 1473 1486 1484 
3 1484 1487 1474 
3 1474 1487 1481 
3 1475 1488 1489 
3 1482 1488 1475 
3 1475 1489 1476 
3 1476 1489 1490 
3 1477 1476 1490 
3 1479 1492 1478 
3 1492 1491 1478 
3 1478 1491 1485 
3 1493 1479 1480 
3 1493 1492 1479 
3 1481 1487 1495 
3 1483 1481 1495 
3 1494 1488 1482 
3 1482 1496 1494 
3 1483 1496 1482 
3 1495 1496 1483 
3 1484 1486 1497 
3 1497 1487 1484 
3 1485 1491 1498 
3 1498 1486 1485 
3 1497 1486 1498 
3 1499 1487 1497 
3 1495 1487 1499 
3 1501 1488 1494 
3 1489 1488 1501 
3 1502 1489 1501 
3 1490 1489 1502 
3 1504 1491 1492 
3 1504 1503 1491 
3 1491 1503 1498 
3 1505 1492 1493 
3 1504 1492 1505 
3 1506 1500 1494 
3 1494 1496 1506 
3 1494 1500 1501 
3 1495 1499 1506 
3 1506 1496 1495 
3 1498 1507 1497 
3 1507 1499 1497 
3 1498 1503 1507 
3 1508 1499 1507 
3 1506 1499 1508 
3 1510 1500 1509 
3 1509 1500 1506 
3 1501 1500 1510 
3 1501 1510 1511 
3 1502 1501 1511 
3 1513 1503 1504 
3 1512 1503 1513 
3 1507 1503 1512 
3 1514 1504 1505 
3 1514 1513 1504 
3 1506 1515 1509 
3 1508 1515 1506 
3 1512 1516 1507 
3 1507 1516 1508 
3 1508 1516 1515 
3 1509 1515 1517 
3 1517 1510 1509 
3 1518 1510 1517 
3 1511 1510 1518 
3 1512 1513 1519 
3 1519 1516 1512 
3 1520 1513 1514 
3 1519 1513 1520 
3 1515 1516 1521 
3 1517 1515 1521 
3 1521 1516 1519 
3 1521 1522 1517 
3 1517 1522 1523 
3 1518 1517 1523 
3 1525 1519 1520 
3 1525 1524 1519 
3 1519 1524 1521 
3 1521 1524 1526 
3 1526 1522 1521 
3 1527 1522 1526 
3 1523 1522 1527 
3 1528 1524 1525 
3 1526 1524 1528 
3 1529 1526 1528 
3 1527 1526 1529 

CELL_TYPES 1491
5
2
5
2
5
2
2
5
2
5
2
5
2
2
2
2
5
2
5
5
2
5
2
5
2
5
2
5
2
5
2
5
2
5
2
5
2
2
5
2
5
5
2
5
2
5
2
5
2
5
2
2
5
2
5
2
2
5
2
2
2
5
2
2
5
2
5
2
2
2
2
5
2
5
2
2
2
5
21
5
2
5
2
2
5
2
5
2
5
2
2
5
2
5
2
5
2
2
5
2
5
2
2
5
2
5
2
5
2
5
2
5
2
5
2
5
21
2
5
2
2
5
2
2
5
2
2
2
5
2
2
5
2
2
2
5
2
2
5
2
2
5
2
5
2
5
21
2
5
2
5
2
2
5
2
5
2
5
2
2
5
2
2
5
2
5
2
5
2
2
5
2
5
2
5
2
2
5
2
2
21
5
5
2
5
2
2
5
2
2
5
2
5
2
5
2
2
5
2
2
2
2
2
2
5
2
5
2
2
21
5
2
2
5
2
5
2
5
2
2
5
2
2
5
2
5
2
2
5
2
5
2
2
5
2
5
2
5
2
5
2
5
2
21
5
2
5
2
2
5
2
2
5
2
5
2
5
2
2
5
2
5
2
2
5
2
2
5
2
5
2
2
5
2
2
21
5
2
2
5
2
5
2
2
5
2
2
5
5
2
2
2
2
5
2
2
5
2
5
2
5
2
5
2
5
2
21
5
2
2
5
2
5
2
5
2
5
2
2
5
2
2
5
2
2
5
2
2
5
2
2
5
2
5
2
2
21
5
2
2
2
2
5
5
2
5
2
5
2
5
2
5
2
5
2
2
2
2
5
2
2
5
2
21
5
2
5
2
5
2
5
2
5
2
2
5
2
2
2
2
5
2
2
5
2
2
5
2
2
21
5
2
2
2
5
5
2
5
2
5
2
5
2
5
2
5
2
5
2
5
2
5
2
2
2
5
2
2
5
2
21
5
2
5
2
5
2
5
2
2
5
2
2
2
2
5
2
5
2
2
2
5
2
5
2
5
2
21
5
2
2
2
5
2
5
2
5
2
5
2
5
2
2
5
2
2
5
2
2
5
2
21
5
5
2
2
5
2
5
2
2
5
2
2
2
2
2
2
5
2
2
5
2
5
21
2
5
5
2
5
2
5
2
2
5
2
5
2
5
2
5
2
5
2
5
2
5
2
2
5
2
2
5
2
2
5
2
21
5
2
2
5
2
2
5
2
2
2
5
2
5
2
2
2
2
5
2
5
2
21
5
5
2
5
2
5
2
5
2
2
5
2
2
2
5
2
2
5
2
2
2
21
5
5
2
5
2
2
2
5
2
2
5
2
2
5
2
5
2
5
2
5
2
5
2
2
5
2
5
21
2
5
2
2
5
2
5
2
2
5
2
5
2
5
2
5
2
2
5
2
2
2
5
2
2
5
2
21
5
2
5
2
2
2
2
2
5
2
5
2
5
2
5
2
5
2
2
5
2
2
21
2
5
5
2
5
2
5
5
2
2
5
2
5
2
5
2
2
5
2
2
5
2
2
2
2
2
2
21
5
5
2
2
5
2
2
2
2
5
2
5
2
5
2
5
2
5
2
5
2
5
2
5
2
2
2
5
2
21
5
2
5
2
5
2
5
2
5
2
2
5
5
2
2
5
2
2
2
2
2
2
21
5
5
2
2
5
2
5
2
2
5
5
2
5
2
2
5
2
5
2
5
2
5
2
5
2
5
2
2
5
2
2
5
2
21
2
5
2
2
2
5
2
2
5
2
5
5
2
2
5
2
2
2
5
2
5
2
2
2
21
5
5
2
2
5
2
5
2
2
5
2
5
2
2
5
2
5
2
5
2
5
2
5
2
2
5
2
2
2
21
5
2
2
2
5
2
2
5
2
5
5
2
2
5
2
2
2
2
21
5
2
2
2
5
5
2
5
2
5
2
5
2
2
5
2
5
2
5
2
2
5
2
21
2
5
2
5
2
5
2
2
2
2
2
5
2
2
5
2
5
2
5
2
5
2
2
21
5
2
5
2
2
5
5
2
5
2
5
2
5
2
5
2
5
2
2
5
2
5
2
2
5
2
2
21
2
5
2
2
5
2
2
5
2
2
5
2
2
2
2
5
2
5
2
5
2
5
2
5
2
2
21
5
5
2
5
2
5
2
2
2
2
5
2
5
2
5
2
5
2
5
2
2
5
2
2
2
2
21
5
2
5
5
2
2
5
2
2
5
2
2
5
2
2
2
5
2
5
2
5
2
5
2
5
2
5
2
5
2
21
2
5
2
2
2
2
5
2
5
2
5
2
5
2
2
2
2
5
5
21
2
5
5
2
21
5
5
5
2
2
2
5
5
5
5
5
5
5
5
5
5
5
5
5
2
5
2
21
21
5
2
21
5
5
5
5
2
21
2
21
5
5
5
5
5
5
5
5
5
5
5
5
5
5
5
5
5
5
5
5
5
5
2
21
5
5
2
21
5
5
5
5
5
5
5
5
5
5
5
5
5
5
5
5
5
5
5
5
2
21
5
5
2
21
5
5
5
5
5
5
5
5
5
5
5
5
5
5
5
5
5
5
2
5
5
2
21
21
2
5
5
2
21
21
5
5
2
21
2
21
5
5
5
2
21
5
5
5
5
5
5
5
5
5
5
5
5
5
5
5
5
5
5
5
5
5
5
5
5
5
2
21
5
2
5
5
2
5
21
21
5
5
5
5
21
2
5
5
5
5
5
5
5
5
5
5
5
2
21
5
5
5
5
5
5
5
5
5
5
5
5
5
5
5
5
5
5
2
21
5
5
5
5
5
5
5
5
5
2
21
5
5
5
5
5
5
5
5
5
5
5
5
5
5
21
2
5
5
2
21
2
21
5
5
5
5
5
5
5
5
5
5
5
5
5
5
5
5
5
5
5
5
5
5
5
5
5
2
2
5
5
5
21
21
21
2
5
5
2
21
5
5
5
5
5
5
5
5
5
5
5
5
5
5
5
5
2
21
21
2
5
5
5
5
5
5
5
5
5
5
5
5
2
5
2
5
21
21
5
5
5
5
5
5
5
5
5
5
5
5
5
5
5
5
5
5
5
5
5
5
5
5
5
5
5
5
5
5
5
5
5
5
5
5
5
5
5
5
5
5
5
5
5
5
5
5
5
5
5
5
5
5
5
5
5
5
5
5
5
5
5
5
5
5
5
5
5
5
5
5
5
5
5
5
5
5
5
5
5
5
5
5
5
5
5
5
5
5
5
5
5
5
5
5
5
5
5
5
5
5
5
5
5
5
5
5
5
5
5
5
5
5
5
5
5
5
5
5
5
5
5
5
5
5
5
5
5
5
5
5
5
5
5
5
5
5
5
5
5
5
5
5
5
5
5
5
5
5
5
5

POINT_DATA 1530
SCALARS ux float64 1
LOOKUP_TABLE default
0.0 0.0 0.0 1.39613151e-07 1.62060419e-07 1.543130057e-07 0.0 0.0 0.0 7.572434745e-08 0.0 4.203538316e-05 3.490453218e-05 1.987867187e-05 5.151874203e-08 0.0 2.40388375e-07 7.945875027e-08 0.0 0.0 0.0 0.0 1.214394843e-07 6.866858422e-08 4.206407456e-05 4.204742178e-05 3.497813753e-05 4.884213505e-05 3.502347147e-05 3.477140341e-05 3.503469744e-05 1.806610337e-05 2.05667289e-05 1.857432952e-05 2.0463632e-05 8.63107012e-07 -2.647553779e-06 4.99460853e-06 3.7665547e-06 5.529537327e-06 -2.348253827e-06 0.0 0.0 0.0 0.0 0.0 1.636115028e-07 0.0 0.0 0.0 -6.502205398e-09 0.0 2.347095342e-08 0.0 0.0 6.312236617e-05 4.879770043e-05 4.883022641e-05 4.884697045e-05 4.376297742e-05 4.88696815e-05 4.377938551e-05 1.801243813e-05 1.802907954e-05 3.262319856e-06 -4.32209763e-06 3.601918656e-06 -4.641552638e-06 -4.053197001e-06 -3.740362014e-06 -1.129270778e-05 2.04628715e-07 0.0 0.0 1.966287757e-07 1.903458428e-07 1.599750665e-07 -2.099510359e-08 9.018674853e-09 1.540441312e-08 -3.103610789e-08 -2.254304925e-08 6.358811412e-05 5.952386658e-05 5.958058836e-05 4.384298771e-05 0.0 2.263670428e-06 0.0 4.382562302e-05 4.388089463e-05 2.440900416e-05 1.801469406e-05 1.800505486e-05 1.804161392e-05 8.309305102e-06 3.278877476e-06 3.514069885e-06 3.673980037e-06 -9.699152236e-06 3.695107067e-06 -9.303321124e-06 -1.273203189e-05 -1.389367269e-05 1.997539416e-06 0.0 1.368418265e-06 8.800154817e-07 2.276968193e-07 1.41837773e-06 1.57855055e-06 -4.133798599e-08 1.691648659e-07 1.707466596e-07 -5.038604872e-08 2.141538011e-07 1.769884177e-07 -6.129535822e-09 6.357468196e-05 6.353410325e-05 7.432737336e-05 5.956339896e-05 5.959705788e-05 5.959553781e-05 6.205852219e-05 4.390113661e-05 4.393029575e-05 4.391444524e-05 8.654424504e-06 0.0 1.648469952e-05 5.084754042e-05 3.545105678e-05 3.541476724e-05 2.441942324e-05 2.444072343e-05 2.436845298e-05 8.257621107e-06 2.444635741e-05 8.140429937e-06 -9.443322977e-06 -9.150915434e-06 -1.020954487e-05 -9.831519716e-06 -1.016487535e-05 -2.308839659e-05 2.831943964e-05 4.412963519e-06 1.57737921e-06 3.366656119e-06 1.975079172e-05 1.525234084e-06 4.60499801e-07 4.572283952e-07 -7.935752078e-08 8.402762074e-05 8.412839179e-05 7.424965657e-05 8.410460152e-05 7.434637684e-05 6.20111032e-05 6.216291178e-05 5.081726552e-05 5.141856174e-05 5.120468118e-05 5.140076376e-05 2.620466222e-05 1.606165321e-05 3.599859495e-05 3.53774301e-05 5.114331436e-05 3.536634255e-05 3.543408162e-05 1.616350265e-05 3.545081484e-05 1.615564771e-05 8.106969287e-06 8.178250719e-06 8.102743914e-06 -9.866455973e-06 -6.180160446e-07 -9.367321419e-06 -2.406754272e-05 -2.493365564e-05 5.651365909e-05 2.811801093e-05 2.700166169e-05 -2.81379678e-06 0.0001061027596 0.0001008717766 0.0001008518379 0.0001001984497 9.938793419e-05 9.785313281e-05 8.95745655e-05 9.813723302e-05 8.962417611e-05 7.431765037e-05 7.434250443e-05 7.431977313e-05 7.551885991e-05 6.207414207e-05 6.209852689e-05 6.626303838e-05 6.210733142e-05 5.110384067e-05 6.860871246e-05 4.510792446e-05 6.521756281e-05 5.287512579e-05 5.422605421e-05 5.427000261e-05 5.154760127e-05 3.304549269e-05 5.428403235e-05 3.30512865e-05 1.61633105e-05 1.611555694e-05 -7.559041903e-07 -1.00374141e-06 -7.676302566e-07 -8.697531127e-07 -1.961440034e-05 -1.01047964e-05 -9.537274639e-06 -9.826134074e-06 -3.157830789e-05 4.639309497e-05 6.690440513e-05 8.256605602e-05 7.310342298e-05 0.0001026342873 0.0001000936705 0.0001057580433 8.950245979e-05 8.965541104e-05 7.548299718e-05 7.553789325e-05 6.616707744e-05 7.552065121e-05 7.553339329e-05 7.537578138e-05 6.823023682e-05 6.09323818e-05 7.322738605e-05 7.066361713e-05 6.824268372e-05 4.976075751e-05 4.978585708e-05 3.264712055e-05 3.394803556e-05 3.409148888e-05 3.406767695e-05 1.245883759e-05 1.588721091e-05 1.615889855e-05 -2.325885087e-06 1.605165168e-05 -2.468414374e-06 -2.008859186e-05 -1.961159416e-05 -3.231815997e-05 -3.314378896e-05 6.180834852e-05 8.237519337e-05 0.0001037984272 0.0001018764909 0.0001004441687 0.0001058775707 0.0001058395392 8.962160524e-05 9.947056289e-05 8.96934033e-05 8.329612203e-05 8.96532178e-05 6.617736307e-05 8.333855098e-05 7.540954704e-05 7.53975031e-05 6.821565184e-05 8.891222036e-05 6.826038687e-05 6.824991627e-05 8.001082266e-05 0.0001046272755 8.908324602e-05 4.979510913e-05 6.480121461e-05 5.012454095e-05 4.995261262e-05 2.952007936e-05 5.013506989e-05 2.958643126e-05 1.243752533e-05 1.248345017e-05 -2.386499553e-06 -2.88383041e-06 -2.573070933e-06 -2.729103014e-06 -2.365068046e-05 -2.053188143e-05 -2.004438772e-05 -2.044854147e-05 -3.98798711e-05 7.159233174e-05 0.0001079348898 0.0001037741989 0.0001052734676 0.00010193247 0.0001343588018 0.0001133424475 9.942561427e-05 0.0001344331477 9.954457069e-05 8.328106623e-05 0.0001008099699 0.0001007836092 8.890238898e-05 0.0001008076274 8.894438975e-05 6.47609658e-05 9.762119632e-05 9.976935452e-05 0.0001063789309 6.472040693e-05 4.093076685e-05 4.101710588e-05 2.946781056e-05 2.959434882e-05 2.952493209e-05 1.242579704e-05 1.939804442e-05 1.368854217e-05 -1.089410711e-06 1.351791517e-05 -1.245536238e-06 -2.415397438e-05 -2.378930301e-05 -4.062122977e-05 -4.137201464e-05 6.474506997e-05 0.0001102132213 0.0001064213037 0.0001387457189 0.0001337729959 0.0001338736109 0.0001282279505 0.0001257295264 0.0001257575157 0.0001104940713 0.0001257482733 0.0001105124996 8.891195718e-05 8.895782704e-05 8.893820232e-05 6.478080393e-05 9.414838531e-05 6.476160507e-05 6.463273604e-05 0.0001150174697 0.0001434439087 0.0001223707965 4.375235065e-05 4.09166549e-05 4.102443358e-05 1.927547701e-05 4.104525474e-05 2.197570649e-05 -1.00687735e-06 -2.032988782e-06 -1.285025773e-06 -1.328824522e-06 -3.095379013e-05 -2.466923518e-05 -2.41378392e-05 -2.448017101e-05 -4.819498121e-05 7.025336568e-05 4.370757849e-05 0.0001107288217 0.0001451197725 0.0001387314159 0.000138341824 0.0001341458996 0.0001460315743 0.0001460667872 0.0001316658245 0.0001460610575 0.0001316979168 0.0001105230755 0.000110543713 9.418623117e-05 0.0001105739975 0.0001105757939 9.485598524e-05 7.022794896e-05 0.0001299839156 0.0001348222063 0.0001392572733 4.386734439e-05 1.921886486e-05 2.583201324e-05 -5.184145873e-06 -5.332793595e-06 -3.137343409e-05 -3.106424558e-05 -4.895115132e-05 -4.971118601e-05 7.018569068e-05 7.019465545e-05 7.022075964e-05 7.02169937e-05 5.039281922e-05 4.371645594e-05 4.386406274e-05 4.383122696e-05 0.000143059837 0.0001399440903 0.0001644032613 0.0001449498921 0.0001449862875 0.0001317258012 0.0001317335171 0.0001219153984 0.0001317178338 9.418729314e-05 0.0001219263404 9.488626922e-05 9.360488236e-05 9.488817645e-05 0.0001476225503 0.0001817308067 0.0001547776276 2.847953042e-05 1.927044954e-05 2.590847989e-05 2.587737758e-05 1.054909369e-05 -5.253773137e-06 -5.262028456e-06 -5.429181233e-06 -2.792323055e-05 -3.190202193e-05 -3.147872451e-05 -3.191324699e-05 -5.671653552e-05 9.363706787e-05 6.908831163e-05 6.932773682e-05 5.036670318e-05 5.055961185e-05 2.843080532e-05 0.000137358137 0.0001838661768 0.0001647794658 0.000165815214 0.0001449016794 0.000145015769 0.0001450758694 0.0001220031977 0.0001450004753 0.0001241750846 9.364006759e-05 0.0001619903434 0.0001623580871 0.000170129072 3.952815378e-05 1.059883459e-05 1.091220582e-05 -2.827708751e-05 -2.810655302e-05 -5.749344663e-05 -5.826752509e-05 9.349845805e-05 9.362953838e-05 9.359439146e-05 8.810768e-05 6.905463403e-05 0.0001120618083 0.000112002297 9.427619597e-05 8.381651095e-05 8.383213033e-05 8.380000539e-05 6.739786189e-05 4.735042262e-05 4.714654089e-05 4.719318512e-05 0.0001795656883 0.0001670281947 0.0001658263775 0.0001466681638 0.0001467001611 0.00012242874 0.0001252684231 0.0001252455102 0.000115416056 0.0001252853659 0.0001774005621 0.0001902232721 0.0001835866168 1.112108253e-05 4.755928399e-05 1.104538848e-05 1.118334449e-05 -5.369139974e-06 -2.863388227e-05 -2.892779097e-05 -2.831728888e-05 -2.85482651e-05 -6.456250287e-05 0.0001154225319 8.792235071e-05 0.0001380432359 9.431376886e-05 9.462284549e-05 6.745237334e-05 6.780902731e-05 4.759497886e-05 6.770831952e-05 0.0001792635161 0.0001920957761 0.0001874476866 0.0001801412809 0.0001574704368 0.0001545461957 0.0001410424554 0.0001577546818 0.000141033974 0.0001154418406 0.0001155009311 0.0001149930218 0.0001897924696 0.0001866173233 0.0001968983532 4.754217441e-05 -5.619752415e-06 -5.457481826e-06 -3.783250663e-05 -3.782653857e-05 -6.522806393e-05 -6.604098938e-05 0.000122516129 8.785557805e-05 0.0001522953389 0.0001523693278 0.0001523164321 0.0001345369528 9.98923223e-05 0.0001000318712 9.548495102e-05 4.8167335e-05 9.990552423e-05 0.0002122006098 0.0001829419714 0.0001800829387 0.0001403240993 0.0001436976711 0.0001436406679 0.0001224646894 0.00014377279 0.0002041130734 0.0002153959966 0.00021123403 4.760847023e-05 1.008005089e-05 -5.691963464e-06 -5.463567227e-06 -5.598563061e-06 -2.50421134e-05 -3.825081229e-05 -3.805617357e-05 -3.840570692e-05 -7.202358651e-05 0.0002009766511 0.0001759388599 0.0001760750115 0.0001346106087 0.0001345260944 9.873677566e-05 9.881184661e-05 4.703290923e-05 0.0002050639686 0.0002182524056 0.0001563924681 0.0001805663856 0.0001966776163 0.0001563951683 0.0001224467067 0.0002008510425 0.0002008830665 0.000218982564 0.0001962643138 0.0002267700255 4.794008926e-05 4.795702266e-05 4.799279344e-05 9.930124704e-06 2.293939544e-05 9.955713112e-06 -2.519419126e-05 9.991246534e-06 -2.521536784e-05 -7.261188145e-05 -7.327313461e-05 0.0002137432813 0.0001760829515 0.0001761580576 0.0001761163697 0.0001760980833 0.0001559427857 0.0001346009378 0.0001345139739 0.0001345174686 9.873543879e-05 0.0001230493777 9.859383604e-05 7.065100955e-05 9.871713422e-05 0.000254888551 0.0002088662786 0.0002083290706 0.0001522566241 0.0002382876129 0.0002373090292 0.0002128849578 0.0002372000919 0.0002344415095 0.0002726000381 0.0002417859154 7.067692851e-05 2.291322558e-05 2.291952101e-05 -2.547772423e-05 -2.572347019e-05 -2.528840227e-05 -2.54566423e-05 -7.835054303e-05 0.0002141561912 0.000183799947 0.0001840602027 0.0001560035221 0.0001561469947 0.00012303396 0.0001560351488 0.0001561682701 0.0001230356403 7.06367659e-05 0.0002197513907 0.0002744354408 0.0002449631253 0.0002530716239 0.0002518808713 0.0002129180095 0.0002140830627 0.0002140771871 0.0002498647235 0.0002519119498 0.0002583219658 7.06522309e-05 7.069354071e-05 7.073838625e-05 7.073719108e-05 2.59712591e-05 2.288187115e-05 2.299065302e-05 -2.426995264e-05 2.303651726e-05 -2.464001415e-05 -7.893155062e-05 0.0002098633657 0.0001841019048 0.0001841191223 0.0001608884082 0.0001845934521 0.0001230132813 0.0001609878945 0.0001230341772 0.0001052711846 0.0001230100594 0.0002674725208 0.0002451854539 0.0002543591067 0.000209819434 0.0002654673762 0.0002908816851 0.0002726735932 -7.955228264e-05 -8.013502785e-05 0.0001052666817 6.547720748e-05 6.555454959e-05 2.598980938e-05 2.592515875e-05 -2.451813875e-05 -2.499691577e-05 -2.468639176e-05 -4.482291033e-05 -2.511025743e-05 0.0002135129742 0.0001607867686 0.0001609825101 0.0001051881586 0.0001051877388 0.0001052646664 0.0001052190568 0.0002389351999 0.0002938678091 0.0002548254376 0.0002547470506 0.0002344750342 0.0002102098075 0.0002137744297 0.0002138116699 0.0002797122181 0.0002509118844 0.0002864113719 -4.507650207e-05 -8.567188317e-05 8.66113709e-05 6.549085918e-05 6.552292321e-05 6.551723515e-05 4.208404968e-05 2.613099069e-05 2.681719524e-05 -5.629002427e-06 2.672450975e-05 -5.791417061e-06 -4.505260334e-05 -4.521411871e-05 -4.542993265e-05 0.000203813986 0.00016076446 0.000160307509 0.0001609701211 0.00012519314 0.0001609119673 0.000125221052 8.655897088e-05 0.0003066674114 0.0002686815262 0.0002676975303 0.0002344402929 0.0002486539095 0.0002425680899 0.0002038284265 0.0002485806702 0.0002923427066 0.0003236366043 0.0002981942897 -5.513975254e-05 -8.629816444e-05 -8.689082109e-05 8.66978226e-05 4.202172602e-05 4.436481107e-05 -5.564390603e-06 -5.791127019e-06 -5.514234349e-05 0.0002057505543 0.0001645005956 0.0001647108744 0.0001251602546 0.000125128803 0.0001252114218 0.0001251556892 8.656633947e-05 0.0001027014 8.666044013e-05 8.664014341e-05 0.0002731182127 0.000325993218 0.0002594278453 0.0002941283966 0.0002928636396 0.0002594742489 0.0002031031097 0.0003040963419 0.0002924601948 0.0003100249901 0.000206045554 0.0002059658507 0.0002061535242 -5.542798466e-05 -5.542502772e-05 -5.580664136e-05 -9.256012021e-05 5.989676744e-05 4.220351211e-05 4.607305279e-05 4.607810503e-05 -6.015425399e-06 1.800861385e-05 -5.839539557e-06 -3.046235911e-05 -6.105519273e-06 0.0001898663249 0.0001644093336 0.0001647701024 0.0001447967732 0.0001647752783 0.0001449165056 0.0001026717593 0.0001028810583 5.988744134e-05 0.0003274813757 0.0003015555536 0.0003008877672 0.0002640488613 0.0002595860432 0.0002239733791 0.0003158137949 0.0003428144543 0.0003209469334 0.0002239330751 0.0002239061384 0.0001897464066 0.000224079115 -3.073097291e-05 -9.307220005e-05 6.682456457e-05 1.804539268e-05 1.848557298e-05 -3.065433753e-05 0.0001898534889 0.0001447359496 0.0001908635825 0.0001908838669 0.0001909314234 0.0001612234795 0.0001343422243 0.0001344073481 0.0001344593032 0.0001039213829 7.52231251e-05 7.549796095e-05 7.568639385e-05 0.0003086052947 0.0003444103544 0.0003141230692 0.0002902872102 0.0002639459713 0.0002346471968 0.0002612476307 0.000263963132 0.0003260784366 0.0003150692595 0.0003318499528 0.0002346367031 0.0001896461609 -3.105360434e-05 -3.077956082e-05 -3.111456855e-05 -5.577678288e-05 -9.351977645e-05 -9.406877633e-05 4.935218274e-05 1.763510033e-05 1.881109745e-05 -1.043722333e-05 1.885665711e-05 0.0002479245018 0.000248003749 0.0002158911359 0.0002479807257 0.0002159111038 0.0001612363491 0.0001612231766 0.0001039559051 0.0001038430261 4.93213644e-05 0.0003608771453 0.0002902623994 0.0002902341917 0.0002339743904 0.0003379234386 0.0003742576797 0.0003442437272 0.0002986618272 0.0002977244236 0.0002688063394 0.0002976202808 -1.05119831e-05 -5.605079172e-05 -5.640488527e-05 -5.598453221e-05 -5.616651369e-05 -9.898719145e-05 4.949458163e-05 4.953395196e-05 4.908113984e-05 -1.058544274e-05 4.946651256e-05 0.0002689514635 0.0002160042618 0.0002158152022 0.0002159152572 0.0002158769564 0.0001914159083 0.0001612363464 0.0001612106097 0.0001612198499 0.0001341271971 0.0001039902386 0.0001039299973 8.166393503e-05 0.0001039786162 0.0002979581653 0.000376997675 0.0003103049184 0.0003332781728 0.0003332129675 0.0003508287365 0.0003327552236 0.000357120629 0.0003152355061 0.0002689004632 -1.054140972e-05 -6.789967739e-05 -6.785868945e-05 -9.950707541e-05 -9.996531408e-05 8.166452826e-05 3.014095268e-05 3.017423029e-05 -1.08043267e-05 -1.062850289e-05 -1.084844688e-05 0.0002698450853 0.0002698169911 0.0002390830878 0.0002698376173 0.0002391153009 0.0001914442159 0.0001914536008 0.0001341693765 0.0001341407079 8.171931441e-05 8.173432071e-05 8.173747526e-05 0.0003732402631 0.000344620279 0.0003443910455 0.0003102885334 0.0003630932323 0.0004027928498 0.0003689739991 0.0003186409101 0.0003180794014 0.0002828664032 0.0003179595113 -2.668989868e-05 -6.818439931e-05 -6.853419427e-05 -6.811148904e-05 -6.843343927e-05 -0.0001043990283 3.00823472e-05 8.636037381e-05 3.006487326e-05 3.013223449e-05 -2.671431556e-05 3.014662512e-05 0.0002829959045 0.0002391499677 0.0002391632317 0.0002391296948 0.0002287233659 0.0001914461403 0.0001914783749 0.0001914493861 0.0001341759718 0.0001685515289 0.0001341774638 8.640705147e-05 0.0001341724952 0.0003402378956 0.0004046983795 0.0003412303749 0.000362698717 0.0003748897905 0.0003623947302 0.000380600295 0.0003444508563 0.0002829189438 -2.683990075e-05 -7.014083993e-05 -7.018735666e-05 -0.0001047688114 -0.000105186784 8.637910993e-05 2.223116475e-05 2.222904054e-05 -2.691776568e-05 -2.699436833e-05 -2.712793372e-05 0.0002848597647 0.0002839335543 0.0002287012883 0.0002848730455 0.0002288111036 0.0001685637311 0.0001686026241 8.650975571e-05 0.0004028271246 0.0003412973839 0.0003854420582 0.0004183633921 0.0003904360887 0.0003503414985 0.0002811298068 -3.630202317e-05 -7.044800365e-05 -7.043866038e-05 -7.073502119e-05 -0.0001090960716 8.655986149e-05 8.63372543e-05 8.644043239e-05 8.643525202e-05 3.036770347e-05 2.21261848e-05 2.221774289e-05 -3.631490586e-05 2.219877849e-05 0.0002811615766 0.000228927851 0.0002290230344 0.0002289784774 0.0002155757607 0.0001685503291 0.0001686187475 0.0001386053073 0.0001685663047 0.0003371992936 0.0004205437197 0.0003952040128 0.000399679234 0.0003505574551 0.0003508958373 0.0003508727816 0.00032183899 0.0002813767405 -3.647266437e-05 -0.0001094522064 0.0001397161307 8.330790621e-05 8.329984833e-05 3.032516744e-05 3.028774142e-05 -3.655391914e-05 0.0002813877352 0.0002811787427 0.0002155265004 0.0002813784431 0.0002157401521 0.0001386046578 0.0001387270653 0.0001397534874 0.0001397356487 0.0004262323134 0.0003747015167 0.0004035405987 0.0004309417119 0.0004074010053 0.0003745707835 0.0003218593806 0.0003218819565 0.0003218771278 0.0002698409658 0.0003219583476 -3.679494786e-05 -3.65786756e-05 -3.685043055e-05 -6.269075991e-05 -0.0001097416605 -0.0001101155208 0.0001059002483 8.336527238e-05 8.338486231e-05 8.335805259e-05 4.922328236e-05 3.022158447e-05 3.029321474e-05 -1.529335952e-05 3.022572532e-05 0.0002699257575 0.0002155491376 0.0002160947501 0.0002161427013 0.0001656226508 0.0002161629421 0.000167487959 0.0001059048779 0.000383555613 0.0004327635495 0.0004113299565 0.0004152679539 0.0003822561425 0.000335294634 0.0003757950795 0.0003825198906 0.0003352982199 0.0002697914127 -1.538714337e-05 -6.288847432e-05 -6.31514412e-05 -6.287947579e-05 -6.302179031e-05 -0.0001136541032 0.000106205452 4.924844061e-05 4.923945765e-05 -1.54926417e-05 0.0002710886159 0.0002193027545 0.0002193483831 0.0001656046857 0.0001755255634 0.0001755096983 0.0001755555353 0.000141910856 0.0001078445545 0.0001082982333 0.0001083606756 0.0004482567119 0.0003978735732 0.0004193415282 0.000456800124 0.0004230019259 0.000292649491 0.0002926491124 0.0002926592845 0.0003975876365 0.0003335605679 0.000362492612 0.0003163115453 -1.547500067e-05 -7.289469443e-05 -7.284713099e-05 -0.0001140106676 -0.000114361636 7.55043365e-05 4.871232453e-05 4.924475638e-05 4.91307498e-05 1.433392535e-05 -1.566718875e-05 -1.557326419e-05 -1.573675445e-05 0.0002716949789 0.0002358663637 0.0002358214231 0.0002057578439 0.0002358870112 0.0002057633317 0.0001419181509 0.0001418165764 7.543790853e-05 0.0004042462663 0.0004582064594 0.000426625869 0.0004150011222 0.0004152421435 0.000430570237 0.0003164044243 0.0003164625827 0.0002717445446 0.0003164183846 0.0003904704307 0.0003623159437 0.0003303516614 0.0003624621711 0.0003624338325 -4.410551738e-05 -7.308731007e-05 -7.304824572e-05 -7.331515964e-05 -0.0001177587664 7.542431165e-05 1.422079616e-05 1.429243591e-05 -4.426350576e-05 0.0002717460395 0.000205785021 0.0002057940985 0.0002057593818 0.0002057854373 0.0001720861299 0.0001419734192 0.0001419290356 0.000142004563 0.000108736362 7.541804307e-05 7.548922685e-05 7.547673063e-05 0.0004340294566 0.0004585474265 0.000390625043 0.0004663299479 0.0004374280972 0.000330422542 0.0002721080427 0.0003905480325 0.0003303898928 -4.424373697e-05 -0.0001180463432 4.792116192e-05 1.410501344e-05 1.426642936e-05 1.409971958e-05 -1.927310714e-05 -4.451601197e-05 -4.433356007e-05 -4.459711997e-05 0.0002717754081 0.0002340179072 0.0002340303759 0.0001721120247 0.0001720888441 0.0001087251569 0.0001087258505 4.786445759e-05 0.0002717684771 0.0004382695778 0.0004387938111 0.0004683072959 0.000439224595 0.0004396728331 0.00039452075 0.0003318633298 -7.21030241e-05 -0.0001182976748 4.788219652e-05 -1.936237926e-05 -1.933628343e-05 -7.218355821e-05 0.0002340634936 0.0001721192013 4.784431349e-05 0.0001087405179 0.0002967229856 0.0004151729204 0.0004704769924 0.0004408500205 0.0004401154988 0.0003536178696 0.0004413974871 0.0004404923397 0.0004419337062 0.000442239725 0.0002591393023 0.0004722243785 0.0004425432509 0.000442962646 0.0004433816009 0.0004436779991 -7.23294553e-05 -0.0001185837925 -1.947183343e-05 0.0002062089574 0.0001429157646 2.637493874e-05 8.366038878e-05 0.000312091236 0.0003863883884 0.0004094261668 0.0002487406884 0.0004739164965 0.0004439708328 0.0004442456285 0.0004267154935 0.0004445212309 0.0004448185355 -8.440828288e-05 -0.0001215352751 -3.729446424e-05 1.741016303e-05 0.0001804262955 8.811478437e-05 0.0003083734666 0.0003543218023 0.0003696947661 0.0002338823145 0.0004755296446 0.0004451082384 0.0004454656006 0.0004132507316 0.0004458161864 0.000446085828 -8.490516573e-05 -0.0001241719936 -4.795456269e-05 2.716241778e-05 0.000146021081 8.403681844e-05 0.0003005135489 0.000332534264 0.0002377742305 0.0001765702316 0.0004769502542 0.0004467415174 0.0004463413894 0.0004470811037 0.0004465396917 0.000478318067 0.0004478574114 0.0004474186577 0.0004481000596 0.000447640309 0.0003850141785 0.0004483436926 0.0004485397455 0.000448725469 0.0004488980232 0.0004795688807 0.0004490718501 0.0004493192988 -0.0001264018877 -7.248377961e-05 -1.700080447e-05 4.642078971e-05 0.000108275656 0.0003104732939 0.0002711941437 0.0002067401384 0.0001422620205 0.0004130372609 0.0004266932623 0.0003424465389 0.0002905958064 0.0003943067867 0.0004504971326 0.0004807334719 0.0004237366648 0.0004502589472 0.0004498709116 0.0004495636453 0.0004500630723 0.0004497230359 -6.346674018e-05 -0.0001283499892 0.0004507397284 0.0004817380919 0.0004509688212 9.732995213e-06 7.629937579e-05 0.0002411592192 0.0002486888082 0.0001687082121 0.0001090941604 0.0004511840739 0.000451360759 0.0002300414347 0.0003546966696 0.0002876406926 0.000371773978 0.0004196326527 0.0003866133548 -2.480453844e-05 -8.135775803e-05 -0.0001300597915 0.0004826371324 0.0004515303246 0.000451723128 -5.184081788e-06 4.560387487e-05 0.0001867044486 0.0001141788337 0.0001808422118 0.0004519117426 0.0004520485172 0.0004183490905 0.0002346551589 0.0003165095874 0.0003687793693 0.0003260388787 -5.67549326e-05 -0.0001316615546 0.0004521767234 0.0004522695718 0.0004833952448 0.0004523623422 0.0004525093818 0.0004531327163 1.511548934e-05 -2.669061812e-05 7.154705489e-05 0.0001268473139 0.0001563669156 0.0002070544638 0.0003907115357 0.0003595997315 0.000254205037 0.0003094940079 -3.494613786e-05 -7.776522786e-05 -0.0001330476403 0.0004840692792 0.0004255240544 0.0004530298044 0.0004528369743 0.0004526548127 0.0004529333524 0.0004527496724 0.0004532334442 0.0004533229722 0.0004846277894 0.0004534061862 0.0004534908719 0.0004323788394 2.091376102e-05 8.471719827e-05 0.0001628786299 0.0001075982486 0.0001888308355 0.0003696284382 0.0003107630916 0.000244172222 0.0004539498399 0.0004853425819 0.000453972637 0.0004539822123 0.0004538889319 0.0004855397613 -1.967459058e-05 -8.530185189e-05 -0.0001343587824 0.0003909247298 0.0004850334727 0.0004305397195 0.0004538232973 0.0004537124088 0.0004535723186 0.0004537689603 0.0004536465629 0.0003717476869 4.366858979e-05 0.0001144788194 0.0001917447978 0.0001392571193 0.0003156973627 0.0002453513009 0.0004256421945 0.0004255326374 0.0004856072016 -7.93428679e-07 -6.170380943e-05 -0.0001355423095 0.0003043890587 0.0003803799435 0.0003176979768 5.401289297e-05 0.000175413914 0.0001249221983 8.247048589e-05 0.0002344281568 0.0003808805119 0.0003768882168 0.0004157867759 -2.514223773e-05 -8.678489513e-05 -0.0001365516037 0.0002677960873 0.000236512874 0.0003215820445 0.0003073702351 0.0002605383338 0.0001501712247 1.615546121e-05 0.0001002919175 6.718830094e-05 9.385285853e-05 0.0001819908058 0.0002691556569 0.000316144488 0.0003461652662 -3.132956609e-05 -7.313772941e-05 -0.0001374839136 0.0002046233135 0.0002409717404 0.0002113303156 0.0001150220428 3.341585857e-05 6.084553611e-05 0.0001327239286 0.0002166091648 0.0002418910251 0.0002766810049 -3.035150164e-05 -8.551033844e-05 -0.0001382667091 0.0001728734922 0.0001407343782 0.0001688710708 7.129766267e-05 8.243027107e-06 8.26250891e-05 0.0001315895193 0.0001725879098 0.0002072692845 -3.751538705e-05 -8.778216746e-05 -0.000138946412 0.0001090590884 1.611768797e-05 4.206954787e-05 7.991040457e-05 0.0001035085414 0.0001378819512 -3.836943462e-05 -9.300712786e-05 -0.0001394984991 2.024925882e-05 -1.259510948e-05 2.97630983e-05 6.846584842e-05 -7.601327565e-05 -0.0001399294419 -3.431128699e-05 -2.90405856e-05 -1.025015054e-06 -9.425773631e-05 -0.0001402303726 -8.039834749e-05 -7.065363758e-05 -0.0001404159604 -0.0001404768615 
SCALARS fx float64 1
LOOKUP_TABLE default
-0.06290325845 -0.03650374127 -0.0656375398 0.0004035899063 0.0006730934005 2.251906838e-09 -0.09415801899 0.02267745573 -0.1184115636 1.129427488e-09 -0.07636681888 -0.0004035908652 1.081726056e-09 -0.0006730918929 5.941735854e-06 0.0630494414 0.0009769766043 0.001216312027 0.5435182448 0.6629150352 0.01483611541 -0.04260878299 -8.895675934e-05 -7.291998913e-05 -1.815998824e-10 8.89567704e-05 -3.160787773e-10 1.049947723e-10 -3.616593222e-10 4.590102161e-10 -8.629977906e-10 -1.762022771e-07 -6.667641488e-07 -0.0009769432292 6.296295866e-07 0.001134408901 0.0003055560507 -0.001216320167 7.346720414e-09 -0.001140342497 -0.002729279625 1.506951813 3.651063146 -0.1340406774 -0.07187131757 -0.09687376035 3.052342875e-10 -0.03963581292 -0.04750916985 0.004466035361 3.258295195e-11 0.003063567506 1.133037129e-10 0.003343296713 0.001795460803 7.292065022e-05 2.723452136e-10 -2.723463467e-10 -1.049955039e-10 -1.512997779e-16 5.728695581e-18 8.324896905e-11 -2.030349558e-09 1.782725647e-07 -9.48038991e-09 -0.00030555504 5.971674928e-09 -0.002308562772 0.002729279625 0.002308561762 -5.27877709e-16 2.23711647e-10 -0.6665172067 -0.09012828661 -1.832885114e-10 -1.464952363e-10 -6.99770723e-11 7.397767323e-12 -1.140892932e-11 8.779491165e-11 7.125576892e-12 -3.569736668e-11 -7.743935058e-10 9.215559647e-16 2.589124927e-10 2.771847771e-10 -0.9872764011 -5.448115917e-18 -0.83211108 1.246777464e-09 -1.149042118e-09 1.477833615e-09 -2.230679745e-11 -1.474177303e-11 -2.890174623e-12 7.742860439e-13 -6.580291136e-11 1.087827473e-16 -3.772202353e-09 -0.0006185772597 -1.702743747e-16 -2.890751655e-05 -0.0001734930229 0.0001734930229 -0.0003910353886 -2.085887702 -3.935035881e-11 0.0006010633457 1.268350726e-09 -1.269423504e-09 1.228587915e-10 3.973621421e-10 -4.585152489e-10 -2.891226422e-11 3.542260824e-12 1.30342299e-12 -6.566349874e-05 -7.162803282e-05 3.290130077e-17 6.566341095e-05 1.928357536e-12 5.596759325e-12 -2.55149613e-10 -9.361267835e-12 2.245576361e-05 6.016758448e-06 -6.087105621e-10 -6.016607908e-06 -3.186792057e-17 -0.9292384734 7.919758057e-18 6.828153598e-08 2.712568528e-08 2.404125891e-09 -1.014635284e-09 -4.631988796e-10 2.405780749e-10 6.368851019e-11 -2.405776437e-10 -3.125528282e-16 1.82891354e-16 5.412157781e-12 1.450277155e-12 0.0006474847763 -1.450278828e-12 -2.726531295e-16 -0.0002097761404 8.684393593e-07 0.0001124189317 0.0004195484353 -0.0006469230985 -2.719642733e-05 3.609249737e-06 -2.621315563e-05 -2.538761179e-05 2.53875162e-05 7.162802893e-05 4.131356613e-16 9.594226002e-11 -2.238617405e-11 -9.03974184e-11 -2.245364831e-05 9.657531335e-09 -6.984331146e-08 1.868694331e-05 -1.869503907e-05 -1.510090338e-16 0.0002271228465 1.184008065e-16 -1.11258085e-09 3.247044159e-08 -2.466319581e-08 4.118491593e-09 1.566744717e-09 -7.872526511e-09 8.874038081e-16 -6.446309553e-11 -1.242150524e-16 -1.126146185e-16 3.380610136e-16 7.742897577e-17 -5.412183905e-12 -1.16280683e-17 3.828588922e-19 0.0005749464952 0.0004351878828 -0.0004096506749 -0.000385995685 0.0001726046388 2.719630448e-05 0.0001009721145 0.0006555807202 0.0001720530748 2.62183883e-05 2.124889915e-09 -0.0001756675572 3.924433018e-10 1.045337058e-11 3.520791145e-12 6.484850157e-12 6.634132079e-10 1.550834335e-09 -1.380782398e-05 -4.631928625e-05 1.380424824e-05 0.0001033619187 0.0003802874882 -5.733396613e-17 -0.0005758149345 9.150115764e-17 -0.0001033615745 4.120890316e-10 1.423223287e-07 5.159844458e-08 -1.755490896e-07 2.777248968e-05 7.450878829e-06 -5.295607635e-17 1.104166739e-16 1.529741503e-18 1.266051676e-16 -1.667697759e-16 4.115241812e-16 -6.750005557e-18 1.587170337e-16 -1.033431018e-16 -1.947023814e-16 -0.000320189255 1.449014784e-05 7.584337604e-05 0.00203814678 0.0003768390114 1.226971563e-08 -0.0006555782894 -1.428769582e-09 1.19475012e-09 6.878339359e-10 -2.015033066e-10 5.152050656e-05 -5.678375781e-10 -5.819036012e-10 -0.000385484492 1.46358455e-09 -1.215187347e-16 -0.001743494733 -2.798325807e-16 6.198456642e-10 3.921295726e-09 0.0002375669581 0.0008853646545 -0.0008854151141 -2.77736285e-05 -1.608903847e-14 3.32300367e-08 -7.443541614e-06 6.179774506e-16 -4.748085537e-17 -8.903961249e-09 2.358114314e-16 -3.265057902e-16 3.135580445e-16 5.438629148e-17 -3.20073422e-16 -5.587766085e-05 -0.0004637683791 -3.771866984e-09 -0.0005278886435 0.0003492204444 -2.430739802e-09 -0.0003492327142 -4.046321196e-10 1.927675834e-09 -1.085212872e-09 7.030092288e-10 -7.934706901e-10 0.0001507040159 0.0001752760952 -1.582962346e-09 -0.0001507066494 2.711327303e-10 7.541419218e-10 -1.051210043e-09 -1.30335283e-09 -3.9925745e-17 4.138751301e-05 -4.362050272e-16 2.845900235e-07 7.874616817e-08 -2.881480547e-07 -0.0002375643616 7.938823734e-10 -2.959789686e-09 5.581670559e-08 1.886169301e-08 0.002661317869 0.0007131068777 -0.0007129571886 2.612588423e-16 -1.496890173e-07 -1.195464624e-09 -3.20323871e-10 -8.011745835e-17 3.203238528e-10 -6.429860984e-16 0.0001637510806 0.0006094163186 6.224683472e-05 -0.00259475184 -0.001957784201 0.002105490279 0.0005630712778 0.0001294910162 -0.0001828887123 0.0001842342042 0.0001342889191 -0.0001342897122 -0.0001752760634 1.096293914e-10 5.819285439e-11 1.213077622e-10 2.04006805e-09 5.027309949e-17 -0.0002149081517 -2.629156387e-16 -7.600451133e-08 6.564454624e-10 7.86260209e-09 1.716964064e-08 -5.581670596e-08 -1.796352384e-08 0.01204270486 0.01231168481 -0.002661329097 4.011831196e-07 -0.01204274572 -3.190705778e-07 -1.391929242e-16 1.195464988e-09 5.058141948e-17 2.861548346e-16 -2.390193677e-09 -0.0003605429453 0.0008855533138 0.002611440389 0.0005512710652 0.002773732413 0.0011206368 -0.001250126326 -0.0001842349757 8.534984273e-10 -2.646507425e-09 -3.204599976e-11 3.279247302e-11 -1.044492252e-09 2.661767183e-11 3.30953769e-09 1.155774999e-09 -0.0002766425253 0.0002766368243 -9.91611307e-16 -0.0002488733733 1.277490856e-16 -2.930830917e-10 -1.750482305e-09 -7.861790692e-09 2.335673023e-15 1.093226275e-09 -0.01107358918 0.0003317858794 -0.0004245662609 3.790989129e-16 9.269826897e-05 -1.480553064e-10 -4.106228776e-11 -7.237896534e-17 4.106322702e-11 -1.018336891e-16 -7.412502335e-05 4.139241831e-09 -0.0002694245686 0.0001695647641 0.006526991721 -0.007021473577 -0.01079630901 0.01079628427 -0.00332497858 4.121865784e-10 -1.580606414e-10 4.867398274e-11 -1.970226062e-10 -1.43235346e-10 8.817760596e-10 -1.846934011e-10 -2.965010002e-10 -1.449785661e-09 7.412623096e-05 -2.290377089e-17 -0.007159809016 -3.554827873e-16 1.50033197e-08 4.869139735e-08 -0.001238075975 -2.483612879e-05 2.4841394e-05 1.260164797e-15 1.480544405e-10 7.524329196e-16 4.453868643e-16 9.709797245e-09 -9.982057509e-09 -1.117905158e-09 1.825489952e-10 5.224766206e-07 1.95446889e-06 -1.471022318e-08 -1.958608145e-06 2.286184661e-05 -0.0009817633602 0.008770409954 7.035505417e-09 -4.926643701e-10 -3.840966448e-10 2.316409846e-05 8.644970951e-05 -2.316417523e-05 8.414956126e-05 0.0003140510052 -4.112105801e-10 9.046676395e-09 -8.414973781e-05 6.830202636e-16 -0.0001924266107 -2.576170241e-16 -0.0002635618292 0.00336212006 -1.952279086e-08 -0.003362168879 4.565401706e-06 1.217903248e-06 5.193385439e-06 -6.416553897e-06 -4.924960187e-05 -1.356925935e-05 5.839004681e-16 1.356925935e-05 7.409166596e-17 -9.067153302e-09 -4.891611909e-11 -0.007758281771 -0.009743104831 -0.01748348947 -0.01837836277 -0.001158815046 -0.0001049408199 -0.001386958741 -0.0007167545468 -3.849800173e-09 -3.621302315e-09 4.644272736e-05 8.687678062e-05 -4.64417991e-05 0.0001362429942 0.0001206615246 5.483623538e-16 0.00177860077 4.518437965e-16 0.001448037982 0.0004216493891 -4.551525987e-06 -1.387972688e-06 5.064116531e-05 -8.705465819e-17 6.159420305e-16 -0.0001174661148 1.966119403e-09 -3.197355405e-06 -0.005398471982 -0.005698211907 0.00775828182 0.005698211907 3.582459582e-12 0.009743104832 0.01748296699 -9.602694819e-13 1.444700408e-10 0.01837836276 -0.001184476207 6.460271758e-11 0.001065740844 0.001644612013 0.0009521447643 0.001063408224 0.0009411858944 0.0004745882128 -0.0006479145383 -0.0004502939192 1.191146416e-05 -2.448703619e-10 -6.273464821e-17 -0.0009608000238 7.77560152e-16 -0.0004216462634 2.678950385e-09 0.0002059369083 -0.0002059539097 6.122204694e-05 1.61424037e-06 6.364231853e-05 1.384695581e-16 -6.526014964e-05 6.745296053e-16 -1.191059971e-05 -5.268191209e-10 0.00539852078 1.425297543e-08 2.478657508e-09 1.247287599e-09 2.526158588e-06 9.41821501e-06 -2.527550345e-06 4.22973573e-05 0.0005747129164 -0.0008200666006 0.0004929436772 -0.00106340748 4.847287237e-05 0.001804078504 -0.000989659511 0.0007695609886 0.001303980842 -0.0001091107686 -0.001194870938 2.707523875e-16 -0.001102232987 1.082882495e-15 -1.361252008e-09 -5.518328402e-05 -6.037827921e-06 1.748640439e-05 -1.748640439e-05 6.830338161e-16 -5.485859705e-16 -0.005627212012 -0.005907933316 0.005907946334 -4.535660749e-08 -1.593334301e-08 1.29288583e-08 -1.092052009e-08 -1.207910882e-09 4.941593038e-09 -9.413605602e-06 -9.548373686e-09 0.0008166610465 0.000131114119 0.0001450112428 -0.001262902941 -0.0005411758911 0.002563238757 0.000922257055 -0.003332799419 -1.089602855e-15 -0.001391373963 6.369128722e-16 1.509976986e-05 4.046906133e-06 -9.349935663e-10 3.107306486e-16 6.230176805e-16 1.283416417e-12 3.442716085e-13 -7.513995394e-16 -3.429877029e-13 1.932658135e-16 0.005597980429 6.559877473e-08 -4.097232692e-08 -7.183374848e-09 1.40501991e-09 1.9296939e-08 -6.616395637e-09 -2.173098083e-09 -0.0006543495898 -0.0001130643343 5.61342465e-05 6.448197292e-05 -0.00020949586 -0.004729875143 -0.005401366693 -3.978497583e-05 0.004548126197 5.252451306e-17 3.02944379e-05 1.554831466e-15 5.725341504e-09 -1.510282457e-05 -6.424640336e-09 -4.046906131e-06 1.164898983e-10 1.90610577e-15 -2.209395657e-15 -2.271130171e-15 -1.283535351e-12 3.546628594e-16 6.936522212e-16 -8.533403444e-05 0.0002313718108 -0.0002146285091 1.421386335e-05 -3.098179145e-05 -0.0001327177045 -4.976323948e-05 -2.461891647e-08 4.978070789e-05 -1.119742644e-08 6.164710861e-09 7.664272002e-09 1.177508054e-08 -9.147391808e-09 0.001658819229 0.001934250417 -0.003348206127 -0.002897671255 -0.03173040378 0.004729875702 0.0001484646223 0.03457194023 8.244612133e-16 -0.001545754895 2.402486135e-16 -7.94701744e-09 2.641151759e-10 4.84845765e-08 1.299140309e-08 0.0002932066661 3.537209588e-18 -0.0002932196575 -7.937511867e-16 -5.320305997e-05 9.962187982e-05 -6.214644818e-05 -5.283284975e-05 0.00018600348 7.441154771e-08 0.0007786051186 -0.0007790580444 7.223677846e-09 4.862099015e-09 -0.002148296077 -5.717489801e-05 0.02862021041 0.08710068212 -0.006343151112 -0.0006135811434 -1.111165133e-05 0.0006147652668 -2.898417996e-15 -0.08353843034 8.775261334e-16 -5.231053539e-09 -3.390191186e-09 2.952600952e-08 -2.959492851e-08 0.001117338974 0.0002993587486 -4.848457801e-08 0.00109431066 -0.0002993591292 -0.00109431066 -3.795724043e-16 0.001412514099 0.001073968521 0.0002435419608 0.000611004836 -0.001354985914 5.181032253e-07 -0.0005434150284 -7.575083902e-09 2.073810338e-08 -5.983280743e-07 0.001252727976 -0.02212106083 0.0001643662371 4.423169511e-06 3.616661278e-16 -0.001195553078 -8.433398836e-17 -1.052079295e-15 1.315208386e-15 -1.078923043e-08 3.175447489e-08 0.0001201431809 0.0004475611997 -0.005609215044 -0.001203625512 0.00133423405 0.01467058075 0.003930970264 -0.01480118929 -0.001416923057 -6.537626498e-05 -2.199606077e-06 -7.146562315e-11 -5.315644193e-11 -4.871001441e-09 -4.953245458e-09 0.0002949984677 -0.0004945633103 -1.439012358e-08 -0.001161614594 0.001032220809 0.001120732369 2.554362345e-09 -0.001120749135 -7.40361006e-16 0.0005462658098 -1.120793996e-16 2.446075298e-15 2.134455264e-16 -8.62084354e-10 -3.273491362e-08 -0.0001199730832 -1.691173275e-07 0.02048600377 0.02083655121 0.004500824254 0.0004898044112 -0.0212930606 -0.000487437699 -0.003930970264 -1.033608471e-15 6.761491323e-16 0.0001298903408 3.479052264e-05 0.0001541832387 -2.623192269e-12 -1.635700604e-09 -0.0001889876953 1.640658033e-09 -1.321718774e-09 0.001810182295 0.001618565445 -0.006176191624 -0.007200340577 0.007200335168 -0.0003733706532 0.0005710146884 -0.0006588447465 -1.552818068e-15 -0.001315618985 -8.66231796e-16 -4.068841347e-16 4.705505191e-16 5.633006268e-16 8.917900571e-07 2.424470495e-06 -0.01961777449 0.0002307363846 -7.503017847e-17 3.012659024e-16 -0.0001298801725 0.00041276552 -0.0004127448787 5.656815131e-09 -3.178648002e-09 -4.948651188e-12 -2.478166933e-09 -5.066760528e-10 6.158290207e-09 -8.895413699e-07 4.417930112e-10 0.00118250854 0.003647621861 0.0007949765397 0.006077945848 -0.001780393684 -5.995384104e-08 -0.0005712436572 -1.312355579e-15 -0.0009224345262 -1.910906329e-18 3.607978689e-07 0.0001292343601 -0.0001293763575 0.0001505239695 -3.36156206e-15 -0.0001505239695 -7.607575594e-16 -0.007251125533 -0.007183728723 -0.0008675335821 0.007180608552 -0.0002307878827 8.349973195e-06 -0.0002364067533 0.0004984181032 0.0002340915392 6.667945059e-05 0.0001196087948 -1.040586531e-08 4.882240772e-10 -0.0001196190303 -0.007614625335 -0.01005710239 -0.0141692732 -0.01332820777 -0.002706093515 0.007090566918 -0.005616123199 -0.0007324038313 3.998430219e-06 4.488020359e-06 -5.658760305e-16 -0.0009415283459 -1.985383818e-15 -4.448293016e-06 1.201537745e-07 -3.4586986e-05 -1.598811126e-07 -0.0005617631018 -9.991939459e-17 0.009692296455 0.004931932547 0.004663318177 0.001315034996 -0.004982528767 -0.004993506404 0.004993504111 0.007614627142 -2.159915999e-12 -5.440288789e-10 0.01005710033 0.01416926708 2.027587945e-09 -6.886789831e-09 0.01332818114 -0.002441136653 -7.638050063e-09 -0.0001163880535 0.001352038031 0.003681965678 0.001049131284 -6.254705229e-05 0.0004823314232 0.001796140031 -0.001800104164 1.019837833e-15 -0.005040021344 1.678127276e-15 -0.007189530098 -0.007735193352 -0.001251689881 -6.608776314e-05 6.608764725e-05 -1.770816276e-05 3.383656067e-15 -2.051374885e-15 1.328764299e-07 -0.004932063111 -0.004666093172 1.414532178e-06 -5.444414634e-06 0.007735150385 0.004950479253 5.894251189e-11 1.697929762e-11 4.95505364e-09 1.438193645e-09 6.050215443e-10 7.682517031e-11 3.062699985e-06 1.137913199e-05 0.001323359896 0.0006655934755 -0.00134698188 -0.002521975521 -8.149761383e-16 -0.002675397927 1.739733676e-16 0.002092621596 0.00718953362 1.266656729e-08 -5.298101993e-05 -4.325100189e-10 1.770816276e-05 -1.534519616e-15 -2.905570343e-15 4.561153836e-15 -3.463619365e-16 -1.13889522e-05 -1.168155563e-10 1.775089665e-05 3.375211564e-06 -1.787383606e-05 0.004133830541 0.001107658261 -0.001107657346 -4.937600772e-09 -9.909225193e-10 4.125561668e-10 -1.353154729e-09 7.17268385e-11 -2.17755067e-10 4.651944791e-10 -1.974475084e-10 -3.054645765e-06 2.888090588e-10 -1.046809607e-09 -0.008095953239 -0.00170941239 0.0001977150694 0.001346976941 -0.001093029297 -1.999600843e-15 0.007474262715 7.717376475e-16 0.0001427332519 0.001270329327 -7.199525942e-16 -1.833748404e-15 2.365454702e-15 3.182561975e-15 -8.873703503e-16 1.041827549e-09 2.47871473e-10 3.128576316e-11 -4.789311227e-06 -2.084908072e-15 1.036354975e-15 -0.0009975742284 -0.004133830096 1.579045794e-09 -0.0002727682094 4.764306858e-09 2.57867299e-09 1.962723493e-09 2.475718051e-10 1.956165923e-09 1.30203129e-09 -1.041840034e-09 -1.590829949e-09 0.001886557372 0.0003404611477 0.0004562640785 0.001036380009 -1.561513709e-15 -0.000177144982 1.115897298e-15 -0.001045844615 -0.0003404470965 0.001017987723 9.463381548e-06 -2.926686874e-15 -2.984810275e-15 -1.408820138e-15 3.704090325e-15 -2.252733251e-15 1.942495576e-15 -2.791550345e-10 2.887594398e-15 -5.59233344e-15 1.689557985e-15 3.405472248e-15 -1.293023111e-15 -0.001016960468 2.059310767e-06 -5.617587499e-09 -2.060036538e-06 1.516282728e-07 3.842209328e-08 -2.586794943e-09 -4.07892474e-08 -8.346586838e-10 -1.570519963e-09 1.429687069e-09 3.747612253e-09 -3.263970272e-09 -0.0009683983577 -0.0002466835408 -3.531342978e-05 -0.0007491426699 -2.1386701e-15 0.0009208158013 4.827824372e-15 0.005396959116 0.006093583087 8.449323055e-16 3.437910221e-15 1.770131147e-15 -7.21028326e-16 -3.539598221e-16 1.198717594e-09 3.211968191e-10 9.788778607e-17 -7.712150281e-16 1.327851623e-15 1.052839931e-15 -0.0060935918 -1.013324697e-06 6.939393347e-09 -5.216767987e-09 -1.450621383e-07 5.858531389e-09 1.64639558e-08 1.883223142e-08 0.002337294681 0.0005601777338 -1.53132376e-15 -0.00209061114 3.360235606e-15 -0.005361643201 7.014889132e-09 3.235900487e-15 -1.559204697e-15 9.063218654e-16 -4.115509474e-15 -1.228660254e-15 0.0001558292382 -0.0001558325027 2.375064594e-10 -2.075153438e-08 1.651868844e-10 -3.800514013e-10 -8.920823946e-16 -4.690749877e-16 5.885523125e-11 5.379190738e-08 1.822487174e-07 -7.454478063e-09 -1.882997745e-07 8.807129117e-07 2.316382616e-07 -1.633519505e-08 0.0005814259305 -2.360550325e-07 -0.0009540573982 -0.000593479162 -2.172429446e-15 2.576851255e-15 0.001548220616 -1.08324431e-09 -0.001154342353 1.250006994e-09 -6.11192154e-09 -6.030966064e-15 -1.144409274e-16 -0.000581396442 1.871203474e-08 -6.13874005e-09 2.810614281e-10 2.196456465e-10 -1.257977758e-15 -1.689116336e-09 -4.495448632e-08 6.726503663e-09 -8.05127447e-09 -7.589364181e-07 4.397100317e-07 0.001398713985 -2.085036378e-08 -0.001399162333 0.002097381537 0.002585735722 1.823661935e-17 -0.001503902375 -8.531315845e-16 -0.0003081376888 3.312125068e-07 2.369424845e-07 2.972590626e-09 -5.615594285e-10 -5.723775924e-07 9.046719802e-11 1.585292465e-15 -9.046919808e-11 -4.107796392e-15 -2.572642349e-15 -8.686797213e-16 0.0002273021269 6.089359327e-05 1.725840932e-08 -6.092342497e-05 3.913084804e-05 1.047884027e-05 3.098958129e-15 3.376273225e-10 -1.047950617e-05 1.515743468e-06 4.403568688e-07 -4.468099597e-07 -1.191916143e-07 0.001395285303 -2.858293542e-09 0.0007803962763 0.002331800079 -0.001664627459 0.00200756836 3.357006716e-15 -2.274494375e-15 -0.0006117680893 0.000574261081 0.002141396402 -0.002142598886 0.001570284786 0.001716260939 -3.376259968e-10 1.85539179e-16 -8.137682693e-16 4.070432075e-15 1.204624847e-15 1.99463723e-15 0.001705894955 0.0005180548417 -3.906691798e-05 -9.054960083e-16 0.0004358098246 0.0008357919985 -0.0004854844889 -0.0005813909092 0.0005813597875 -0.002175546928 -1.035294486e-07 2.261226316e-05 -0.002247671485 -0.001889041799 -0.0001282838761 -0.0004813358724 0.001588087762 -8.56858953e-16 -0.001526232487 4.308210317e-15 -0.001716261962 -0.0004373239815 -2.066797063e-12 -0.0002664627582 -0.001725432144 -0.001570436039 4.08831655e-09 -2.118886799e-16 -2.293392527e-16 2.423479847e-15 3.218493113e-15 -1.962060343e-15 0.0003228409676 0.0006424284541 6.817611491e-16 -0.001160547226 -1.164285541e-10 -3.119484006e-11 1.135500182e-15 3.119344569e-11 1.002812453e-11 -0.0008357920108 0.0004854850659 -6.072266681e-09 -5.647164408e-10 2.917368587e-08 -2.569857425e-08 -2.19431267e-05 -1.162630802e-05 -0.0001390802 0.0008313684336 -1.034074763e-15 -0.001449008653 0.0002664638494 -4.528111081e-16 -4.654999057e-09 3.75829511e-05 0.0001402618687 -3.758238442e-05 -1.798523375e-10 0.001151323363 2.948839017e-09 2.613312391e-10 -1.308620361e-09 2.661646453e-15 -6.763879956e-16 -1.828530681e-15 2.906796846e-15 6.472534504e-16 -0.0003108907717 3.423780497e-08 1.164278584e-10 8.206190718e-16 6.180378799e-09 1.967010997e-08 -2.167534749e-08 -1.963256462e-08 -1.463621674e-09 2.212164778e-09 -3.083159167e-09 -6.321404032e-07 -8.21430899e-09 8.379091338e-09 -1.682953579e-07 -1.277772254e-07 -2.781534974e-08 3.020201006e-15 0.0005795108801 0.00155391818 -0.001410879314 2.549319297e-16 0.0007047741917 4.858612983e-05 0.001106591346 0.001060372853 -4.744129894e-15 -5.611796563e-15 7.153256764e-10 -3.196087747e-08 -1.056117948e-15 -2.276922745e-09 -4.811875589e-15 -1.672661795e-15 -1.161282171e-17 -2.794361693e-16 -7.296024483e-09 1.191252906e-09 4.086242067e-09 6.820696042e-09 1.702192736e-09 2.038459605e-09 -5.488924773e-09 6.503134323e-10 -0.0001888468929 7.697923304e-16 4.570845323e-15 -1.189421975e-15 -3.043345757e-15 -3.265282915e-15 -0.002660509346 -0.001765149994 3.39807765e-15 -1.579509771e-15 -7.153240535e-10 9.906965114e-16 -3.272012042e-16 -1.082465755e-15 -5.277499498e-09 -1.073505108e-08 -6.503106917e-10 -4.928633868e-09 1.009276603e-15 3.196675833e-15 5.81092002e-15 -1.246796923e-15 -1.449109048e-15 2.44670549e-15 -3.888996717e-15 2.326659534e-15 -5.978845586e-17 -1.185972116e-15 -2.265076215e-15 -2.395805298e-15 6.049348373e-16 -1.005747496e-15 -1.826258303e-15 -4.259449105e-18 -2.882992679e-15 -5.536329316e-15 -1.109149834e-15 -8.900181753e-16 4.415426053e-16 3.544076907e-16 3.912104253e-16 4.16629757e-15 -2.467304061e-15 4.620579974e-15 -1.900570092e-15 -1.524860252e-15 2.819341118e-15 -4.889326313e-16 7.173462156e-15 1.610891071e-15 2.775716536e-15 -2.405158524e-16 -4.015817084e-16 -2.534415752e-16 -3.388654408e-15 -5.489103418e-15 -2.538739352e-15 2.001894608e-15 -3.723862615e-15 -7.032848492e-15 1.920387592e-15 9.286446048e-17 4.362061918e-15 1.503662182e-15 1.850047458e-15 1.418300978e-15 -1.166723352e-15 -4.669438528e-16 1.61869775e-15 -2.738696382e-15 2.774144711e-15 -1.690484533e-16 2.849072504e-15 4.548295029e-15 -1.468162207e-15 -4.805916712e-15 -2.689055804e-15 2.916544561e-15 -3.93254464e-15 -2.629909717e-15 -5.376021505e-15 -5.396320031e-15 3.247367132e-15 1.187612613e-15 -1.025094731e-15 -2.538895896e-15 2.220239879e-15 7.60934081e-15 -7.227954485e-16 -5.267344832e-15 3.637906029e-15 1.976458459e-15 1.476700247e-15 -2.9443203e-15 6.186534426e-15 6.47885337e-16 -1.604066103e-15 2.37312882e-15 -4.699440859e-15 3.241730826e-15 1.889154946e-15 4.493513597e-15 1.83500773e-15 8.007023097e-16 -5.729824464e-15 -4.714047095e-15 1.397851697e-15 6.265393444e-15 -5.013507335e-15 2.887493071e-15 3.705054113e-16 7.187378854e-15 -1.073293023e-15 5.230986538e-15 2.534483832e-15 -3.22128758e-15 2.756214373e-16 1.806113107e-15 -1.946786645e-16 -6.386809906e-16 -4.786003391e-15 -2.497489006e-15 7.303905812e-16 3.572789207e-16 -3.37609058e-15 2.223282551e-15 1.906127581e-15 -1.02715588e-15 -2.244664521e-15 -2.18421358e-15 7.058193254e-15 1.769200682e-15 3.88077081e-15 8.125174134e-15 -4.153440456e-15 -5.410803692e-15 -1.382178199e-15 7.048533849e-16 -1.702494719e-15 2.914947894e-15 5.454684657e-16 -2.881045493e-15 2.748954798e-15 1.138301743e-15 3.920916148e-15 -6.136673764e-16 -7.881193706e-16 8.672686702e-16 -4.99394051e-15 -2.183735641e-15 -2.49871056e-15 4.16742497e-15 5.347953424e-15 -1.83259178e-15 3.182356993e-15 1.583596705e-15 -2.349355845e-15 5.684751806e-15 -2.085935945e-15 -7.237069618e-16 -3.943474019e-16 -1.559977543e-15 9.687973216e-16 -4.242347576e-16 2.64997688e-15 -2.00261771e-15 -2.854460163e-15 -2.620534333e-15 -1.97498056e-15 -2.841839584e-15 5.69427915e-15 1.216684055e-15 -1.125046525e-15 -1.900438272e-15 -2.255259103e-16 5.126366852e-15 -7.880010189e-15 -1.54185905e-15 1.680335967e-15 6.070843952e-18 -1.079159865e-15 -9.527499978e-16 -3.165408016e-16 -3.217281538e-16 -4.192427671e-15 -1.88884885e-15 -1.153345273e-15 -3.392865644e-15 6.647730563e-16 6.09028124e-16 -1.075191701e-15 2.956353462e-15 1.413079073e-15 8.708905196e-15 7.474776498e-15 8.086293205e-16 3.720843588e-15 -6.610110442e-15 1.756382955e-15 -2.200511989e-16 -1.412004055e-15 2.308432814e-15 2.07158975e-15 3.75089906e-15 5.376910092e-16 -3.431502629e-15 3.672938342e-15 6.701976989e-15 9.158583712e-16 -1.532731635e-15 2.91760721e-15 4.084016667e-15 -3.329237198e-15 1.420907722e-15 3.177957504e-15 5.996887387e-16 -7.852954421e-16 -5.924227842e-17 4.52264433e-15 2.023398234e-15 7.807922179e-16 3.370037524e-15 -1.147301574e-15 1.01896666e-15 -1.041140288e-15 7.44242958e-16 -7.687155186e-15 -1.067633837e-14 5.809473936e-16 4.355271467e-15 4.878832061e-15 -3.370640135e-15 -1.392458638e-17 -2.644197045e-15 1.263748752e-15 3.230366079e-16 4.479643856e-16 -3.434591123e-15 6.550618236e-16 4.264183662e-15 3.005632674e-15 6.829592349e-15 3.552671115e-16 -5.975464865e-16 -3.092887867e-15 8.448613996e-15 1.572622546e-17 4.143089608e-16 -4.363410183e-15 2.772622487e-15 -1.584273219e-15 3.265187021e-15 -4.780747154e-15 -3.672817445e-15 7.80350702e-16 -1.912343744e-15 -9.56636893e-16 -1.155098671e-15 -3.660503333e-15 -2.611684215e-15 9.120342556e-17 -2.752667767e-15 3.230477146e-15 7.67425993e-15 -4.018061933e-15 1.028978046e-15 5.843211894e-15 4.4198662e-15 2.986508999e-15 3.056448086e-15 6.970355884e-16 -4.839464828e-15 3.501321225e-15 2.992793031e-15 7.341962473e-16 -5.588285999e-15 -2.691979921e-15 -6.19209114e-15 -3.159300968e-15 1.634165842e-16 -2.724900544e-15 5.656293322e-16 -5.995160287e-15 5.192966511e-15 1.883542824e-15 -3.464719176e-16 2.140232188e-15 5.220080671e-15 -2.279591395e-15 3.145803074e-15 9.072569898e-17 6.706253129e-16 8.228706416e-15 2.625991925e-16 -5.193248573e-15 1.961853667e-15 -9.0205049e-16 -1.946978551e-15 -3.988459614e-15 1.048742832e-15 1.482482464e-15 3.010247733e-15 1.596672485e-15 -2.914754297e-15 -3.495190718e-15 4.120788898e-15 
SCALARS uy float64 1
LOOKUP_TABLE default
0.0 0.0 0.0 -1.546214397e-07 -1.605658325e-07 -1.397676778e-07 0.0 0.0 0.0 -7.390229503e-08 0.0 2.519277668e-07 -1.290680772e-05 -1.858332691e-06 -2.767494995e-07 0.0 -1.779061946e-07 -1.955914661e-07 0.0 0.0 0.0 0.0 2.018021043e-08 -2.659307521e-08 1.203976178e-07 2.813167027e-08 -1.287661854e-05 -1.425799783e-05 -1.276409353e-05 -1.270115356e-05 -1.26833638e-05 -1.992001677e-05 -2.315859299e-06 -3.715377165e-06 -2.454987435e-06 -2.183249415e-06 -3.553254255e-06 -5.397149252e-07 -1.504545631e-05 -1.18050332e-06 -3.493633624e-06 0.0 0.0 0.0 0.0 0.0 -6.216521449e-08 0.0 0.0 0.0 -6.673932636e-08 0.0 -1.056544799e-08 0.0 0.0 -5.73412149e-06 -1.429243124e-05 -1.435018384e-05 -1.424519241e-05 -2.996910339e-05 -1.429154303e-05 -2.993929316e-05 -1.993006417e-05 -1.981487329e-05 -1.541846046e-05 -3.978050059e-06 -1.483498508e-05 -4.020887133e-06 -5.110347815e-06 -5.369825817e-06 -8.665343303e-06 1.549975702e-07 0.0 0.0 9.374246595e-08 -4.729120729e-08 -9.042178756e-08 -7.086027604e-08 -6.102215346e-08 -1.92365878e-08 -6.56820545e-08 -9.581856224e-08 -5.640705188e-06 -2.309898134e-05 -2.301318873e-05 -2.999905007e-05 0.0 -6.174495636e-07 0.0 -2.987521269e-05 -2.985357819e-05 -3.683219791e-05 -1.986437377e-05 -1.979465699e-05 -1.979755676e-05 -3.557885788e-05 -1.535038409e-05 -1.525750545e-05 -1.522964502e-05 -1.634433573e-05 -1.530422019e-05 -1.592943545e-05 -8.494604598e-06 -8.880602837e-06 4.27634599e-07 0.0 1.967321873e-07 2.257077935e-07 2.151047199e-07 2.072144007e-07 -1.384818006e-06 -5.682874955e-08 -1.388281859e-07 -1.279023766e-07 -3.280223982e-07 -1.481574955e-07 3.066287106e-08 -2.599275074e-07 -5.757352228e-06 -5.857682731e-06 -2.661680136e-05 -2.310616819e-05 -2.304119548e-05 -2.3110924e-05 -3.759215414e-05 -3.002402654e-05 -2.990194631e-05 -2.996880169e-05 6.058612026e-06 0.0 2.011405812e-05 -4.786901329e-05 -4.9306888e-05 -4.932025904e-05 -3.688361285e-05 -3.674833222e-05 -3.678676709e-05 -3.565645586e-05 -3.672781874e-05 -3.556396368e-05 -3.391536808e-05 -3.388378926e-05 -1.654366561e-05 -1.670949387e-05 -1.6493882e-05 -2.5758137e-05 2.340391115e-05 2.829408253e-05 -1.434658676e-06 -1.698167009e-07 1.835638504e-05 -1.313767188e-06 -1.237489252e-06 -1.181783334e-06 -3.800581121e-07 -1.498771068e-05 -1.463499285e-05 -2.665613305e-05 -1.48642497e-05 -2.65872993e-05 -3.758117917e-05 -3.757132161e-05 -4.782241185e-05 -4.77764935e-05 -4.762726555e-05 -4.77160763e-05 2.29443004e-05 2.600220279e-05 9.268170705e-06 -4.938408024e-05 -6.352795185e-05 -4.934560171e-05 -4.941277712e-05 -5.623218031e-05 -4.937241623e-05 -5.619684268e-05 -3.56728626e-05 -3.558661699e-05 -3.558990859e-05 -3.401809901e-05 -5.121915004e-05 -3.393064377e-05 -2.557620109e-05 -2.596747189e-05 1.634591598e-05 -1.032477056e-05 -8.307834904e-06 -6.417982626e-06 -3.386521089e-05 -2.550373109e-05 -2.548944877e-05 -2.829967817e-05 -2.577634199e-05 -2.367977671e-05 -3.644500134e-05 -2.336892542e-05 -3.647696337e-05 -2.668025916e-05 -2.66298787e-05 -2.668349242e-05 -4.239758383e-05 -3.761465223e-05 -3.76143295e-05 -5.533703995e-05 -3.767861234e-05 -6.352146752e-05 -5.662752171e-05 5.436200318e-07 1.792736395e-05 2.296322442e-06 -6.306175802e-05 -6.309464823e-05 -6.381465261e-05 -6.935469045e-05 -6.312451817e-05 -6.937310877e-05 -5.636612538e-05 -5.622841121e-05 -5.126485259e-05 -5.131005177e-05 -5.131930473e-05 -5.125525552e-05 -5.95879819e-05 -3.399219791e-05 -3.410648527e-05 -3.399297708e-05 -4.809815047e-05 2.36509852e-07 -1.451786452e-05 2.65910611e-06 -3.183954847e-05 -2.839894032e-05 -2.834836875e-05 -3.648192174e-05 -3.650591467e-05 -3.649127787e-05 -4.235684831e-05 -4.238813169e-05 -5.501451119e-05 -4.239074319e-05 -4.240323282e-05 -5.50146556e-05 -7.651649992e-05 -1.189628801e-05 -1.957820152e-05 -1.221843378e-05 -7.653884812e-05 -8.274690979e-05 -8.277252272e-05 -6.952884291e-05 -7.034060366e-05 -7.034893574e-05 -7.037805452e-05 -8.378496401e-05 -5.617526395e-05 -5.626841311e-05 -7.214276545e-05 -5.618565855e-05 -7.21514358e-05 -5.945769091e-05 -5.956830597e-05 -4.784482543e-05 -4.811026501e-05 -1.040235004e-05 -6.493324892e-07 -2.841079509e-05 -3.202176529e-05 -2.856544835e-05 -3.653487922e-05 -3.65385395e-05 -3.656142145e-05 -5.403343768e-05 -3.652856189e-05 -5.589210529e-05 -3.65567729e-05 -5.494211875e-05 -5.593551665e-05 -5.499137741e-05 -5.496211217e-05 -7.649433115e-05 -8.049670091e-05 -7.65476044e-05 -7.65215829e-05 -1.748121765e-06 1.032057946e-05 -6.76594138e-06 -8.276359225e-05 -9.991059181e-05 -8.300758524e-05 -8.300030258e-05 -8.698771183e-05 -8.302869685e-05 -8.698637156e-05 -8.380726715e-05 -8.380839171e-05 -7.221717958e-05 -7.201259131e-05 -7.224657893e-05 -7.199960377e-05 -8.674981858e-05 -5.957214865e-05 -5.985207494e-05 -5.955469041e-05 -7.36532332e-05 -6.033801125e-06 -2.978962985e-05 -2.844298941e-05 -3.362883123e-05 -3.187435664e-05 -5.400178072e-05 -4.957614091e-05 -5.402370085e-05 -5.381021044e-05 -5.403846466e-05 -5.583258257e-05 -5.692147374e-05 -5.695596061e-05 -8.047951946e-05 -5.694348217e-05 -8.049424364e-05 -9.987764393e-05 -2.327780969e-05 -2.396760548e-05 -3.105252046e-05 -9.990368617e-05 -0.0001000089657 -0.00010000022 -8.706489064e-05 -8.712623162e-05 -8.709971751e-05 -8.385293746e-05 -0.0001097120484 -8.523474544e-05 -0.0001015880228 -8.526044341e-05 -0.0001016545241 -8.665640373e-05 -8.676864618e-05 -7.343226015e-05 -7.362558068e-05 -9.997098229e-05 -3.037634068e-05 -3.48221002e-05 -5.631861701e-05 -5.974074481e-05 -6.034543198e-05 -5.619642713e-05 -5.443393071e-05 -5.447605376e-05 -8.11286594e-05 -5.446248581e-05 -8.115147831e-05 -8.044871548e-05 -8.048176546e-05 -8.045954499e-05 -9.983687008e-05 -0.0001018304011 -9.998056946e-05 -9.983220379e-05 -3.095463257e-05 -9.463420961e-06 -3.419288753e-05 -0.0001183832255 -0.0001000825613 -0.0001000417161 -0.0001097355584 -0.0001001036086 -0.0001142811328 -0.0001015867357 -0.000101077453 -0.0001018482165 -0.000101764001 -0.0001193057584 -8.675027145e-05 -8.706083197e-05 -8.676003466e-05 -0.0001035076219 -0.0001232231419 -0.0001184414974 -3.561691961e-05 -6.183450911e-05 -5.63144627e-05 -6.279839727e-05 -5.958219765e-05 -6.977324338e-05 -6.956323691e-05 -8.240156212e-05 -6.971090362e-05 -8.23915167e-05 -8.111379788e-05 -8.112882818e-05 -0.0001017618158 -8.112157152e-05 -8.111908992e-05 -0.0001019267527 -0.0001232966718 -5.178097536e-05 -5.415734668e-05 -5.952967855e-05 -0.0001183401638 -0.0001098188665 -0.0001164779303 -0.000127757047 -0.0001275816444 -0.0001191948784 -0.000119309005 -0.0001033079556 -0.0001034750777 -0.0001233283545 -0.0001233197942 -0.0001233378313 -0.0001233899223 -0.0001387251446 -0.0001185062891 -0.0001184279746 -0.0001184939403 -5.916733049e-05 -6.286570281e-05 -8.359917128e-05 -9.652829353e-05 -9.659388128e-05 -8.235623198e-05 -8.234651181e-05 -0.0001090887042 -8.238656993e-05 -0.0001016969463 -0.0001091580563 -0.0001018941022 -0.0001269029676 -0.0001018283882 -5.857178855e-05 -3.414246119e-05 -6.536382722e-05 -0.0001354929575 -0.0001099605428 -0.0001165318458 -0.0001165463212 -0.0001530223881 -0.0001277506657 -0.0001276504184 -0.0001274133078 -0.0001556272871 -0.0001193589204 -0.0001196729048 -0.0001193245346 -0.0001384639511 -0.0001270311554 -0.0001430350871 -0.0001428254764 -0.0001388308038 -0.000138696268 -0.0001355366432 -6.644727153e-05 -9.989935725e-05 -8.344042342e-05 -0.0001091025814 -9.655596417e-05 -9.666053132e-05 -9.662612573e-05 -0.0001088528555 -9.669412496e-05 -0.0001097933765 -0.0001269237455 -8.518504901e-05 -8.409269187e-05 -9.673924341e-05 -0.0001501928005 -0.0001530073437 -0.0001542955554 -0.000155634302 -0.0001557432458 -0.0001382909701 -0.0001385295899 -0.0001270501984 -0.000127006176 -0.00012693541 -0.0001539462041 -0.0001432157314 -0.0001601813442 -0.0001602658075 -0.0001850206738 -0.000154901978 -0.0001545158916 -0.0001546489111 -0.0001729869322 -0.0001496469694 -0.0001496248365 -0.0001496346807 -9.637425529e-05 -0.0001069563654 -0.0001090831789 -0.0001171903502 -0.0001172347163 -0.0001085814439 -0.0001091755158 -0.0001092438556 -0.0001380824018 -0.0001092000597 -0.0001004711758 -9.123170601e-05 -9.896496222e-05 -0.00015306371 -0.0001977569691 -0.0001542922986 -0.000153047317 -0.0001853436815 -0.0001557007668 -0.0001557316656 -0.000155997468 -0.0001558253766 -0.0001784885913 -0.0001384120967 -0.0001541241124 -0.0001736238543 -0.0001850370206 -0.0001856385056 -0.0001729958619 -0.000173127929 -0.0001977380588 -0.0001732465443 -9.977407696e-05 -0.0001091530878 -0.0001021025565 -0.000144087341 -0.0001144371273 -0.0001194915539 -0.0001407815482 -0.0001148526096 -0.0001408274393 -0.000138056662 -0.0001385264836 -0.0001378216937 -0.0001070656849 -0.0001031137919 -0.0001209065032 -0.0001977867848 -0.0001856917311 -0.0001856170345 -0.0001923430963 -0.0001923025521 -0.0001783003249 -0.0001785979927 -0.000166065229 -0.0001542919232 -0.0001728899726 -0.0001724928314 -0.0001727170294 -0.0002131372687 -0.0001849932102 -0.0001851549604 -0.0001859158216 -0.0001972049874 -0.0001850917642 -0.0001214129598 -0.0001401659219 -0.0001439717188 -0.0001418273831 -0.0001414612691 -0.0001414671273 -0.0001665679514 -0.0001414340732 -0.0001273918249 -0.0001201371441 -0.0001257168563 -0.0001977914429 -0.0002136942963 -0.0001856983627 -0.0001856721306 -0.0001856281251 -0.000227161499 -0.0001923300528 -0.0001925148814 -0.0001923065105 -0.0002228961509 -0.0001879671174 -0.0002141624224 -0.0002141615846 -0.0002130485181 -0.0002130651039 -0.0002204191784 -0.00022050442 -0.0001974212591 -0.0001266725914 -0.0001334660902 -0.0001802646335 -0.0001441189023 -0.0001216972651 -0.0001801149163 -0.0001668810978 -0.0001882236183 -0.000188663767 -0.0001342576289 -0.0001217947769 -0.0001560460789 -0.0001976830521 -0.0001976906862 -0.0001976680375 -0.0002137729704 -0.0002452755354 -0.0002137407031 -0.0002271795282 -0.0002137240779 -0.0002272609982 -0.0002227421672 -0.0002229181313 -0.0002275788815 -0.0002141681312 -0.0002143483584 -0.0002140873957 -0.0002140737239 -0.0002399773994 -0.0002130970104 -0.0002130259278 -0.0002130113633 -0.0002203875945 -0.0002469304145 -0.0002204369115 -0.0002506835732 -0.0002203760205 -0.0001526926366 -0.0001870492791 -0.0001870660699 -0.0001864992552 -0.0002070811914 -0.0002024914714 -0.000226585985 -0.0002025629644 -0.0001711778084 -0.0001441060612 -0.0001822304545 -0.0002506787954 -0.0002453482443 -0.0002452697607 -0.0002271675123 -0.0002272650056 -0.0002272404683 -0.0002271295248 -0.0002702210203 -0.0002275998433 -0.0002446537271 -0.0002457860402 -0.0002399143334 -0.000240352703 -0.0002468935235 -0.0002399177759 -0.0002403375799 -0.0002469835935 -0.0002507188259 -0.0001840431794 -0.0002207199631 -0.0002270926436 -0.0002068265009 -0.0002431520844 -0.0002266278863 -0.0002276032002 -0.0002277111567 -0.00020483961 -0.0002060466305 -0.0002161993886 -0.0002507586899 -0.0002507545141 -0.0002507060366 -0.0002507505478 -0.0002863322694 -0.000245448905 -0.0002452448364 -0.0002702902731 -0.0002452721329 -0.0002705045852 -0.0002700246595 -0.0002654276165 -0.0002445400334 -0.000245802 -0.0002801095445 -0.0002449836393 -0.0002468988663 -0.0002824051022 -0.0002469721752 -0.0002858280174 -0.0002469142924 -0.0002160026689 -0.0002273650628 -0.0002441032744 -0.0002648066877 -0.0002167968472 -0.0002055663547 -0.0002289455182 -0.0002700915823 -0.0002702575313 -0.0002858808643 -0.0002932723268 -0.0002932982634 -0.0002863258672 -0.0002867438041 -0.0002702043161 -0.0002701540272 -0.0002704605863 -0.0003085138381 -0.0002700484334 -0.000268297684 -0.0002802879888 -0.0002825404677 -0.0002858056228 -0.0002858509378 -0.0002859188823 -0.0002858911938 -0.0002303461141 -0.0002525183406 -0.0002440266423 -0.0002440144953 -0.00028723084 -0.0002646455865 -0.0002682428124 -0.0002681885291 -0.0002468631524 -0.0002364123549 -0.0002634952039 -0.0003087070036 -0.000321634596 -0.0003283824357 -0.0002933413906 -0.0002933697303 -0.000293354712 -0.0003249901927 -0.0002863799054 -0.0002871863555 -0.0003225974173 -0.0002871448755 -0.0003230347215 -0.0003085841445 -0.0003086704141 -0.0003086452356 -0.0003140179781 -0.0002802935298 -0.0002798238474 -0.0002825995848 -0.0003239897112 -0.0002825584535 -0.0003240170559 -0.0003283799118 -0.0002582501651 -0.0002909655506 -0.0002889874254 -0.000287188546 -0.0002912262766 -0.0002942561669 -0.0003139592114 -0.0002912764974 -0.0002717531199 -0.0002470778325 -0.0002833914723 -0.0003440426868 -0.0003214407659 -0.0003216285542 -0.0003284518456 -0.0003250064111 -0.000329313869 -0.0003226633353 -0.0003231366793 -0.0003440454043 -0.0003158665358 -0.0003301465962 -0.0003306126462 -0.000323988582 -0.0003240322529 -0.0003240997508 -0.0003240785049 -0.0003284427289 -0.0003630803842 -0.0003285082108 -0.0003285192173 -0.0002891300364 -0.0003100521063 -0.0003320283155 -0.0002940046097 -0.0002954481721 -0.000332076364 -0.0003142648346 -0.0003012005656 -0.0002959374873 -0.000313663326 -0.0003150895397 -0.000315846947 -0.0003151699428 -0.0003439966803 -0.0003442720209 -0.0003440266776 -0.0003769056681 -0.0003613492662 -0.0003251187851 -0.0003297145906 -0.0003297407278 -0.0003226580799 -0.0003716587729 -0.0003230635391 -0.0003755440703 -0.0003221348528 -0.0003679502721 -0.0003301839496 -0.0003307521394 -0.0003636864785 -0.0003307062612 -0.0003636621146 -0.0003631110101 -0.0003632765223 -0.0003613340835 -0.0003101742464 -0.0003308093096 -0.0003324048895 -0.0003266840985 -0.0003321186499 -0.0003490397468 -0.0003213564091 -0.0003008695175 -0.0003265545095 -0.0003490289102 -0.0003490765499 -0.0003682217069 -0.0003490760501 -0.0003759992975 -0.0003767894267 -0.0003708033784 -0.0003716249562 -0.0003736520575 -0.0003757462967 -0.0003676627908 -0.0003637994532 -0.0003749099808 -0.0003745489663 -0.0003747336549 -0.0004257843345 -0.0003731332139 -0.0003729998938 -0.0003731223785 -0.0004153709739 -0.0003699421605 -0.0003707939367 -0.0003706342282 -0.0003273037881 -0.0003542143217 -0.0003341061073 -0.0003908867595 -0.000326417449 -0.000389026608 -0.0003314771851 -0.0003264564662 -0.0003400849951 -0.0003302930442 -0.0003593635996 -0.0003888800832 -0.0003684145244 -0.0003758443466 -0.0003760577527 -0.0003758558577 -0.0004190879547 -0.0003768109331 -0.0003769806407 -0.0004215879435 -0.0003716993174 -0.0003736588543 -0.0004311245188 -0.0003732134346 -0.0003804131088 -0.0003800652456 -0.0004284206486 -0.0003802687695 -0.0004284332962 -0.000425755945 -0.0004257604475 -0.0004153021166 -0.0004151763024 -0.0004215710956 -0.0003642086021 -0.0003920373679 -0.0003908327042 -0.0003904830571 -0.0003736091644 -0.0003594740957 -0.0003932136078 -0.0004070599557 -0.0004030132334 -0.0004443978412 -0.0004032674821 -0.0004311851443 -0.0004191154087 -0.0004192239988 -0.0004192751516 -0.0004192354212 -0.0004362654008 -0.0004214104199 -0.0004213596656 -0.000421319664 -0.0004312615411 -0.0004213564818 -0.0004443970011 -0.0004284404287 -0.0004284356328 -0.0004283839193 -0.0004283948951 -0.0004753604203 -0.000425790278 -0.0004257245716 -0.0004257543416 -0.0004766155093 -0.0004152592759 -0.0004152214212 -0.0004628275379 -0.0004152364276 -0.0003900195938 -0.0004330840837 -0.0004437774385 -0.0004074853973 -0.0004075128075 -0.0004181434067 -0.0004076428618 -0.0004319151548 -0.0004572278856 -0.0004442556791 -0.0004313328969 -0.0004667846545 -0.0004667874787 -0.0004361305739 -0.0004362801145 -0.0004627977371 -0.0004759767795 -0.0004759232944 -0.00043130331 -0.0004313225957 -0.0004312984135 -0.000444662236 -0.0004445387774 -0.0004746685554 -0.0004445869919 -0.0004746988327 -0.0004753485401 -0.0004753815109 -0.0004766075955 -0.000476606329 -0.0004628536119 -0.000462758878 -0.0004627847631 -0.0004306908498 -0.0004493887796 -0.0004494431764 -0.0004438201029 -0.000438017711 -0.0004129771524 -0.0004524387867 -0.0004598638241 -0.000458040045 -0.0005008365354 -0.0004581568693 -0.0004969949343 -0.0004667136927 -0.0004668433463 -0.0004669825515 -0.0004668287043 -0.0004983916639 -0.0004760160719 -0.0005295321012 -0.0004759824534 -0.000475955236 -0.0004970274947 -0.0004759751199 -0.0005011148174 -0.0004746712756 -0.0004747040073 -0.0004746634908 -0.0005193089458 -0.000475383653 -0.0004753888864 -0.0004753786444 -0.0004765983343 -0.0005279776727 -0.0004765889105 -0.0005295401481 -0.0004765731949 -0.0004526822988 -0.000495208746 -0.0005199594178 -0.0004669943053 -0.0004756750329 -0.0004668844131 -0.000491582656 -0.0005261062276 -0.0005007407441 -0.000497137666 -0.000526022188 -0.0005260235987 -0.0004982925074 -0.0004984400893 -0.000529525976 -0.0005288855913 -0.0005288510795 -0.0004970136364 -0.0004970723293 -0.0004970806248 -0.0005014982427 -0.0005017091324 -0.0005192891752 -0.0005015445005 -0.0005193906296 -0.0005279507489 -0.0005280240183 -0.0005296115017 -0.0004935691009 -0.0005200567846 -0.000500949871 -0.0004879476602 -0.00052183712 -0.0005284829449 -0.000559865382 -0.0005627624078 -0.0005259556259 -0.0005261919067 -0.0005260375445 -0.0005623485513 -0.0005296802359 -0.0005293889336 -0.0005294713901 -0.0005294233759 -0.00058276116 -0.0005289333292 -0.0005288871376 -0.000562769154 -0.0005288756138 -0.000559899713 -0.0005192848233 -0.0005193921343 -0.0005193412263 -0.0005814223278 -0.0005280134286 -0.0005280313415 -0.0005820534462 -0.0005280020411 -0.000521743074 -0.0005568093656 -0.0005458990683 -0.0005646999496 -0.0005279030539 -0.0005283079109 -0.0005282729743 -0.0005940199046 -0.0005598009545 -0.0005628832942 -0.0005622461564 -0.0005831964011 -0.0005996057578 -0.0005996000202 -0.0005827927963 -0.000582810123 -0.0005627149676 -0.0005598319704 -0.0005599301016 -0.0005813836525 -0.0005598919613 -0.0005816349692 -0.0005820035643 -0.0005820130374 -0.0005832946189 -0.0005833033916 -0.0005589375665 -0.0006011451986 -0.0005781229954 -0.0005566259196 -0.0005900655078 -0.0006011177892 -0.0005939804869 -0.0005939555157 -0.0005940955554 -0.0006248105958 -0.0005941248201 -0.0005628152044 -0.0005629199212 -0.000562811479 -0.0006122503408 -0.0005622518472 -0.0005623750751 -0.0006477914339 -0.0005996782133 -0.00059961586 -0.0005995835819 -0.0006407747142 -0.0005828675456 -0.0005828381755 -0.000631669465 -0.0005827470969 -0.0006248115171 -0.00058141085 -0.000581731131 -0.0005817614013 -0.0006341928185 -0.0005817720517 -0.0006369086017 -0.0006477892941 -0.0005951433046 -0.0006147151632 -0.0006060563746 -0.0006266125591 -0.0005943330709 -0.000646711859 -0.000601321428 -0.0005942953983 -0.000646592154 -0.0006248067449 -0.0006317199309 -0.000612242966 -0.0006123282009 -0.000612374176 -0.0006123399713 -0.0006281954707 -0.0006482700825 -0.0006407742708 -0.0006412479603 -0.0006316573893 -0.0006257838508 -0.0006440777488 -0.0006440459803 -0.0006342086881 -0.0006360710013 -0.0006360089731 -0.0006360628526 -0.0006945830517 -0.0006478617323 -0.0006485552576 -0.0006485030848 -0.0006203249662 -0.0006590923708 -0.0006439264791 -0.0006153277577 -0.0006550842874 -0.000628635835 -0.0006284408103 -0.0006285302683 -0.0006591278431 -0.0006486973428 -0.0006528776772 -0.0006737421881 -0.0006318378184 -0.0006547771556 -0.0006547844655 -0.0006280915749 -0.0006282247008 -0.0006945043741 -0.0006407471438 -0.0006413392183 -0.0006412530146 -0.0006931532923 -0.0006317288066 -0.0006318038917 -0.0006317451251 -0.0006993050579 -0.0006475317964 -0.0006472823176 -0.0006948842205 -0.0006474260325 -0.0006948720901 -0.0006945303283 -0.0006944257651 -0.0006944981539 -0.0006556844108 -0.0006963041343 -0.0006727071679 -0.0006624801426 -0.0006624751118 -0.0006910340323 -0.0006738360566 -0.0006736818608 -0.0006993109324 -0.0006737778598 -0.0007233423166 -0.0006532612532 -0.0007222688064 -0.0006530024739 -0.000653110263 -0.0006952644274 -0.0006547401524 -0.0006549283298 -0.0006547946954 -0.0006957316502 -0.0006944160734 -0.0006931721424 -0.0006932190034 -0.0006952538555 -0.0006992943188 -0.000694833927 -0.0006948509267 -0.0006948494947 -0.0006948453702 -0.0007546205045 -0.0006944911865 -0.0006944663667 -0.0006944823953 -0.0007408776069 -0.0006944984743 -0.0006945061382 -0.0006944894037 -0.0007062837127 -0.0006960693118 -0.0007234035326 -0.0006941644303 -0.0007268233338 -0.0007222738537 -0.0006992401384 -0.0007233887152 -0.0007222550805 -0.000695377457 -0.0006956518717 -0.0007483376736 -0.0006932419564 -0.0006933194322 -0.0006932595028 -0.0007594004488 -0.0006953120436 -0.000695425944 -0.0006953359711 -0.0006992070672 -0.0007587029226 -0.0007587180679 -0.0007546208208 -0.0007546137631 -0.0007408939273 -0.0007408871888 -0.0007483676365 -0.0006991552943 -0.00074776322 -0.0007652919911 -0.0007641960165 -0.0007828949227 -0.0007987870187 -0.0007234534188 -0.0007226203975 -0.0007454524029 -0.0006956671226 -0.0007483816841 -0.0007594284452 -0.0007594279113 -0.0007454717834 -0.0007587217091 -0.0007545946809 -0.0007484397111 -0.000740902162 -0.0007734448553 -0.0007982956942 -0.0008345755974 -0.0008470393794 -0.0008146923445 -0.000788735537 -0.0008699371368 -0.0008308647349 -0.0008928352869 -0.0009080177375 -0.0008113659345 -0.0009053064188 -0.000923200193 -0.0009419330468 -0.0009606658505 -0.0009756212138 -0.0007455718314 -0.000695778342 -0.000759511732 -0.0008114602326 -0.0008117532198 -0.0008099068069 -0.0007944583128 -0.0008393103074 -0.000869930204 -0.0009431318555 -0.000862321593 -0.0009764071553 -0.0009905765791 -0.001003626786 -0.0009987262606 -0.001016676993 -0.001031779835 -0.0007995855719 -0.0007647176508 -0.0008335339342 -0.0008688533905 -0.0008705383687 -0.0008698192804 -0.0009049847811 -0.0009430543874 -0.00100252674 -0.0009288954381 -0.0010478871 -0.001046882737 -0.001065237698 -0.00104583119 -0.001083592658 -0.0010987828 -0.0008654689053 -0.0008345843524 -0.0009061275622 -0.0009270170119 -0.0009300157038 -0.0009466214466 -0.0009812251579 -0.001047307904 -0.0009976681641 -0.0009877073473 -0.00111966137 -0.001138962758 -0.001113973003 -0.001157979124 -0.00112646785 -0.001191826042 -0.001205349732 -0.001176995551 -0.001220192151 -0.001191172611 -0.001102569263 -0.001235034632 -0.001247714513 -0.001260394394 -0.001272956877 -0.001264283172 -0.001285519299 -0.001302012263 -0.000905134306 -0.0009600443856 -0.0009756300122 -0.00098888275 -0.0009996194662 -0.001102641498 -0.001044893016 -0.00104595335 -0.001047206495 -0.001160470057 -0.001214735477 -0.001167490445 -0.001152768944 -0.001253528971 -0.001394637075 -0.001337019996 -0.001303141318 -0.001376331966 -0.001342773125 -0.001318505164 -0.001359552546 -0.001330639176 -0.001025686756 -0.0009762456503 -0.001412942245 -0.001410094215 -0.001431279003 -0.001038681737 -0.001048813039 -0.001113428013 -0.001175809827 -0.001107454514 -0.001099662636 -0.001449615824 -0.00146650105 -0.001222491602 -0.001227489253 -0.001219006399 -0.001296845095 -0.001415801659 -0.001354569833 -0.001096548756 -0.001090660345 -0.001047720197 -0.001483294842 -0.001483386276 -0.00150233435 -0.001143253964 -0.001123150391 -0.001174494984 -0.001158743128 -0.001235185698 -0.001521282424 -0.00153611613 -0.001483483753 -0.001284389157 -0.001307599691 -0.001430912688 -0.001380817015 -0.001164182387 -0.001119590723 -0.001550949836 -0.001562555996 -0.001556721812 -0.001574162219 -0.00159122496 -0.001677984024 -0.001189282531 -0.001222905773 -0.001209083011 -0.001222347556 -0.001286821475 -0.001336303209 -0.001539580692 -0.001484064055 -0.001367993494 -0.001442984899 -0.001270440171 -0.001230198231 -0.001191758318 -0.001630330211 -0.001589236165 -0.00166325377 -0.00163323934 -0.001608287764 -0.001648246555 -0.001620763583 -0.001692714278 -0.001707892412 -0.001704098171 -0.001723070609 -0.001738685539 -0.001685144994 -0.001260687958 -0.001261282669 -0.001352378919 -0.0013236792 -0.001406708094 -0.001590479044 -0.001523520963 -0.001456173395 -0.001854657481 -0.001851943711 -0.001864388715 -0.001874120012 -0.001837110584 -0.001925948266 -0.001321832983 -0.001300313252 -0.001264240505 -0.001639008222 -0.001777967823 -0.001736966255 -0.001819563624 -0.001785723836 -0.001754300468 -0.00180264373 -0.001770012152 -0.001715443818 -0.001343460537 -0.001385572249 -0.001496390485 -0.001456178217 -0.001604105268 -0.00154496121 -0.001857106855 -0.001939188042 -0.002 -0.001386185698 -0.001370262808 -0.001337025129 -0.001677787123 -0.001803891338 -0.001753815388 -0.00142760116 -0.001563960385 -0.001517958173 -0.001484572369 -0.001626023245 -0.001896891791 -0.001955251084 -0.002 -0.00144042971 -0.001446222215 -0.001410040529 -0.001723701896 -0.001685588071 -0.00187094729 -0.00181356578 -0.001776367926 -0.001620209094 -0.001505980581 -0.001570348234 -0.001531321003 -0.001621384034 -0.001675309035 -0.001901315685 -0.001940192504 -0.002 -0.001563681221 -0.001512248352 -0.001483295069 -0.001734893939 -0.00184156536 -0.001788567164 -0.001667238746 -0.001590534055 -0.001656165185 -0.001721667367 -0.001899404626 -0.001949273367 -0.002 -0.001627621368 -0.001593015011 -0.001556737817 -0.001866572043 -0.001776660761 -0.001814600422 -0.001706374765 -0.001667601721 -0.00176965646 -0.001899810409 -0.001937225453 -0.002 -0.00170187309 -0.001666694301 -0.001630351312 -0.001840153938 -0.001747782843 -0.001813661448 -0.00190172347 -0.001952690519 -0.002 -0.001761292291 -0.001740424844 -0.001704107387 -0.001873665064 -0.001814523008 -0.001939032281 -0.002 -0.001819254769 -0.001777985806 -0.001888355446 -0.001953218843 -0.002 -0.001884935524 -0.00185193687 -0.001939195078 -0.002 -0.001925958577 -0.002 
SCALARS fy float64 1
LOOKUP_TABLE default
0.05741818346 -0.06277005076 0.07508025205 0.0008367910178 0.001329277727 -9.709072274e-10 0.04364696153 0.08042326485 -0.04053123298 -1.421453002e-09 -0.0499198421 -0.0008367877566 1.579379207e-09 -0.001329286345 -0.0002586260883 0.2742466819 0.001696855408 0.002162204046 -0.436473213 0.5786919703 0.06478974901 0.01451136497 0.0001864782807 0.0001575781372 -1.041868596e-09 -0.0001864790786 -3.865279287e-09 -5.153291347e-12 -2.302952726e-11 3.691845846e-09 -1.382915623e-09 -8.914912278e-07 -3.330362425e-06 -0.001696822506 3.307049727e-06 0.0003026507007 1.179616644e-05 -0.002162242893 -1.660736085e-09 -4.398576481e-05 -0.002699705563 0.7983906904 -0.1310560323 0.02420332186 -0.07122280217 -0.01430190526 2.154903661e-10 0.03505050632 -0.06089348392 0.0199730193 2.851303003e-12 0.01094645921 -4.330550194e-11 -0.0006689218174 0.02254722245 -0.0001575764035 1.055783304e-09 -1.055783284e-09 5.153163579e-12 4.845225393e-16 -3.177049061e-16 -1.200659291e-10 -3.21779564e-09 8.946717735e-07 -8.574502415e-09 -1.179740748e-05 5.584670314e-09 -0.00148151501 0.002699705563 0.001481516251 1.104742721e-17 -2.028051655e-10 -0.08527708254 -0.09404796174 1.991122845e-10 -1.179912339e-10 -6.090025988e-11 -1.91351302e-11 2.05782151e-11 5.034316217e-11 2.119355365e-11 -2.548793976e-11 -1.690409614e-09 6.637394644e-16 6.253114719e-10 6.933344933e-10 -0.193110954 -1.171909298e-19 -0.03686705278 1.759708417e-09 -1.67611713e-09 3.566667812e-09 3.217144396e-11 1.162020227e-11 -6.540996736e-12 1.752312342e-12 1.895417633e-11 4.936802361e-16 4.631613979e-09 -0.0003969710829 3.744549489e-16 -0.0003363482213 -0.0001964923154 0.0001964923154 0.0002252012417 0.02526555285 2.164057207e-11 1.141414481e-05 -7.346123194e-10 7.166646266e-10 -5.333218238e-11 -3.070506042e-10 1.990384571e-10 2.413874661e-10 4.609599013e-11 -1.699741795e-10 0.0002388888414 0.0002656333074 -1.049777059e-15 -0.0002388888917 -2.27388907e-11 -6.018677813e-11 -6.052085945e-10 4.00840182e-11 -7.374495804e-06 -1.976687565e-06 7.982450748e-10 1.97523246e-06 2.775012284e-18 0.5630280063 -4.616836148e-18 9.897752683e-09 4.518886432e-09 -5.602232384e-09 -5.031306705e-09 1.464639521e-09 -4.234862961e-10 -1.152252987e-10 4.234865444e-10 -1.080596777e-15 4.579722916e-16 -4.090105265e-12 -1.095751652e-12 0.0007333193042 1.095646086e-12 -1.295689359e-16 -0.0002341574652 9.165345815e-06 0.0001288870676 0.0004810157063 3.110701892e-05 -6.612347491e-05 2.948312436e-05 0.0002192453036 0.00021989801 -0.0002198981565 -0.0002656333079 1.390296163e-15 1.009242073e-10 1.889990931e-10 5.454689177e-10 7.376129011e-06 2.492459087e-09 -5.376620689e-09 -1.35683863e-05 1.356137271e-05 -1.628956854e-18 -0.0005145806467 -1.094194141e-17 -2.856929816e-08 -2.384477137e-08 2.178179459e-08 8.64544305e-09 8.519006313e-10 -7.745938402e-10 3.368207457e-16 1.1347273e-10 -7.80017818e-17 6.715548521e-17 -8.637914941e-17 6.360010412e-17 4.090061681e-12 2.684471874e-16 -2.715263639e-16 -0.0001701090322 0.0007727204052 -0.0003181078921 -0.0004832452002 0.0002929031449 6.612352824e-05 6.145498776e-05 -0.002916513705 -0.0008109606164 -0.0002192381596 2.682226778e-09 0.000781470348 3.605117858e-10 -2.818320691e-11 -1.526730501e-10 1.459485455e-11 -4.630491234e-10 -2.900285787e-09 3.896611836e-05 0.0001416972598 -3.896539675e-05 4.159593144e-05 0.0001588873323 -8.923488128e-19 0.0001609436864 -1.276421754e-18 -4.160244315e-05 -5.917975686e-10 7.440869166e-08 1.31396461e-08 -4.34604041e-08 -7.631023382e-05 -2.04728554e-05 -1.276964637e-16 1.788912409e-17 9.302127473e-16 -6.497721028e-16 -4.695994864e-16 2.262611879e-16 2.236862289e-15 -3.850599073e-16 1.619766282e-16 4.556562918e-16 -0.0007724225261 3.684886307e-05 0.0005418950069 0.003333659574 0.000229351755 4.199932313e-11 0.0029165161 -2.068028185e-09 9.672431111e-10 3.776626503e-10 9.802773457e-10 -0.0001454209334 -7.386876176e-10 -1.56203471e-10 -0.0001551522467 2.805395855e-09 -1.581500292e-18 -0.003015849561 -6.956534564e-19 1.950096292e-10 -5.39545228e-10 -0.0001930860747 -0.0007187690811 0.0007187548464 7.631132886e-05 -2.089070392e-15 -6.79751032e-08 2.045378962e-05 -6.640479961e-16 1.181890482e-16 1.821387497e-08 2.758193386e-16 -3.750746594e-16 9.106504155e-16 -6.651165811e-16 1.862026969e-16 -2.18500788e-05 -0.0007672270564 2.656369588e-10 -0.002481335817 -0.004070732346 -2.394215842e-09 0.004070732304 -2.175515188e-09 -3.173777856e-09 -5.635451561e-10 3.249912834e-10 7.97106783e-10 -6.940545707e-05 3.281359461e-05 -5.801335478e-09 6.939984641e-05 -3.634805691e-09 1.030472536e-09 1.113256616e-09 -4.788542917e-10 5.778997051e-20 -1.499878427e-05 1.858445593e-18 -3.980844422e-07 -1.059904735e-07 3.981616454e-07 0.0001930873571 2.199307581e-10 -8.200621369e-10 -8.84027221e-09 -1.232073008e-08 -0.0004082631951 -0.0001094120073 0.0001074552282 1.397310019e-15 1.956779131e-06 -9.59700308e-09 -2.571510523e-09 -5.527098033e-16 2.571509434e-09 3.199931656e-16 -0.0001600564571 -0.0002620763433 0.001257534882 -0.001246526755 -0.001183287187 0.0009480068577 0.002597904454 0.0004346898133 0.0001187116924 -0.0002242867355 -8.270926431e-05 8.27049232e-05 -3.280890913e-05 -3.759114908e-11 -6.693626286e-10 9.414922733e-10 -5.190987593e-10 -3.311548518e-18 -0.001101498396 3.996510129e-18 1.079369796e-07 2.521829644e-10 -5.287901191e-09 -1.735841698e-08 8.840273995e-09 1.713848507e-08 0.008190947439 0.007450972165 0.0004083444258 -6.968644602e-06 -0.008190948374 7.018115134e-06 1.927430883e-16 9.597001567e-09 -2.272809626e-16 -3.075971031e-16 -9.397658751e-10 -0.001236957386 -0.004881585286 0.001583487452 -0.0008780530727 0.0007692954508 -0.00123635147 0.0008016591114 0.0002242926349 7.274053172e-10 -1.799781318e-10 6.343218436e-10 -1.679259592e-09 -5.640759531e-10 3.089598787e-10 -1.233812823e-09 -2.363247301e-10 0.0009694445551 -0.0009694438089 1.144339463e-18 0.001499033729 -3.832145995e-18 -7.795436571e-10 -3.064610506e-09 5.288099702e-09 5.719454451e-16 2.81222823e-09 -0.00677826219 0.0001802013754 -0.000647193844 -1.01484775e-15 0.0004669429981 -4.680489508e-10 -1.259349369e-10 4.27626701e-16 1.259378674e-10 -1.363970908e-15 0.0002597621129 8.172042525e-10 0.004732744181 5.040379892e-05 0.006371529939 -0.001840445156 -0.004819900415 0.004819888554 0.0001087693896 -7.094779282e-10 9.292015435e-11 3.078403064e-10 -2.109923883e-09 7.128195704e-10 -5.7240712e-11 4.267677061e-10 -3.913863458e-10 1.039487973e-09 -0.0002597617385 -5.25139685e-18 -0.006559649531 2.466406257e-17 5.424186977e-09 1.486731875e-08 -0.0006726933122 -0.0001251126858 0.0001251171506 1.660083568e-15 4.680520424e-10 1.161324522e-17 -6.75201726e-16 1.124203996e-09 -1.394603022e-09 -2.272129732e-10 1.232509412e-10 -1.164089547e-06 -4.319550516e-06 -4.644627724e-09 4.318733295e-06 -0.0001508257036 -0.002459120229 0.003547714438 6.335907752e-10 3.620203724e-10 -8.506989651e-10 5.527867368e-05 0.0002062929474 -5.527742134e-05 -2.436948344e-05 -9.094669931e-05 -3.634978487e-10 3.729066165e-09 2.436910102e-05 -1.226478906e-18 0.0001004219047 1.516898283e-17 -0.006883434927 -0.003131036597 -1.588187548e-08 0.003131020948 -5.711476584e-06 -1.535631422e-06 3.577637518e-06 -2.046470916e-06 -0.001363638858 -0.0003656427937 -9.898867479e-16 0.0003656427937 -2.696154576e-16 -3.679314025e-09 -3.303679411e-11 -0.008328081296 -0.01046542356 -0.02062033069 -0.02172375838 0.0005166707819 -6.301579446e-05 0.0001331280081 0.0005950321788 -1.504630813e-09 -1.139108095e-09 2.346520435e-05 -0.0001187213517 -2.346355623e-05 0.0003897543861 8.006773337e-05 2.39347196e-17 0.0001020521562 2.485527735e-17 0.007015037888 5.072585873e-05 5.716730713e-06 -9.579983066e-07 0.001364597483 -1.057180551e-15 -5.940880113e-16 -0.0001019442532 5.757766457e-10 2.187589435e-05 -0.003312136956 -0.003446767356 0.008328081329 0.003446767356 -9.074750905e-10 0.01046542331 0.02062149478 2.431546164e-10 -6.724524703e-10 0.02172375809 -0.000131601691 -9.720270712e-10 -3.645658593e-05 0.001101031947 0.0001202918933 0.0004705828766 -0.0003227279804 -0.0003664285433 0.0002788562971 -0.0002988071895 -8.164738073e-05 1.530930973e-10 -4.543575606e-18 9.94723804e-05 2.12896219e-17 -5.073501973e-05 -2.134910839e-09 0.0004060289353 -0.0004060250285 7.56889536e-05 -8.871566698e-06 2.489043753e-05 2.130655475e-15 -1.601949761e-05 -4.643741666e-16 8.164834653e-05 -1.542807936e-10 0.003312155285 4.890932018e-09 8.628253795e-10 1.622309547e-10 1.746708822e-06 6.507432492e-06 -1.746198598e-06 -0.001199047912 1.408272819e-05 0.0001579926508 0.001038553611 -0.0004705838121 0.001937863256 0.002717543976 -0.00161513434 -6.234460577e-05 -0.0001114942785 7.982925418e-05 3.16640585e-05 -1.269168115e-17 -0.0007753007573 -3.543874712e-17 2.766143553e-09 -0.0001087963953 3.31067985e-05 4.292411446e-06 -4.292411447e-06 -4.883691595e-15 -1.193916603e-15 -0.004902158128 -0.005195534495 0.005195516908 -1.235352318e-08 1.176494896e-08 2.202158989e-08 -4.154325438e-09 -7.140517813e-09 -5.204805263e-10 -6.509908033e-06 6.969033185e-09 0.0009646379654 -0.0007994212047 -8.439486394e-06 -0.002749044141 3.149873965e-05 0.003413522034 0.0008765547197 -0.003351176004 -3.887189513e-20 -0.0009787206935 2.381459712e-17 5.989015769e-06 1.604108771e-06 6.431708044e-10 1.953950849e-15 1.044845104e-15 -4.132019925e-14 -1.364865576e-14 -3.691523744e-15 1.163830718e-14 8.635435252e-16 0.004923547391 -6.907241194e-08 6.544915387e-08 -2.501468045e-08 -7.005406501e-10 -2.139540406e-08 2.541978818e-08 -1.894596192e-09 -0.0002523729446 -4.940867489e-05 0.0001711061772 0.0006470175742 -0.0006385769467 -0.003628657689 -0.004356658057 0.000175705553 0.003283008521 -1.637292849e-17 1.32393973e-05 2.992144613e-17 -1.64566702e-08 -5.986207929e-06 1.738773109e-08 -1.604108771e-06 1.091957505e-10 -1.286998165e-15 -3.150063015e-15 5.476468439e-15 4.789685824e-14 3.767954915e-15 -8.374665571e-16 0.0005606450868 -0.0003535043637 0.000226591676 1.851860672e-05 0.0001083977042 -0.0009051815382 -0.0002610357358 9.095069027e-08 0.0002609484787 -3.063687137e-09 3.219462569e-08 -2.559181974e-09 -3.436002906e-08 1.598488646e-09 -0.01547001928 -0.02293929543 -0.005114807934 -0.004512422946 -0.04892338771 0.003628658112 -0.0006557370362 0.05326470405 1.920738436e-17 0.01551942795 -6.034406092e-17 3.216182594e-08 -6.235750566e-10 -2.224604669e-08 -5.960810966e-09 -0.0003161399511 -3.621488942e-15 0.0003161459119 5.843780888e-16 0.0001003426757 -0.0004540493282 0.0004735369691 -6.902654405e-05 0.0009743043004 -9.253873659e-09 -0.0008672040317 0.0008671078137 6.115200493e-09 1.419339011e-09 0.02286692241 -1.932178017e-05 0.006332534642 0.02280886731 -0.001886465803 -0.001100727267 8.755724067e-05 0.0010079193 -4.09561581e-17 -0.01762168636 -9.720407117e-17 -1.841815181e-08 -3.708969299e-08 3.994309006e-08 1.63436282e-08 -0.01677315326 -0.00449439038 2.224604216e-08 -0.001179872606 0.004494390894 0.001179872606 4.870774872e-15 -0.0006549966524 -0.0007698352933 0.0003488756749 -0.001261886145 0.0004014719775 -6.482854276e-07 0.001353031058 -9.961677873e-10 -2.93346842e-08 6.202256422e-07 -0.0002860015179 -0.004822920053 0.0002950381109 -0.00034630361 -6.115743399e-17 0.000305323298 -4.289010077e-18 -6.505224682e-16 -1.577078468e-15 3.410591582e-08 -1.881382396e-07 -3.591443115e-05 -0.0001349070726 0.008973901547 -0.002089841222 0.001956352378 0.002961100916 0.0007934245991 -0.002827612072 0.001001305701 -9.345979247e-05 2.322317144e-06 -8.122337616e-10 -1.485199039e-08 2.387685107e-08 -1.298386014e-08 -0.001467450788 -0.002686755242 4.53399483e-09 0.002598432952 -0.002636186664 -0.002247437521 2.86732301e-09 0.002247429215 1.072883695e-17 -0.001049173594 -6.776734369e-17 -1.90931846e-15 1.12477251e-15 -1.980926134e-08 -8.280747972e-08 3.635973578e-05 -1.743589082e-07 0.01880291904 0.02154421392 0.007810990672 -0.0004950797259 -0.0214210458 0.0004981871466 -0.0007934245991 -4.176124899e-15 1.458819646e-15 -0.00017047703 -4.568775277e-05 -0.001014522653 3.265584036e-14 -9.466550752e-09 0.001060202968 9.467068142e-09 -7.456681235e-09 0.004075578318 -0.0007766207073 -0.007491412709 -0.01114417905 0.01114416318 0.003250688204 0.0005289129547 -0.0006144856706 -3.803109708e-17 -0.001388823076 -1.369972188e-16 3.595386458e-15 6.380137e-15 1.829213919e-15 1.050283482e-06 2.871838981e-06 -0.01865360822 3.640404165e-05 -1.781227914e-15 5.432123935e-16 0.0001704844819 -0.0005224199212 0.0005224169564 -1.281209573e-09 -1.050613255e-08 -5.145113773e-13 1.178733594e-08 -7.600039875e-08 -2.307835037e-08 -1.02294859e-06 7.593144762e-08 -0.002376882744 -0.001659659801 0.0007820955332 0.00839722535 0.0008981655848 5.877624239e-08 -0.0005286894687 -3.656822551e-17 0.001349525225 7.161463531e-18 -4.728530929e-07 0.0003976831396 -0.0003974412244 -4.924381528e-07 -1.310655743e-15 4.924381572e-07 -2.375175675e-17 -0.02545189079 -0.02588926648 -0.0001482811292 0.02588536494 -4.400129303e-05 -1.520389084e-05 0.0002400603207 6.248616487e-05 -0.00023557049 4.773729821e-05 -0.0002195296297 2.35826346e-08 -1.203197213e-08 0.0002195090119 -0.01119957299 -0.01479594038 -0.01976463256 -0.01974274602 0.002091015253 -0.002073887921 0.003921458128 -0.0008390920961 1.706800495e-06 1.969782219e-06 -6.464116891e-17 -0.0004313554521 3.758920934e-17 -2.046427941e-06 1.635332148e-07 -0.0001065346702 -8.688749765e-08 1.837804211e-06 -2.618730523e-15 0.02548322191 3.164104128e-05 0.0001048817172 -4.041989556e-05 -0.006377540627 -0.006486754557 0.006486749288 0.01119959029 -2.540149389e-12 -1.179602787e-09 0.01479593594 0.01976465582 4.259313959e-09 -2.126306476e-08 0.01974266394 -3.121687363e-05 -3.217182187e-08 -0.0006249827867 -0.002552917811 0.004454395206 0.001136564141 5.695348671e-05 0.001024369022 0.003821243133 -0.003822965633 5.502954437e-17 -0.005676982627 -3.636049029e-17 -0.006251819759 -0.00652922046 -2.390423307e-05 3.58902715e-05 -3.589011193e-05 9.616769262e-06 -2.190621278e-15 -4.096940441e-16 -1.626387757e-07 -3.233999726e-05 -8.092864415e-05 2.218713134e-06 -8.050226227e-06 0.006529195238 0.006436363175 6.051190665e-11 4.627671622e-11 8.634673127e-10 3.803006642e-10 1.220859515e-09 -5.439253474e-10 6.80798926e-07 2.419743697e-06 0.005070086945 -0.0001307891459 -0.001996083401 -0.004087373416 -4.807175327e-17 -0.002517169134 -6.477195679e-17 0.002404246927 0.006251822881 4.408291295e-09 0.000658754345 5.955315647e-10 -9.616769262e-06 -1.500861215e-14 1.05511468e-14 1.075425439e-14 1.59286028e-16 -2.450652036e-06 -8.334084267e-10 2.894259108e-06 -1.495655058e-06 -2.699878589e-06 -0.001134269193 -0.0003039268133 0.0003039258898 -8.548546662e-10 8.543566385e-10 -7.473974282e-10 -5.986004691e-10 -1.730789766e-11 1.943421196e-10 5.411759106e-11 -1.187602392e-10 -6.581319387e-07 1.142522092e-09 -7.41231876e-10 -0.004251497911 -0.0008698196422 -0.002458509327 0.001996093747 -0.0002812802164 1.106966183e-18 0.003526992786 -1.605752458e-16 0.002344803786 -0.0004243961869 -1.116809765e-15 -1.398382278e-14 1.456906209e-14 -2.416075826e-15 8.421927469e-15 -7.553524521e-11 -2.435682176e-10 2.23320218e-10 -7.236536106e-07 -1.27921622e-14 1.374191141e-15 -0.0006215440414 0.001134269837 -4.729354657e-10 0.001045935176 1.712638845e-10 7.478847902e-11 1.177984975e-09 3.616695606e-10 -1.944988253e-09 -1.947838656e-09 7.554768423e-11 8.05315792e-10 0.0007748185707 4.997922538e-05 0.0004758643391 0.0001691218125 4.645293495e-17 9.500107147e-05 -1.013951218e-17 -0.001472701627 0.0001137062617 -0.00390347818 0.001303579093 -7.932913643e-15 7.680773005e-17 -1.457950431e-15 1.061305231e-15 2.883012585e-15 1.883988787e-15 2.023861582e-11 6.030896607e-15 -7.694525432e-15 -1.128271603e-15 1.975476731e-14 1.873760414e-15 0.003902903451 -1.236501948e-06 8.82021068e-10 1.235921588e-06 -1.713555669e-07 -4.657966664e-08 2.567454804e-11 4.60486141e-08 -1.200153061e-09 -1.323319435e-09 3.616898427e-09 -3.193292264e-11 -8.875371188e-10 -0.001102414963 -0.0003021688019 -0.004865018791 -0.0005512302391 -1.223986183e-16 0.001127801638 -1.23324944e-16 0.002725639692 -0.002745617023 -4.266052216e-15 1.570238889e-15 3.906805109e-15 -1.540838217e-15 -1.359852157e-15 6.548780856e-12 1.752196453e-12 -2.233859875e-15 -6.882755684e-15 3.639694169e-15 1.202399553e-14 0.00274560444 5.800636952e-07 -9.856810559e-10 7.24778965e-09 1.717525881e-07 -2.20621685e-09 -5.808009585e-10 -1.700879229e-08 0.001309462329 0.0002699035106 1.056229806e-16 -0.001007293527 1.865973694e-17 0.002139381337 -4.441250015e-09 5.461079332e-15 -1.175073932e-14 1.167418607e-15 -1.504475458e-14 -2.525228832e-15 -0.0003147014172 0.0003146877961 1.096134879e-09 2.955905611e-08 -1.390774144e-10 -1.181912051e-10 -9.379663811e-15 -1.097962752e-14 1.164311159e-10 -3.267928862e-08 -1.437746304e-07 2.637413191e-09 1.417258802e-07 -9.91908078e-07 -2.656690006e-07 6.223973965e-09 -0.001174298515 2.635553646e-07 -0.003156313421 -0.004173605573 -1.00961576e-16 5.231463592e-17 0.0006140243699 9.437772282e-09 0.002272373864 4.187629704e-09 -2.334343855e-11 8.985638801e-15 -3.275947119e-15 0.001174312796 -7.102081501e-09 8.348870946e-09 -8.285857422e-10 4.345419035e-10 -8.7109043e-15 -6.473371263e-09 3.723780317e-08 -2.671136345e-09 6.37943799e-09 9.85537797e-07 -3.014764734e-08 -0.001142779203 1.929877587e-08 0.00114277577 0.004977772042 0.003148018559 2.647641278e-17 -0.0008041664683 1.387469406e-16 0.0006087286487 -5.879797197e-08 -2.061087931e-06 2.482549964e-10 -1.371237533e-08 2.11545e-06 -1.020703813e-09 -1.373965135e-14 1.020707585e-09 9.237432156e-16 7.246012751e-15 5.830978295e-16 -0.0003971314618 -0.0001064609073 2.020959066e-08 0.0001064394509 -0.0007410842726 -0.0001986126959 -6.464371753e-16 -3.809301479e-09 0.000198613229 -1.220670106e-06 -3.679792434e-07 3.68744833e-07 9.867573971e-09 -0.001523615252 -1.59173951e-09 -0.002122083605 -0.002808020652 -0.004078274365 -0.001240527044 -6.630061721e-17 5.43631371e-17 0.0003213123017 0.0005071307983 0.001894964726 -0.00189474987 -0.005545207746 -0.005736365195 3.80930948e-09 -3.688734782e-15 -7.148710172e-15 1.544739534e-14 -4.755485853e-15 -1.253919729e-15 0.0008302266329 0.0001160117226 0.0007411141103 8.25314599e-15 -0.002648637393 -0.002874430745 -0.004152561953 -0.004938348698 0.004938216195 0.003645984625 -1.532653143e-07 -4.694347997e-05 0.002632415096 -0.0003734405228 0.0001159509074 0.00222474838 0.0007146948712 7.385217904e-17 -0.0009842213358 1.399074746e-16 0.005736365204 0.00264987178 -1.402859137e-11 -0.001160682099 -0.001975137682 0.005545775878 4.889358368e-09 -8.384688512e-15 1.144928654e-14 -1.656510148e-15 1.710277867e-15 6.3762794e-15 -0.0001370534072 -0.0006868893869 4.395442746e-15 0.0005708478266 -5.551504424e-10 -1.487553425e-10 1.093968939e-14 1.487503391e-10 4.293508736e-11 0.002874430606 0.004152562553 -3.366843034e-08 -4.600248236e-10 2.858378288e-08 -1.178153902e-07 4.70318896e-05 -1.597315005e-05 -0.001899932296 -0.0004692087432 -2.833790681e-17 0.001185236501 0.001160683022 9.275749048e-17 -5.915588828e-09 -3.006787471e-05 -0.0001122158244 3.006890094e-05 -2.628708786e-09 0.001467439357 1.563322998e-09 1.349761631e-10 -7.407843694e-10 5.229520218e-15 1.468486814e-14 3.724420069e-15 -1.655447423e-14 -2.332176048e-16 0.000152985668 -5.71298361e-09 5.551586762e-10 7.541247408e-15 2.580499723e-09 3.723722453e-09 -5.856263447e-09 7.157377623e-09 5.979200297e-11 9.190922193e-10 1.688278283e-09 2.586581891e-08 1.851652736e-09 -4.080211077e-09 6.822092906e-09 2.132119016e-08 1.274595212e-08 1.308925128e-16 -0.003084222952 -0.002818316393 0.003553431695 2.731951314e-16 -0.0001976744219 5.924034137e-05 -0.001101630371 -0.0008081915814 1.303376013e-14 -5.161096897e-15 -5.692314685e-10 3.923142234e-09 -1.641622146e-14 1.789875923e-09 -6.771820361e-15 8.946727801e-15 3.747247342e-15 -6.658880693e-15 4.499063613e-09 1.625167492e-09 1.264124377e-09 -2.9221016e-09 -2.841416242e-09 -2.592774913e-09 6.733805197e-09 6.820193339e-10 5.296836051e-05 9.707108749e-17 3.831318426e-16 -2.750777527e-15 9.585801172e-17 4.464994795e-16 0.003919949393 0.00100586444 7.524684526e-15 8.363063655e-15 5.692356858e-10 2.299608224e-14 1.180316843e-14 1.123719372e-14 -2.889282362e-09 4.844422383e-09 -6.820315494e-10 -6.082191417e-11 -2.797846784e-15 -8.980194599e-16 -7.572382209e-16 -8.177224342e-17 1.336897856e-16 -5.027306772e-16 7.792340034e-17 -2.123928006e-17 -9.408212501e-17 -1.13722751e-16 -7.148414041e-15 2.275220394e-15 3.136345845e-18 7.212211919e-17 1.317406102e-16 1.391407916e-16 9.380240111e-15 -4.715722526e-15 5.159253965e-15 -2.319352139e-15 -7.454269195e-15 -9.131757808e-15 -2.500644972e-15 3.211051081e-16 -1.749411504e-15 6.379656124e-15 -7.648902851e-15 2.900858096e-16 2.817240062e-16 -2.933858611e-16 -2.623935026e-14 -5.272795094e-17 -9.324838746e-17 -6.707425831e-16 3.867104741e-15 9.136187684e-15 3.496882349e-16 1.156682358e-15 -2.934830249e-15 6.072163563e-15 1.682685867e-14 -8.302519474e-16 6.844716969e-15 -9.234972451e-16 -2.795185027e-16 2.448246974e-16 -2.512478902e-15 -5.377862556e-18 4.705422459e-16 9.770525999e-15 2.019647095e-15 1.011166068e-14 -1.252286882e-14 1.023484331e-14 -9.313540607e-15 -9.124415585e-15 1.040868991e-14 -5.244300943e-15 -7.896593717e-15 -3.223139516e-15 -4.03184999e-17 9.153443091e-17 1.629467123e-16 6.34023699e-16 1.959571324e-15 2.72853883e-16 -6.47576512e-17 9.876096266e-17 2.60458536e-16 -1.008030277e-14 1.055658877e-16 -3.333424706e-16 1.345441506e-16 4.087264327e-16 -1.816093009e-15 -7.618577474e-17 -1.516316705e-16 2.482480827e-15 1.587647513e-14 -4.944745412e-17 1.273505227e-14 1.831612716e-14 -1.769594009e-14 -1.14322329e-14 5.986786625e-15 8.465167866e-15 -1.710175979e-14 -1.348606996e-14 -1.3609678e-14 1.896746532e-15 -2.317717407e-15 -1.418525072e-16 7.070740592e-15 4.610714105e-15 3.10066472e-17 -1.470226691e-16 2.044294643e-16 -1.905574468e-16 -2.813649985e-16 -1.889989962e-15 4.461701527e-15 -1.579622107e-16 1.21218212e-14 3.886622507e-17 -5.296534712e-15 -3.134225405e-15 1.170506677e-15 2.010986025e-15 1.936226685e-15 -1.457235927e-14 -3.95256968e-16 4.980654508e-16 -1.349508668e-14 -1.524172658e-14 1.240003031e-14 2.215658915e-14 1.739571085e-14 4.270597183e-16 1.001621225e-14 5.913282642e-15 1.442777435e-14 -6.831614705e-15 3.994063877e-17 1.619977957e-16 8.994123212e-15 5.016231711e-15 -1.930107549e-14 1.028103551e-14 -7.266311313e-15 1.170870429e-17 -5.024843928e-16 -3.296280373e-14 -1.065277752e-14 5.561750575e-15 -1.466818845e-14 -4.739506894e-15 -1.008860619e-14 -7.081797309e-15 2.462933232e-16 -1.030127575e-16 -2.768376261e-15 3.804633615e-16 4.314259167e-17 3.604585848e-16 -1.139561059e-14 1.347711126e-14 1.343084134e-14 -1.151170715e-14 -3.44216508e-16 1.818109973e-14 3.877452135e-15 1.899472358e-14 1.706008424e-15 -2.944393463e-15 -5.367782677e-15 1.036503362e-14 5.346191278e-15 -1.679397166e-14 2.317008417e-14 1.044849343e-16 -2.243598822e-16 -2.036632655e-16 3.87397321e-16 1.93116512e-16 -4.460307922e-17 1.782396029e-16 1.350294236e-14 1.282157945e-16 4.351523072e-16 -1.998159039e-14 -3.605769599e-15 4.200048762e-15 -1.773465789e-14 -2.418164715e-15 -1.013548984e-14 -1.07025407e-14 1.045301231e-14 -2.190673995e-14 4.513358541e-16 9.196717532e-15 1.308772679e-16 -2.952666085e-17 -2.457280118e-16 -1.521443595e-14 8.388722401e-15 -1.190291138e-14 -1.205123995e-14 1.366396599e-15 -2.118295514e-15 5.222651747e-15 -3.328208246e-16 -1.158207988e-16 2.057701743e-16 2.770896792e-16 1.03187617e-16 2.599455695e-14 1.488251775e-14 3.30663642e-15 7.581284538e-15 -3.827649986e-15 -1.071436285e-14 1.801627602e-14 2.278815063e-14 -2.376544798e-15 -0.02319236234 -2.939799865e-14 -2.059610073e-14 -3.59333452e-16 -6.534038519e-15 8.162332093e-15 1.245358979e-15 4.984387083e-15 7.608924917e-15 -1.550048165e-15 -6.784939525e-15 1.269993863e-14 4.260074789e-14 -2.936948932e-14 -0.09467674372 1.877817516e-15 -1.494327448e-14 -1.849552847e-15 1.143890933e-14 2.837399966e-16 -3.417023628e-14 -1.645007615e-14 -2.017722711e-14 5.377111686e-15 1.249334237e-14 4.332712544e-15 -1.855787312e-14 -6.321127047e-15 -1.640970185e-14 -3.189994901e-15 -8.939630195e-16 -0.1602587789 1.360734554e-14 -1.831392742e-14 -1.386423708e-14 -1.704590279e-16 2.589924997e-16 1.052152563e-17 -3.041665985e-15 1.237731553e-15 -8.148298134e-16 -8.291058232e-15 -3.076590593e-14 5.62651842e-15 -0.208413138 1.290555233e-14 -8.573253015e-15 -1.048933092e-14 5.653258932e-15 2.727952298e-15 1.224002827e-14 2.811563164e-14 -2.507101756e-14 2.506571238e-14 2.78214661e-14 -6.572550884e-15 -0.2277205662 1.126720929e-14 -2.352812656e-14 -6.756930951e-15 9.310176245e-15 7.846905812e-16 -6.49909031e-15 -3.298890558e-14 1.862910689e-14 -0.2253610765 2.594272759e-14 2.071591327e-14 5.899098731e-15 1.488644777e-14 8.557773872e-15 -1.222674049e-14 -0.2058080674 1.010120406e-14 -7.457176582e-15 -9.09848863e-15 -6.079845265e-15 -0.1554715754 7.320044913e-15 -4.450130925e-15 -3.880968568e-14 -0.09056573715 8.967929565e-15 -0.01960462578 
SCALARS σxx float64 1
LOOKUP_TABLE default
615.1163917 638.8321707 357.3330327 638.8321707 638.8321707 615.1163917 615.1163917 763.702768 267.4470973 357.3330327 357.3330327 961.6266031 961.6266031 961.6266031 267.4470973 267.4470973 763.702768 763.702768 -7725.92144 -9370.39184 379.5559133 83.67856738 379.5559133 379.5559133 56.20091173 971.3397089 56.20091173 56.20091173 1304.946913 404.9758259 1016.682084 404.9758259 404.9758259 135.5245371 235.2456065 -7725.92144 -7725.92144 135.5245371 135.5245371 -3568.857654 -9370.39184 -9370.39184 -35378.67837 1062.619725 1002.714502 655.263213 655.263213 655.263213 310.797697 -36.15134642 -36.15134642 -36.15134642 83.67856738 7.590769596 83.67856738 971.3397089 971.3397089 542.3443009 1304.946913 1304.946913 1072.487074 1016.682084 1016.682084 235.2456065 235.2456065 -3568.857654 -3568.857654 -8598.779169 -35378.67837 -16061.0989 -35378.67837 1062.619725 3114.969151 1062.619725 1002.714502 1002.714502 310.797697 310.797697 7.590769596 7.590769596 -344.2893373 175.8399266 542.3443009 542.3443009 1072.487074 1072.487074 7970.913038 0.0 0.0 312.1977519 1475.570156 312.1977519 312.1977519 -2882.965404 -511.3806177 -2882.965404 -2882.965404 -4852.305975 -8598.779169 -8598.779169 -11181.58414 -16061.0989 -16061.0989 -28601.74008 7970.913038 7970.913038 224.9427104 3114.969151 3114.969151 -209.3599084 224.9427104 224.9427104 439.3158407 -344.2893373 -344.2893373 473.7519507 175.8399266 175.8399266 71.66670729 668.3448664 71.66670729 71.66670729 1372.917338 1520.116236 1372.917338 1372.917338 1365.670923 1868.671278 0.0 14315.99759 0.0 1365.670923 1365.670923 1475.570156 1475.570156 -369.434839 -511.3806177 -511.3806177 -1316.683326 -4852.305975 -4852.305975 -11181.58414 -11181.58414 -28601.74008 -14290.97821 -28601.74008 14315.99759 14315.99759 -209.3599084 -209.3599084 1202.419931 439.3158407 439.3158407 473.7519507 473.7519507 373.9573306 668.3448664 668.3448664 -239.9361021 1520.116236 1520.116236 1868.671278 1868.671278 1653.712506 1648.217314 1761.126334 0.0 11765.83848 0.0 1653.712506 1653.712506 1222.856418 -369.434839 -369.434839 566.3786613 -1316.683326 -1316.683326 -6887.18722 -3362.747843 -6887.18722 -6887.18722 -14290.97821 -14290.97821 -20786.14519 11765.83848 11765.83848 1202.419931 1202.419931 -1366.323759 -320.9399324 786.1153232 -320.9399324 -320.9399324 373.9573306 373.9573306 12.75942286 -239.9361021 -239.9361021 596.7940668 611.3249808 596.7940668 596.7940668 1648.217314 1648.217314 1586.752249 1761.126334 1761.126334 0.0 5388.348756 0.0 1336.016197 1465.826721 1222.856418 1222.856418 1275.823479 566.3786613 566.3786613 -3362.747843 -3362.747843 -5324.413531 -12401.76653 -6787.374488 -12401.76653 -12401.76653 -20786.14519 -14121.85311 -20786.14519 5388.348756 5388.348756 -1366.323759 -1366.323759 786.1153232 786.1153232 12.75942286 12.75942286 611.3249808 611.3249808 1586.752249 1586.752249 887.171605 787.4244557 1336.016197 1336.016197 0.0 14142.54797 0.0 1465.826721 1465.826721 1275.823479 1275.823479 277.4531853 -1005.016381 -363.2551266 -1005.016381 -1005.016381 -5324.413531 -5324.413531 -1406.889243 -6787.374488 -6787.374488 -14121.85311 -14121.85311 -20913.47633 14142.54797 14142.54797 -531.8965655 -531.8965655 -531.8965655 633.886744 133.9927168 633.886744 633.886744 887.171605 887.171605 463.45686 787.4244557 787.4244557 1346.940593 1118.713777 1346.940593 1346.940593 848.1789241 941.6006026 0.0 10291.62558 0.0 848.1789241 848.1789241 777.8880119 277.4531853 277.4531853 -121.9635451 -363.2551266 -363.2551266 -1406.889243 -1406.889243 -3202.491759 -13329.85787 -4991.60334 -13329.85787 -13329.85787 -20913.47633 -14722.66904 -20913.47633 10291.62558 10291.62558 1499.567837 1499.567837 1499.567837 -811.277895 133.9927168 133.9927168 -161.8302188 463.45686 463.45686 1104.712811 1118.713777 1118.713777 1032.614139 941.6006026 941.6006026 0.0 13514.98663 0.0 777.8880119 777.8880119 -121.9635451 -121.9635451 -1087.735026 -517.8931592 -1087.735026 -1087.735026 -3202.491759 -3202.491759 -76.31015411 -4991.60334 -4991.60334 -14722.66904 -14722.66904 -21064.1443 -332.2704564 13514.98663 13514.98663 -811.277895 -811.277895 -161.8302188 -161.8302188 1065.503995 1104.712811 1104.712811 1056.137002 1032.614139 1032.614139 825.1883641 940.0049588 825.1883641 825.1883641 225.5342674 -237.5741192 0.0 5258.592354 0.0 -332.2704564 -332.2704564 -517.8931592 -517.8931592 -278.3702966 -76.31015411 -76.31015411 -595.6230112 -12658.85603 -4599.121673 -12658.85603 -12658.85603 -21064.1443 -14352.05132 -21064.1443 225.5342674 225.5342674 5258.592354 5258.592354 -296.0057188 -296.0057188 -296.0057188 155.208489 1065.503995 1065.503995 680.7938228 1056.137002 1056.137002 940.0049588 940.0049588 1710.901902 1288.379658 -237.5741192 -237.5741192 0.0 17504.3302 0.0 -278.3702966 -278.3702966 -595.6230112 -595.6230112 -4599.121673 -4599.121673 -14352.05132 -14352.05132 -21585.50388 140.8090195 -977.8883412 -790.3446877 -729.1001524 -790.3446877 -790.3446877 -1038.485796 -137.7682996 17504.3302 17504.3302 155.208489 155.208489 680.7938228 680.7938228 1710.901902 1710.901902 1338.901071 1288.379658 1288.379658 140.8090195 140.8090195 750.9221681 0.0 6768.58906 0.0 -1038.485796 -1038.485796 1105.784048 1580.280994 1105.784048 1105.784048 -11200.27935 -3910.195292 -11200.27935 -11200.27935 -21585.50388 -13639.67021 -21585.50388 -977.8883412 -977.8883412 -729.1001524 -729.1001524 -137.7682996 -137.7682996 6768.58906 6768.58906 1715.910969 1715.910969 1715.910969 1232.357133 1338.901071 1338.901071 1428.296221 750.9221681 750.9221681 0.0 13146.22956 0.0 1580.280994 1580.280994 -3910.195292 -3910.195292 -13639.67021 -13639.67021 -19466.07732 1189.76303 -1206.367286 -66.18969458 -1206.367286 -1206.367286 391.1101485 -557.6981364 391.1101485 391.1101485 1057.776289 -220.5548725 1057.776289 1057.776289 1149.451453 1081.868108 13146.22956 13146.22956 1232.357133 1232.357133 1428.296221 1428.296221 1784.611213 1189.76303 1189.76303 1867.963913 0.0 5903.02881 0.0 1149.451453 1149.451453 -4520.866964 941.3841148 -4520.866964 -4520.866964 -10258.62218 -19466.07732 -12378.75042 -19466.07732 -66.18969458 -66.18969458 -557.6981364 -557.6981364 -220.5548725 -220.5548725 1081.868108 1081.868108 1200.343675 5903.02881 5903.02881 2341.233582 2341.233582 2341.233582 1784.611213 1784.611213 1377.66242 1867.963913 1867.963913 450.4992933 -193.7909273 0.0 10676.67456 0.0 941.3841148 941.3841148 -10258.62218 -10258.62218 -12378.75042 -12378.75042 -18591.35081 450.4992933 450.4992933 1368.037095 255.9188171 -981.7207675 255.9188171 255.9188171 -174.2964814 1200.343675 1200.343675 727.1458983 10676.67456 10676.67456 1377.66242 1377.66242 1340.352975 -193.7909273 -193.7909273 1441.335695 0.0 8821.91738 0.0 -1675.416277 -1675.416277 -1675.416277 -7784.166915 -4545.593606 -7784.166915 -7784.166915 -18591.35081 -11979.07276 -18591.35081 1368.037095 1368.037095 -981.7207675 -981.7207675 -174.2964814 -174.2964814 727.1458983 727.1458983 8821.91738 8821.91738 1340.352975 1340.352975 2770.113939 1441.335695 1441.335695 -424.9894976 -663.7538155 0.0 7097.04107 0.0 961.4374133 -242.0582912 1115.099933 -242.0582912 -242.0582912 -4545.593606 -4545.593606 -1898.152741 -11979.07276 -11979.07276 -15907.12593 -424.9894976 -424.9894976 1515.528397 1164.493806 1043.554897 1164.493806 1164.493806 -78.66833624 -242.6305124 -78.66833624 -78.66833624 961.4374133 961.4374133 339.4773124 7097.04107 7097.04107 2770.113939 2770.113939 -527.4731115 -663.7538155 -663.7538155 -224.9753166 0.0 5713.999452 0.0 1115.099933 1115.099933 -1898.152741 -1898.152741 -6507.241691 -15907.12593 -9243.44257 -15907.12593 1515.528397 1515.528397 1043.554897 1043.554897 -242.6305124 -242.6305124 1109.135771 272.6374611 339.4773124 339.4773124 5713.999452 5713.999452 -527.4731115 -527.4731115 -224.9753166 -224.9753166 1112.303635 220.8382043 0.0 7217.675249 0.0 74.94036165 386.0659188 371.8989735 485.3636383 371.8989735 371.8989735 -6507.241691 -6507.241691 -835.9250458 -9243.44257 -9243.44257 1112.303635 1112.303635 1109.135771 1109.135771 1803.259173 272.6374611 272.6374611 74.94036165 74.94036165 10.04385986 7217.675249 7217.675249 220.8382043 220.8382043 0.0 9148.760454 0.0 -11489.33481 -17230.24406 386.0659188 386.0659188 485.3636383 485.3636383 -835.9250458 -835.9250458 -2647.610976 -11489.33481 -11489.33481 -6216.662245 1803.259173 1803.259173 10.04385986 10.04385986 -241.6758609 89.08896138 8.845405017 9148.760454 9148.760454 268.2757611 106.9822056 268.2757611 268.2757611 1559.766846 1707.935064 0.0 6101.348864 0.0 -17230.24406 -17230.24406 89.08896138 89.08896138 509.1198509 433.3115567 509.1198509 509.1198509 -2647.610976 -2647.610976 796.1169835 -6216.662245 -6216.662245 -11943.29276 -10175.31297 1559.766846 1559.766846 687.282474 -241.6758609 -241.6758609 0.8237922174 8.845405017 8.845405017 6101.348864 6101.348864 106.9822056 106.9822056 1121.771478 1707.935064 1707.935064 1274.437553 0.0 7411.914932 0.0 -11943.29276 -11943.29276 -17560.1978 433.3115567 433.3115567 796.1169835 796.1169835 -10175.31297 -10175.31297 687.282474 687.282474 0.8237922174 0.8237922174 -392.5516058 -193.5602029 68.20079328 -193.5602029 -193.5602029 -138.3138772 268.3949881 7411.914932 7411.914932 1121.771478 1121.771478 1706.427983 1274.437553 1274.437553 0.0 7982.998619 0.0 1324.866043 -736.2291818 439.8207777 -6338.486787 -17560.1978 -12272.25623 -17560.1978 -138.3138772 -138.3138772 1344.487444 1539.063604 1344.487444 1344.487444 -6338.486787 -6338.486787 -2418.128945 -736.2291818 -736.2291818 -392.5516058 -392.5516058 729.4560154 68.20079328 68.20079328 268.3949881 268.3949881 7982.998619 7982.998619 1706.427983 1706.427983 1324.866043 1324.866043 0.0 4990.556864 0.0 874.6448236 439.8207777 439.8207777 1077.727225 -12272.25623 -12272.25623 1539.063604 1539.063604 -2418.128945 -2418.128945 729.4560154 729.4560154 955.3675621 390.2508963 -298.6709417 390.2508963 390.2508963 1030.298937 -442.5959003 1030.298937 1030.298937 1373.866782 512.5993825 4990.556864 4990.556864 1502.621847 1502.621847 1502.621847 874.6448236 874.6448236 788.0580336 0.0 6826.913214 0.0 1077.727225 1077.727225 -3721.407068 -10655.82582 -6399.784411 -10655.82582 -10655.82582 -15288.99358 1373.866782 1373.866782 -3721.407068 -3721.407068 13.04520849 716.5248465 955.3675621 955.3675621 82.44294064 -298.6709417 -298.6709417 -442.5959003 -442.5959003 512.5993825 512.5993825 6826.913214 6826.913214 788.0580336 788.0580336 0.0 8627.113613 0.0 -652.1423456 716.5248465 716.5248465 -204.9279645 -6399.784411 -6399.784411 -9398.191549 -15288.99358 -10421.67413 -15288.99358 719.2344854 543.5923803 13.04520849 13.04520849 -910.3869348 82.44294064 82.44294064 1798.257039 682.8454559 725.4858732 682.8454559 682.8454559 687.3387683 108.4121374 687.3387683 687.3387683 719.2344854 719.2344854 712.2406248 8627.113613 8627.113613 -652.1423456 -652.1423456 1531.523832 0.0 4301.809236 0.0 -204.9279645 -204.9279645 -9398.191549 -9398.191549 -10421.67413 -10421.67413 -13789.07306 543.5923803 543.5923803 -910.3869348 -910.3869348 -5542.527722 -4213.05621 1109.148692 1798.257039 1798.257039 1187.434674 725.4858732 725.4858732 108.4121374 108.4121374 712.2406248 712.2406248 676.7302798 983.9595211 4301.809236 4301.809236 1531.523832 1531.523832 0.0 5842.641093 0.0 99.15759042 1109.148692 1109.148692 602.9234651 -5542.527722 -5542.527722 -9534.253362 -13789.07306 -10292.31453 -13789.07306 676.7302798 676.7302798 -1283.57525 -4213.05621 -4213.05621 -2153.254034 1187.434674 1187.434674 1333.645278 1544.463775 1333.645278 1333.645278 1067.774752 822.5339913 1067.774752 1067.774752 983.9595211 983.9595211 755.1187454 5842.641093 5842.641093 99.15759042 99.15759042 0.0 3338.704267 0.0 602.9234651 602.9234651 -9534.253362 -9534.253362 -10292.31453 -10292.31453 -12175.27417 -1283.57525 -1283.57525 -2153.254034 -2153.254034 -6360.34098 -5719.716186 1185.940062 1544.463775 1544.463775 1268.638315 822.5339913 822.5339913 755.1187454 755.1187454 3338.704267 3338.704267 0.0 6598.938797 0.0 1185.940062 1185.940062 -6360.34098 -6360.34098 -12175.27417 -9535.26396 -12175.27417 1282.829735 1137.292023 -1509.333356 729.2283288 -1509.333356 -1509.333356 -5719.716186 -5719.716186 -2611.533343 1268.638315 1268.638315 1093.879145 1229.805378 1093.879145 1093.879145 1282.829735 1282.829735 1103.33554 6598.938797 6598.938797 0.0 0.0 3635.314664 1510.502444 2040.697952 1510.502444 1510.502444 -9535.26396 -9535.26396 1137.292023 1137.292023 729.2283288 729.2283288 -2611.533343 -2611.533343 736.3866968 1229.805378 1229.805378 692.7520208 1103.33554 1103.33554 944.0247393 1597.079221 1517.025862 3635.314664 3635.314664 0.0 5710.288909 0.0 2040.697952 2040.697952 969.4355542 736.3866968 736.3866968 1271.916556 -5054.917111 -8463.742047 -6405.666682 -8463.742047 -8463.742047 -11043.77102 1597.079221 1597.079221 -438.2361291 1285.218457 -438.2361291 -438.2361291 -5054.917111 -5054.917111 -2053.566326 692.7520208 692.7520208 1013.100382 944.0247393 944.0247393 986.0872691 1517.025862 1517.025862 5710.288909 5710.288909 0.0 0.0 5345.661642 969.4355542 969.4355542 2731.379241 1271.916556 1271.916556 -6405.666682 -6405.666682 -7831.492902 -11043.77102 -8416.468151 -11043.77102 1285.218457 1285.218457 -2053.566326 -2053.566326 1013.100382 1013.100382 986.0872691 986.0872691 927.1508025 1459.91135 1010.065021 1459.91135 1459.91135 633.3744907 1542.342162 5345.661642 5345.661642 0.0 4475.94076 0.0 1342.678064 1266.227083 835.0825465 2731.379241 2731.379241 1342.678064 1342.678064 -7831.492902 -7831.492902 -8416.468151 -8416.468151 -10580.48668 633.3744907 633.3744907 -3180.15578 -584.4470871 -3180.15578 -3180.15578 -5920.738467 -4875.112408 1266.227083 1266.227083 927.1508025 927.1508025 282.8696673 1010.065021 1010.065021 1542.342162 1542.342162 4475.94076 4475.94076 0.0 4282.208685 2142.022135 0.0 1291.238036 835.0825465 835.0825465 1389.811682 2142.022135 2142.022135 1291.238036 1291.238036 646.224087 -5920.738467 -5920.738467 -10580.48668 -8221.161734 -10580.48668 -584.4470871 -584.4470871 -4875.112408 -4875.112408 282.8696673 282.8696673 893.5234792 836.7191139 665.4027599 836.7191139 836.7191139 509.6734163 1275.112141 509.6734163 509.6734163 -1335.112065 273.179573 0.0 4282.208685 4282.208685 7786.188773 0.0 1389.811682 1389.811682 646.224087 646.224087 -8221.161734 -8221.161734 -1335.112065 -1335.112065 -4440.133872 -2915.919915 -4440.133872 -4440.133872 -7475.086192 -5694.587799 893.5234792 893.5234792 665.4027599 665.4027599 1275.112141 1275.112141 273.179573 273.179573 1474.670452 0.0 0.0 5871.264086 0.0 0.0 4144.498849 1987.082125 -7475.086192 -7475.086192 -2915.919915 -2915.919915 -5694.587799 -5694.587799 1067.743835 696.5858463 -1204.561817 191.5761026 1646.014648 4596.274413 6068.519596 0.0 0.0 3096.847788 0.0 0.0 0.0 0.0 1374.639103 5134.670201 0.0 0.0 0.0 0.0 -7533.852896 -10891.02525 -4665.146932 845.2038235 230.8393937 -2489.114429 -584.3975623 2311.071425 3699.95298 4021.341426 1501.831794 4798.427313 0.0 0.0 4151.811505 0.0 0.0 -6150.507242 -7818.380499 -4359.170903 -2708.997007 482.7905627 -1263.582012 2362.512338 3190.141862 3273.305811 1198.528659 4797.578316 0.0 0.0 3818.640437 0.0 0.0 -5838.988794 -7447.393088 -4256.785462 -2514.543922 -272.1155945 -1322.08212 2168.56162 2531.355215 1159.47875 246.8034645 4209.032063 0.0 0.0 0.0 0.0 3746.62185 0.0 0.0 0.0 0.0 3127.697241 0.0 0.0 0.0 0.0 3710.4533 0.0 0.0 -6499.741769 -4715.888522 -3555.56965 -2079.523532 -869.4081366 2078.929404 1649.258756 587.3286934 -381.6294254 3205.790065 3260.090762 2378.619044 1631.131401 2758.222132 0.0 3289.160802 2679.238061 0.0 0.0 0.0 0.0 0.0 -4121.073525 -5414.412324 0.0 2957.725655 0.0 -2703.849755 -1565.398475 1033.316029 1062.511132 -81.7270087 -939.0352064 0.0 0.0 700.9918896 2300.076639 1542.226107 2335.832077 2388.816816 2173.166698 -3145.130162 -4025.506277 -4887.358991 2570.5059 0.0 0.0 -2688.503441 -1898.886861 158.4249534 -783.6749636 164.1552566 0.0 0.0 2048.024892 759.2945181 1722.790942 1911.671432 1594.114448 -3282.049864 -4627.232482 0.0 0.0 2127.269715 0.0 0.0 0.0 -2209.870172 -2706.375458 -1389.267034 -557.6958059 -218.3689685 316.5158732 1630.034022 1578.715774 855.0912807 1235.063233 -2589.029399 -3198.089377 -4044.400003 1892.159097 1613.912568 0.0 0.0 0.0 0.0 0.0 0.0 0.0 1409.441753 0.0 0.0 1316.066287 -2004.662017 -1142.178607 -193.7357694 -737.0600656 143.0380295 1321.169847 1071.971825 631.8344967 0.0 776.9131677 0.0 0.0 0.0 414.177846 -2188.706509 -3026.189439 -3721.387681 1218.587322 1125.988998 1100.457825 0.0 0.0 0.0 0.0 0.0 940.2742165 -1391.039348 -615.8747928 135.6286905 -352.8767838 938.9515538 527.7323152 571.1062777 294.1711185 163.1747141 -1853.985371 -2471.546291 -3439.365452 671.6524993 622.6982478 565.7779759 -1199.513149 4.918810892 -431.5906743 -817.7647499 369.5901138 379.6986135 152.5588966 42.38193981 -1891.78574 -2358.653212 -2830.644358 417.5616201 308.7020034 313.3160901 422.4613275 291.826674 -182.4523098 -1241.350497 -529.8680142 -833.4824806 -518.0021329 39.2168489 143.5883459 157.5449603 -5.135704667 -1496.130218 -1999.012686 -2637.257951 106.1756286 198.2993519 116.7479323 -345.0122494 -982.1497482 -665.0891303 -205.5014076 77.03462125 45.88236561 7.254743594 -1270.048935 -1712.528734 -2221.425737 -10.90798913 -114.0385764 -21.69674026 -500.4569129 -889.5884575 -337.9642721 -89.53416107 -7.666078833 9.1321496 -1057.707729 -1434.941835 -1869.984359 -195.5640402 -679.3968305 -423.7286953 -139.4321537 -45.59807993 -6.021666445 -827.3786264 -1109.903898 -1473.694517 -303.782104 -551.6481759 -168.0485484 -8.755457835 -765.8545293 -1176.555189 -392.2968769 -155.7038163 5.89214564 -499.0611062 -631.3708889 -254.3417607 -52.34034893 -501.4315844 -112.2194923 
SCALARS σyy float64 1
LOOKUP_TABLE default
123.0232783 64.25505126 71.46660655 64.25505126 64.25505126 123.0232783 123.0232783 417.2625482 53.48941946 71.46660655 71.46660655 -1607.457109 -1607.457109 -1607.457109 53.48941946 53.48941946 417.2625482 417.2625482 1043.992791 -1874.078368 -65.09107478 16.73571348 -65.09107478 -65.09107478 -1482.694892 -3343.360107 -1482.694892 -1482.694892 -1814.682131 -1296.271948 -1760.437962 -1296.271948 -1296.271948 65.61383555 -1401.044932 1043.992791 1043.992791 65.61383555 65.61383555 -1581.002296 -1874.078368 -1874.078368 684.3758492 212.5239451 778.2275025 131.0526426 131.0526426 131.0526426 83.46039023 -7.230269284 -7.230269284 -7.230269284 16.73571348 -218.2736125 16.73571348 -3343.360107 -3343.360107 -2296.310833 -1814.682131 -1814.682131 -1637.952311 -1760.437962 -1760.437962 -1401.044932 -1401.044932 -1581.002296 -1581.002296 -636.5776086 684.3758492 -1035.481393 684.3758492 212.5239451 426.2697619 212.5239451 778.2275025 778.2275025 83.46039023 83.46039023 -218.2736125 -218.2736125 8.334766998 -641.9505587 -2296.310833 -2296.310833 -1637.952311 -1637.952311 1594.182608 0.0 0.0 -1449.256073 -1562.761111 -1449.256073 -1449.256073 -1566.366312 -2310.21068 -1566.366312 -1566.366312 -2727.489293 -636.5776086 -636.5776086 -1252.811478 -1035.481393 -1035.481393 1578.40524 1594.182608 1594.182608 -287.7294553 426.2697619 426.2697619 -124.1266291 -287.7294553 -287.7294553 -1242.074943 8.334766998 8.334766998 -1194.024243 -641.9505587 -641.9505587 -1889.564959 -3661.983757 -1889.564959 -1889.564959 -1091.027592 -1554.705343 -1091.027592 -1091.027592 583.5273211 -181.1076627 0.0 2186.160906 0.0 583.5273211 583.5273211 -1562.761111 -1562.761111 304.1176525 -2310.21068 -2310.21068 -1928.381532 -2727.489293 -2727.489293 -1252.811478 -1252.811478 1578.40524 -2339.532795 1578.40524 2186.160906 2186.160906 -124.1266291 -124.1266291 -67.55849822 -1242.074943 -1242.074943 -1194.024243 -1194.024243 -3279.195049 -3661.983757 -3661.983757 -1224.396065 -1554.705343 -1554.705343 -181.1076627 -181.1076627 908.0992877 1512.560066 1719.440241 0.0 -635.1637908 0.0 908.0992877 908.0992877 1220.678963 304.1176525 304.1176525 94.33544291 -1928.381532 -1928.381532 -2367.411926 -1722.8066 -2367.411926 -2367.411926 -2339.532795 -2339.532795 556.3941977 -635.1637908 -635.1637908 -67.55849822 -67.55849822 23.01771095 -1791.726972 -250.8454558 -1791.726972 -1791.726972 -3279.195049 -3279.195049 -173.0580062 -1224.396065 -1224.396065 219.809421 -362.5538599 219.809421 219.809421 1512.560066 1512.560066 746.1630726 1719.440241 1719.440241 0.0 416.1350565 0.0 966.2450592 1173.138817 1220.678963 1220.678963 1039.791996 94.33544291 94.33544291 -1722.8066 -1722.8066 65.45497142 -309.1158881 -1895.472622 -309.1158881 -309.1158881 556.3941977 -1813.80568 556.3941977 416.1350565 416.1350565 23.01771095 23.01771095 -250.8454558 -250.8454558 -173.0580062 -173.0580062 -362.5538599 -362.5538599 746.1630726 746.1630726 495.210389 1938.558798 966.2450592 966.2450592 0.0 472.9850837 0.0 1173.138817 1173.138817 1039.791996 1039.791996 748.473356 731.7127477 424.5574012 731.7127477 731.7127477 65.45497142 65.45497142 -65.16485398 -1895.472622 -1895.472622 -1813.80568 -1813.80568 1357.563078 472.9850837 472.9850837 30.56450209 30.56450209 30.56450209 -38.9193707 -370.037001 -38.9193707 -38.9193707 495.210389 495.210389 921.0456176 1938.558798 1938.558798 1113.366615 978.2020034 1113.366615 1113.366615 1066.519359 1192.39276 0.0 -554.0891257 0.0 1066.519359 1066.519359 529.5913493 748.473356 748.473356 502.7204064 424.5574012 424.5574012 -65.16485398 -65.16485398 197.0681307 1510.604594 -1250.480624 1510.604594 1510.604594 1357.563078 -1725.98876 1357.563078 -554.0891257 -554.0891257 -374.2848071 -374.2848071 -374.2848071 156.9715292 -370.037001 -370.037001 1297.158148 921.0456176 921.0456176 687.9995186 978.2020034 978.2020034 1116.890607 1192.39276 1192.39276 0.0 69.99617502 0.0 529.5913493 529.5913493 502.7204064 502.7204064 101.0325054 -79.19215637 101.0325054 101.0325054 197.0681307 197.0681307 665.0291325 -1250.480624 -1250.480624 -1725.98876 -1725.98876 1970.390278 329.4799931 69.99617502 69.99617502 156.9715292 156.9715292 1297.158148 1297.158148 -453.0367693 687.9995186 687.9995186 675.7861354 1116.890607 1116.890607 1352.421812 1220.477183 1352.421812 1352.421812 -651.3740803 1106.206517 0.0 -60.00962079 0.0 329.4799931 329.4799931 -79.19215637 -79.19215637 -737.0053992 665.0291325 665.0291325 24.3582014 1875.513941 -683.0597176 1875.513941 1875.513941 1970.390278 -1954.34917 1970.390278 -651.3740803 -651.3740803 -60.00962079 -60.00962079 760.1761434 760.1761434 760.1761434 -715.9798414 -453.0367693 -453.0367693 680.1527977 675.7861354 675.7861354 1220.477183 1220.477183 949.9117388 1596.817817 1106.206517 1106.206517 0.0 436.0583938 0.0 -737.0053992 -737.0053992 24.3582014 24.3582014 -683.0597176 -683.0597176 -1954.34917 -1954.34917 2231.563121 -135.8189522 -820.3602076 -1138.853049 -3262.689544 -1138.853049 -1138.853049 -748.6693944 -1750.468171 436.0583938 436.0583938 -715.9798414 -715.9798414 680.1527977 680.1527977 949.9117388 949.9117388 1480.215155 1596.817817 1596.817817 -135.8189522 -135.8189522 1637.444854 0.0 264.2636794 0.0 -748.6693944 -748.6693944 -130.5301368 375.0635484 -130.5301368 -130.5301368 1373.760451 201.513379 1373.760451 1373.760451 2231.563121 -1565.588171 2231.563121 -820.3602076 -820.3602076 -3262.689544 -3262.689544 -1750.468171 -1750.468171 264.2636794 264.2636794 1027.862687 1027.862687 1027.862687 1175.11615 1480.215155 1480.215155 1495.991848 1637.444854 1637.444854 0.0 -499.7626261 0.0 375.0635484 375.0635484 201.513379 201.513379 -1565.588171 -1565.588171 1658.188498 647.8603827 -3463.485602 -1459.857001 -3463.485602 -3463.485602 -2579.80777 -989.7259614 -2579.80777 -2579.80777 -2209.428547 -339.3322879 -2209.428547 -2209.428547 274.1828814 91.34208607 -499.7626261 -499.7626261 1175.11615 1175.11615 1495.991848 1495.991848 1889.439222 647.8603827 647.8603827 1168.456245 0.0 70.02988828 0.0 274.1828814 274.1828814 53.36247293 -331.1000116 53.36247293 53.36247293 748.3257238 1658.188498 -1336.141795 1658.188498 -1459.857001 -1459.857001 -989.7259614 -989.7259614 -339.3322879 -339.3322879 91.34208607 91.34208607 576.648011 70.02988828 70.02988828 921.636653 921.636653 921.636653 1889.439222 1889.439222 980.9132815 1168.456245 1168.456245 -5176.424044 -1047.070827 0.0 655.6606226 0.0 -331.1000116 -331.1000116 748.3257238 748.3257238 -1336.141795 -1336.141795 1119.552949 -5176.424044 -5176.424044 -4730.117614 -2640.147545 -379.7463919 -2640.147545 -2640.147545 328.5311103 576.648011 576.648011 117.8727756 655.6606226 655.6606226 980.9132815 980.9132815 -1080.303375 -1047.070827 -1047.070827 -4981.401244 0.0 -807.46791 0.0 -53.42100444 -53.42100444 -53.42100444 -653.8447211 -601.019139 -653.8447211 -653.8447211 1119.552949 -214.7773885 1119.552949 -4730.117614 -4730.117614 -379.7463919 -379.7463919 328.5311103 328.5311103 117.8727756 117.8727756 -807.46791 -807.46791 -1080.303375 -1080.303375 -3361.664513 -4981.401244 -4981.401244 -422.950205 -2855.131945 0.0 -817.8998317 0.0 285.5248393 -809.0118742 -681.0590055 -809.0118742 -809.0118742 -601.019139 -601.019139 -1429.826343 -214.7773885 -214.7773885 306.6576806 -422.950205 -422.950205 598.1732448 445.1710223 1997.864863 445.1710223 445.1710223 685.4619303 1749.069907 685.4619303 685.4619303 285.5248393 285.5248393 689.3653056 -817.8998317 -817.8998317 -3361.664513 -3361.664513 342.8351759 -2855.131945 -2855.131945 -513.100155 0.0 -291.7001415 0.0 -681.0590055 -681.0590055 -1429.826343 -1429.826343 -326.7464219 306.6576806 -592.5592191 306.6576806 598.1732448 598.1732448 1997.864863 1997.864863 1749.069907 1749.069907 2094.994342 1572.048567 689.3653056 689.3653056 -291.7001415 -291.7001415 342.8351759 342.8351759 -513.100155 -513.100155 1869.974818 1025.22054 0.0 1109.095 0.0 670.5557214 642.4132796 -234.2239409 628.9533047 -234.2239409 -234.2239409 -326.7464219 -326.7464219 -313.028952 -592.5592191 -592.5592191 1869.974818 1869.974818 2094.994342 2094.994342 2009.579271 1572.048567 1572.048567 670.5557214 670.5557214 1271.764568 1109.095 1109.095 1025.22054 1025.22054 0.0 -1213.021238 0.0 -593.9615135 915.7992638 642.4132796 642.4132796 628.9533047 628.9533047 -313.028952 -313.028952 562.6454032 -593.9615135 -593.9615135 -251.8975419 2009.579271 2009.579271 1271.764568 1271.764568 1135.675597 669.1859112 519.2507823 -1213.021238 -1213.021238 1292.229909 1361.220209 1292.229909 1292.229909 1853.440202 1913.938784 0.0 1093.953074 0.0 915.7992638 915.7992638 669.1859112 669.1859112 488.0574272 156.7637558 488.0574272 488.0574272 562.6454032 562.6454032 388.5924258 -251.8975419 -251.8975419 -852.6553686 1509.812257 1853.440202 1853.440202 1541.154786 1135.675597 1135.675597 812.850666 519.2507823 519.2507823 1093.953074 1093.953074 1361.220209 1361.220209 740.7427985 1913.938784 1913.938784 1816.81742 0.0 1.837446022 0.0 -852.6553686 -852.6553686 1348.784215 156.7637558 156.7637558 388.5924258 388.5924258 1509.812257 1509.812257 1541.154786 1541.154786 812.850666 812.850666 555.5454536 408.732005 -812.2610693 408.732005 408.732005 226.5554474 -250.2599892 1.837446022 1.837446022 740.7427985 740.7427985 399.9026399 1816.81742 1816.81742 0.0 -361.1857291 0.0 1495.51862 593.8141194 -211.8865728 67.815185 1348.784215 -59.39568969 1348.784215 226.5554474 226.5554474 186.5467871 818.319109 186.5467871 186.5467871 67.815185 67.815185 1025.257985 593.8141194 593.8141194 555.5454536 555.5454536 -2637.501086 -812.2610693 -812.2610693 -250.2599892 -250.2599892 -361.1857291 -361.1857291 399.9026399 399.9026399 1495.51862 1495.51862 0.0 -142.7579958 0.0 182.1454568 -211.8865728 -211.8865728 -3642.811423 -59.39568969 -59.39568969 818.319109 818.319109 1025.257985 1025.257985 -2637.501086 -2637.501086 -4335.21938 -3394.785167 -1254.898346 -3394.785167 -3394.785167 -1696.3801 -486.2329852 -1696.3801 -1696.3801 679.8312028 379.3948022 -142.7579958 -142.7579958 1029.564592 1029.564592 1029.564592 182.1454568 182.1454568 -1865.061433 0.0 -269.9011631 0.0 -3642.811423 -3642.811423 792.5879399 164.1475703 -290.2910825 164.1475703 164.1475703 897.0827561 679.8312028 679.8312028 792.5879399 792.5879399 182.1834739 -4174.984844 -4335.21938 -4335.21938 -1346.370623 -1254.898346 -1254.898346 -486.2329852 -486.2329852 379.3948022 379.3948022 -269.9011631 -269.9011631 -1865.061433 -1865.061433 0.0 49.15771084 0.0 -2122.338337 -4174.984844 -4174.984844 -652.6472116 -290.2910825 -290.2910825 516.3895773 897.0827561 -882.6667164 897.0827561 -133.415117 -934.9067646 182.1834739 182.1834739 -873.2412483 -1346.370623 -1346.370623 -539.9396262 -758.4946093 616.0229866 -758.4946093 -758.4946093 -652.02066 193.2704085 -652.02066 -652.02066 -133.415117 -133.415117 -566.1611004 49.15771084 49.15771084 -2122.338337 -2122.338337 -807.9592903 0.0 -659.7607934 0.0 -652.6472116 -652.6472116 516.3895773 516.3895773 -882.6667164 -882.6667164 774.7664938 -934.9067646 -934.9067646 -873.2412483 -873.2412483 -895.7309269 -424.0743885 -466.4190302 -539.9396262 -539.9396262 1108.77428 616.0229866 616.0229866 193.2704085 193.2704085 -566.1611004 -566.1611004 -1172.081898 -341.4409755 -659.7607934 -659.7607934 -807.9592903 -807.9592903 0.0 -751.2386429 0.0 -247.5606665 -466.4190302 -466.4190302 1270.146542 -895.7309269 -895.7309269 233.4925881 774.7664938 -934.1794354 774.7664938 -1172.081898 -1172.081898 -240.0821042 -424.0743885 -424.0743885 -1140.131254 1108.77428 1108.77428 841.1263318 1389.380764 841.1263318 841.1263318 303.821389 1243.885728 303.821389 303.821389 -341.4409755 -341.4409755 506.3528331 -751.2386429 -751.2386429 -247.5606665 -247.5606665 0.0 859.886375 0.0 1270.146542 1270.146542 233.4925881 233.4925881 -934.1794354 -934.1794354 597.208677 -240.0821042 -240.0821042 -1140.131254 -1140.131254 -964.6332162 -77.07843142 1044.615624 1389.380764 1389.380764 1223.431887 1243.885728 1243.885728 506.3528331 506.3528331 859.886375 859.886375 0.0 -1290.97479 0.0 1044.615624 1044.615624 -964.6332162 -964.6332162 597.208677 -192.8409595 597.208677 735.8667761 684.8189252 70.32108452 -45.16001362 70.32108452 70.32108452 -77.07843142 -77.07843142 -449.1524636 1223.431887 1223.431887 1315.911351 1345.218437 1315.911351 1315.911351 735.8667761 735.8667761 1096.017149 -1290.97479 -1290.97479 0.0 0.0 1048.933176 1192.682538 1456.318081 1192.682538 1192.682538 -192.8409595 -192.8409595 684.8189252 684.8189252 -45.16001362 -45.16001362 -449.1524636 -449.1524636 1245.924568 1345.218437 1345.218437 1158.647889 1096.017149 1096.017149 767.7895729 561.3387283 484.6541232 1048.933176 1048.933176 0.0 -96.9415103 0.0 1456.318081 1456.318081 1101.631344 1245.924568 1245.924568 -505.7249277 579.6057596 -5.629964548 -157.6127373 -5.629964548 -5.629964548 425.3338155 561.3387283 561.3387283 851.9862371 1016.568436 851.9862371 851.9862371 579.6057596 579.6057596 328.7309702 1158.647889 1158.647889 132.555939 767.7895729 767.7895729 70.93987421 484.6541232 484.6541232 -96.9415103 -96.9415103 0.0 0.0 305.3427528 1101.631344 1101.631344 -1078.565663 -505.7249277 -505.7249277 -157.6127373 -157.6127373 768.9579325 425.3338155 -318.0621713 425.3338155 1016.568436 1016.568436 328.7309702 328.7309702 132.555939 132.555939 70.93987421 70.93987421 -1152.140915 578.9707923 278.1217439 578.9707923 578.9707923 1185.640933 688.6882277 305.3427528 305.3427528 0.0 265.0680966 0.0 -3477.12164 -2763.038975 -1716.591027 -1078.565663 -1078.565663 -3477.12164 -3477.12164 768.9579325 768.9579325 -318.0621713 -318.0621713 517.4678479 1185.640933 1185.640933 814.2296323 388.2720536 814.2296323 814.2296323 -25.6833133 365.1657616 -2763.038975 -2763.038975 -1152.140915 -1152.140915 -228.2864011 278.1217439 278.1217439 688.6882277 688.6882277 265.0680966 265.0680966 0.0 -1205.236409 -2226.716759 0.0 -2171.954371 -1716.591027 -1716.591027 -342.6757619 -2226.716759 -2226.716759 -2171.954371 -2171.954371 -353.0864076 -25.6833133 -25.6833133 517.4678479 -32.90693058 517.4678479 388.2720536 388.2720536 365.1657616 365.1657616 -228.2864011 -228.2864011 264.2221773 176.192715 249.8127027 176.192715 176.192715 351.2042966 -185.8924904 351.2042966 351.2042966 245.579798 -201.2338379 0.0 -1205.236409 -1205.236409 204.0919437 0.0 -342.6757619 -342.6757619 -353.0864076 -353.0864076 -32.90693058 -32.90693058 245.579798 245.579798 187.4140287 -67.83837472 187.4140287 187.4140287 30.46473427 -54.88070661 264.2221773 264.2221773 249.8127027 249.8127027 -185.8924904 -185.8924904 -201.2338379 -201.2338379 730.1097873 0.0 0.0 17.6311259 0.0 0.0 918.3334229 1157.10603 30.46473427 30.46473427 -67.83837472 -67.83837472 -54.88070661 -54.88070661 328.923276 84.39306457 -335.5936755 -298.9867119 632.4014526 282.682632 39.96993324 0.0 0.0 688.1804999 0.0 0.0 0.0 0.0 363.9220668 -34.98929532 0.0 0.0 0.0 0.0 211.8146065 328.5059562 12.19958991 68.81253625 -221.2818846 -292.5125292 -397.538858 433.8942971 211.3344427 46.48481351 185.8111768 13.1369435 0.0 0.0 -21.05596443 0.0 0.0 -55.40442338 -6.6217769 -195.0833226 -275.4308245 -155.2332011 -323.945231 177.6463745 96.44285126 5.06818819 -43.58378457 -85.63925214 0.0 0.0 -51.56953059 0.0 0.0 -205.9591598 -115.2779247 -253.7485409 -289.153559 -152.8336116 -280.3196109 51.85091545 9.283430561 -43.88813168 -134.3656868 -20.87222179 0.0 0.0 0.0 0.0 1.716976214 0.0 0.0 0.0 0.0 34.30464999 0.0 0.0 0.0 0.0 -16.57951335 0.0 0.0 88.88477812 -5.879186238 -136.7228379 -233.2071441 -205.7982005 -59.69939793 -38.60153772 -81.02327613 -158.8444922 9.665085793 -25.67646031 -10.95072902 -46.4138904 3.471936346 0.0 10.11206436 69.05597952 0.0 0.0 0.0 0.0 0.0 -28.02060078 50.45880294 0.0 -97.34517721 0.0 -134.2573523 -122.51727 -76.29668179 -39.03363495 -89.94960512 -122.7563714 0.0 0.0 -43.681253 -59.45598185 11.63352304 43.26583695 -25.64738983 15.58893892 -8.653188965 -14.05021591 67.10983613 -65.38444853 0.0 0.0 -3.923855519 -90.26322008 -98.68912704 -87.55769746 -65.50176914 0.0 0.0 -39.46584967 -58.30957062 -59.46698108 1.022122236 -29.36322466 10.57546239 -25.26841343 0.0 0.0 -4.462065808 0.0 0.0 0.0 -45.25240876 -38.36978264 -22.64819454 -89.45251505 -6.436532806 -13.06545172 17.54883434 -9.637670541 -24.70230979 -10.37831229 4.192946555 6.38281017 69.99311254 4.413962674 10.49017644 0.0 0.0 0.0 0.0 0.0 0.0 0.0 -36.04802228 0.0 0.0 13.32982783 -15.25849527 -31.93926891 1.942667857 -20.06726908 -15.59194736 19.67641409 -2.008044995 -3.824329279 0.0 -33.11918479 0.0 0.0 0.0 -13.93548147 -26.28963758 -9.192827604 -38.40525713 10.17382887 0.3224776081 8.941332007 0.0 0.0 0.0 0.0 0.0 18.72956748 -25.77969965 -16.77971055 -21.33772012 -26.14408681 3.914183646 -18.45830079 17.32208427 6.628257956 -1.505732244 0.7281743066 -9.403722742 46.85891089 4.206815259 11.20322729 9.147813132 -32.49091261 -5.878905854 0.07532155516 -15.33569974 -4.19041151 13.52179789 5.129349393 0.3696467609 19.73357734 12.61077859 -14.75295823 8.58493 4.314197067 0.9940142928 -5.215694432 -2.190373213 11.86999976 -11.65439653 4.671015023 0.8398726313 -8.690663608 0.6959539578 7.220293986 12.86115089 -1.301368745 10.80388341 26.43630845 -3.856794373 1.949961328 12.78360923 2.701330787 7.826662464 -5.602948788 -8.875195598 1.22861028 6.989452541 -2.151571542 0.9295496005 7.397274962 0.7385005652 -19.29148635 0.7893126595 0.5917786653 -2.118077098 7.428115509 0.5699458093 4.939310393 -2.484579566 3.196761743 -3.994078017 -15.52228732 -9.248691464 -9.777406124 -7.817517567 -5.127850468 7.047086078 -1.286549756 5.953527813 6.452754114 -11.44169714 -9.319377632 -0.5153256129 8.203184826 4.280644442 -9.62326135 -0.1363951427 -12.93665275 16.51020522 3.294609624 1.995016264 3.63572401 -0.2035276098 7.367812196 14.03365457 2.068066112 -23.74315014 -1.817702274 
SCALARS σzz float64 1
LOOKUP_TABLE default
0.0 0.0 0.0 0.0 0.0 0.0 0.0 0.0 0.0 0.0 0.0 0.0 0.0 0.0 0.0 0.0 0.0 0.0 0.0 0.0 0.0 0.0 0.0 0.0 0.0 0.0 0.0 0.0 0.0 0.0 0.0 0.0 0.0 0.0 0.0 0.0 0.0 0.0 0.0 0.0 0.0 0.0 0.0 0.0 0.0 0.0 0.0 0.0 0.0 0.0 0.0 0.0 0.0 0.0 0.0 0.0 0.0 0.0 0.0 0.0 0.0 0.0 0.0 0.0 0.0 0.0 0.0 0.0 0.0 0.0 0.0 0.0 0.0 0.0 0.0 0.0 0.0 0.0 0.0 0.0 0.0 0.0 0.0 0.0 0.0 0.0 0.0 0.0 0.0 0.0 0.0 0.0 0.0 0.0 0.0 0.0 0.0 0.0 0.0 0.0 0.0 0.0 0.0 0.0 0.0 0.0 0.0 0.0 0.0 0.0 0.0 0.0 0.0 0.0 0.0 0.0 0.0 0.0 0.0 0.0 0.0 0.0 0.0 0.0 0.0 0.0 0.0 0.0 0.0 0.0 0.0 0.0 0.0 0.0 0.0 0.0 0.0 0.0 0.0 0.0 0.0 0.0 0.0 0.0 0.0 0.0 0.0 0.0 0.0 0.0 0.0 0.0 0.0 0.0 0.0 0.0 0.0 0.0 0.0 0.0 0.0 0.0 0.0 0.0 0.0 0.0 0.0 0.0 0.0 0.0 0.0 0.0 0.0 0.0 0.0 0.0 0.0 0.0 0.0 0.0 0.0 0.0 0.0 0.0 0.0 0.0 0.0 0.0 0.0 0.0 0.0 0.0 0.0 0.0 0.0 0.0 0.0 0.0 0.0 0.0 0.0 0.0 0.0 0.0 0.0 0.0 0.0 0.0 0.0 0.0 0.0 0.0 0.0 0.0 0.0 0.0 0.0 0.0 0.0 0.0 0.0 0.0 0.0 0.0 0.0 0.0 0.0 0.0 0.0 0.0 0.0 0.0 0.0 0.0 0.0 0.0 0.0 0.0 0.0 0.0 0.0 0.0 0.0 0.0 0.0 0.0 0.0 0.0 0.0 0.0 0.0 0.0 0.0 0.0 0.0 0.0 0.0 0.0 0.0 0.0 0.0 0.0 0.0 0.0 0.0 0.0 0.0 0.0 0.0 0.0 0.0 0.0 0.0 0.0 0.0 0.0 0.0 0.0 0.0 0.0 0.0 0.0 0.0 0.0 0.0 0.0 0.0 0.0 0.0 0.0 0.0 0.0 0.0 0.0 0.0 0.0 0.0 0.0 0.0 0.0 0.0 0.0 0.0 0.0 0.0 0.0 0.0 0.0 0.0 0.0 0.0 0.0 0.0 0.0 0.0 0.0 0.0 0.0 0.0 0.0 0.0 0.0 0.0 0.0 0.0 0.0 0.0 0.0 0.0 0.0 0.0 0.0 0.0 0.0 0.0 0.0 0.0 0.0 0.0 0.0 0.0 0.0 0.0 0.0 0.0 0.0 0.0 0.0 0.0 0.0 0.0 0.0 0.0 0.0 0.0 0.0 0.0 0.0 0.0 0.0 0.0 0.0 0.0 0.0 0.0 0.0 0.0 0.0 0.0 0.0 0.0 0.0 0.0 0.0 0.0 0.0 0.0 0.0 0.0 0.0 0.0 0.0 0.0 0.0 0.0 0.0 0.0 0.0 0.0 0.0 0.0 0.0 0.0 0.0 0.0 0.0 0.0 0.0 0.0 0.0 0.0 0.0 0.0 0.0 0.0 0.0 0.0 0.0 0.0 0.0 0.0 0.0 0.0 0.0 0.0 0.0 0.0 0.0 0.0 0.0 0.0 0.0 0.0 0.0 0.0 0.0 0.0 0.0 0.0 0.0 0.0 0.0 0.0 0.0 0.0 0.0 0.0 0.0 0.0 0.0 0.0 0.0 0.0 0.0 0.0 0.0 0.0 0.0 0.0 0.0 0.0 0.0 0.0 0.0 0.0 0.0 0.0 0.0 0.0 0.0 0.0 0.0 0.0 0.0 0.0 0.0 0.0 0.0 0.0 0.0 0.0 0.0 0.0 0.0 0.0 0.0 0.0 0.0 0.0 0.0 0.0 0.0 0.0 0.0 0.0 0.0 0.0 0.0 0.0 0.0 0.0 0.0 0.0 0.0 0.0 0.0 0.0 0.0 0.0 0.0 0.0 0.0 0.0 0.0 0.0 0.0 0.0 0.0 0.0 0.0 0.0 0.0 0.0 0.0 0.0 0.0 0.0 0.0 0.0 0.0 0.0 0.0 0.0 0.0 0.0 0.0 0.0 0.0 0.0 0.0 0.0 0.0 0.0 0.0 0.0 0.0 0.0 0.0 0.0 0.0 0.0 0.0 0.0 0.0 0.0 0.0 0.0 0.0 0.0 0.0 0.0 0.0 0.0 0.0 0.0 0.0 0.0 0.0 0.0 0.0 0.0 0.0 0.0 0.0 0.0 0.0 0.0 0.0 0.0 0.0 0.0 0.0 0.0 0.0 0.0 0.0 0.0 0.0 0.0 0.0 0.0 0.0 0.0 0.0 0.0 0.0 0.0 0.0 0.0 0.0 0.0 0.0 0.0 0.0 0.0 0.0 0.0 0.0 0.0 0.0 0.0 0.0 0.0 0.0 0.0 0.0 0.0 0.0 0.0 0.0 0.0 0.0 0.0 0.0 0.0 0.0 0.0 0.0 0.0 0.0 0.0 0.0 0.0 0.0 0.0 0.0 0.0 0.0 0.0 0.0 0.0 0.0 0.0 0.0 0.0 0.0 0.0 0.0 0.0 0.0 0.0 0.0 0.0 0.0 0.0 0.0 0.0 0.0 0.0 0.0 0.0 0.0 0.0 0.0 0.0 0.0 0.0 0.0 0.0 0.0 0.0 0.0 0.0 0.0 0.0 0.0 0.0 0.0 0.0 0.0 0.0 0.0 0.0 0.0 0.0 0.0 0.0 0.0 0.0 0.0 0.0 0.0 0.0 0.0 0.0 0.0 0.0 0.0 0.0 0.0 0.0 0.0 0.0 0.0 0.0 0.0 0.0 0.0 0.0 0.0 0.0 0.0 0.0 0.0 0.0 0.0 0.0 0.0 0.0 0.0 0.0 0.0 0.0 0.0 0.0 0.0 0.0 0.0 0.0 0.0 0.0 0.0 0.0 0.0 0.0 0.0 0.0 0.0 0.0 0.0 0.0 0.0 0.0 0.0 0.0 0.0 0.0 0.0 0.0 0.0 0.0 0.0 0.0 0.0 0.0 0.0 0.0 0.0 0.0 0.0 0.0 0.0 0.0 0.0 0.0 0.0 0.0 0.0 0.0 0.0 0.0 0.0 0.0 0.0 0.0 0.0 0.0 0.0 0.0 0.0 0.0 0.0 0.0 0.0 0.0 0.0 0.0 0.0 0.0 0.0 0.0 0.0 0.0 0.0 0.0 0.0 0.0 0.0 0.0 0.0 0.0 0.0 0.0 0.0 0.0 0.0 0.0 0.0 0.0 0.0 0.0 0.0 0.0 0.0 0.0 0.0 0.0 0.0 0.0 0.0 0.0 0.0 0.0 0.0 0.0 0.0 0.0 0.0 0.0 0.0 0.0 0.0 0.0 0.0 0.0 0.0 0.0 0.0 0.0 0.0 0.0 0.0 0.0 0.0 0.0 0.0 0.0 0.0 0.0 0.0 0.0 0.0 0.0 0.0 0.0 0.0 0.0 0.0 0.0 0.0 0.0 0.0 0.0 0.0 0.0 0.0 0.0 0.0 0.0 0.0 0.0 0.0 0.0 0.0 0.0 0.0 0.0 0.0 0.0 0.0 0.0 0.0 0.0 0.0 0.0 0.0 0.0 0.0 0.0 0.0 0.0 0.0 0.0 0.0 0.0 0.0 0.0 0.0 0.0 0.0 0.0 0.0 0.0 0.0 0.0 0.0 0.0 0.0 0.0 0.0 0.0 0.0 0.0 0.0 0.0 0.0 0.0 0.0 0.0 0.0 0.0 0.0 0.0 0.0 0.0 0.0 0.0 0.0 0.0 0.0 0.0 0.0 0.0 0.0 0.0 0.0 0.0 0.0 0.0 0.0 0.0 0.0 0.0 0.0 0.0 0.0 0.0 0.0 0.0 0.0 0.0 0.0 0.0 0.0 0.0 0.0 0.0 0.0 0.0 0.0 0.0 0.0 0.0 0.0 0.0 0.0 0.0 0.0 0.0 0.0 0.0 0.0 0.0 0.0 0.0 0.0 0.0 0.0 0.0 0.0 0.0 0.0 0.0 0.0 0.0 0.0 0.0 0.0 0.0 0.0 0.0 0.0 0.0 0.0 0.0 0.0 0.0 0.0 0.0 0.0 0.0 0.0 0.0 0.0 0.0 0.0 0.0 0.0 0.0 0.0 0.0 0.0 0.0 0.0 0.0 0.0 0.0 0.0 0.0 0.0 0.0 0.0 0.0 0.0 0.0 0.0 0.0 0.0 0.0 0.0 0.0 0.0 0.0 0.0 0.0 0.0 0.0 0.0 0.0 0.0 0.0 0.0 0.0 0.0 0.0 0.0 0.0 0.0 0.0 0.0 0.0 0.0 0.0 0.0 0.0 0.0 0.0 0.0 0.0 0.0 0.0 0.0 0.0 0.0 0.0 0.0 0.0 0.0 0.0 0.0 0.0 0.0 0.0 0.0 0.0 0.0 0.0 0.0 0.0 0.0 0.0 0.0 0.0 0.0 0.0 0.0 0.0 0.0 0.0 0.0 0.0 0.0 0.0 0.0 0.0 0.0 0.0 0.0 0.0 0.0 0.0 0.0 0.0 0.0 0.0 0.0 0.0 0.0 0.0 0.0 0.0 0.0 0.0 0.0 0.0 0.0 0.0 0.0 0.0 0.0 0.0 0.0 0.0 0.0 0.0 0.0 0.0 0.0 0.0 0.0 0.0 0.0 0.0 0.0 0.0 0.0 0.0 0.0 0.0 0.0 0.0 0.0 0.0 0.0 0.0 0.0 0.0 0.0 0.0 0.0 0.0 0.0 0.0 0.0 0.0 0.0 0.0 0.0 0.0 0.0 0.0 0.0 0.0 0.0 0.0 0.0 0.0 0.0 0.0 0.0 0.0 0.0 0.0 0.0 0.0 0.0 0.0 0.0 0.0 0.0 0.0 0.0 0.0 0.0 0.0 0.0 0.0 0.0 0.0 0.0 0.0 0.0 0.0 0.0 0.0 0.0 0.0 0.0 0.0 0.0 0.0 0.0 0.0 0.0 0.0 0.0 0.0 0.0 0.0 0.0 0.0 0.0 0.0 0.0 0.0 0.0 0.0 0.0 0.0 0.0 0.0 0.0 0.0 0.0 0.0 0.0 0.0 0.0 0.0 0.0 0.0 0.0 0.0 0.0 0.0 0.0 0.0 0.0 0.0 0.0 0.0 0.0 0.0 0.0 0.0 0.0 0.0 0.0 0.0 0.0 0.0 0.0 0.0 0.0 0.0 0.0 0.0 0.0 0.0 0.0 0.0 0.0 0.0 0.0 0.0 0.0 0.0 0.0 0.0 0.0 0.0 0.0 0.0 0.0 0.0 0.0 0.0 0.0 0.0 0.0 0.0 0.0 0.0 0.0 0.0 0.0 0.0 0.0 0.0 0.0 0.0 0.0 0.0 0.0 0.0 0.0 0.0 0.0 0.0 0.0 0.0 0.0 0.0 0.0 0.0 0.0 0.0 0.0 0.0 0.0 0.0 0.0 0.0 0.0 0.0 0.0 0.0 0.0 0.0 0.0 0.0 0.0 0.0 0.0 0.0 0.0 0.0 0.0 0.0 0.0 0.0 0.0 0.0 0.0 0.0 0.0 0.0 0.0 0.0 0.0 0.0 0.0 0.0 0.0 0.0 0.0 0.0 0.0 0.0 0.0 0.0 0.0 0.0 0.0 0.0 0.0 0.0 0.0 0.0 0.0 0.0 0.0 0.0 0.0 0.0 0.0 0.0 0.0 0.0 0.0 0.0 0.0 0.0 0.0 0.0 0.0 0.0 0.0 0.0 0.0 0.0 0.0 0.0 0.0 0.0 0.0 0.0 0.0 0.0 0.0 0.0 0.0 0.0 0.0 0.0 0.0 0.0 0.0 0.0 0.0 0.0 0.0 0.0 0.0 0.0 0.0 0.0 0.0 0.0 0.0 0.0 0.0 0.0 0.0 0.0 0.0 0.0 0.0 0.0 0.0 0.0 0.0 0.0 0.0 0.0 0.0 0.0 0.0 0.0 0.0 0.0 0.0 0.0 0.0 0.0 0.0 0.0 0.0 0.0 0.0 0.0 0.0 0.0 0.0 0.0 0.0 0.0 0.0 0.0 0.0 0.0 0.0 0.0 0.0 0.0 0.0 0.0 0.0 0.0 0.0 0.0 0.0 0.0 0.0 0.0 0.0 0.0 0.0 0.0 0.0 0.0 0.0 0.0 0.0 0.0 0.0 0.0 0.0 0.0 0.0 0.0 0.0 0.0 0.0 0.0 0.0 0.0 0.0 0.0 0.0 0.0 0.0 0.0 0.0 0.0 0.0 0.0 0.0 0.0 0.0 0.0 0.0 0.0 0.0 0.0 0.0 0.0 0.0 0.0 0.0 0.0 0.0 0.0 0.0 0.0 0.0 0.0 0.0 0.0 0.0 0.0 0.0 0.0 0.0 0.0 0.0 0.0 0.0 0.0 0.0 0.0 0.0 0.0 0.0 0.0 0.0 0.0 0.0 0.0 0.0 
SCALARS σyz float64 1
LOOKUP_TABLE default
0.0 0.0 0.0 0.0 0.0 0.0 0.0 0.0 0.0 0.0 0.0 0.0 0.0 0.0 0.0 0.0 0.0 0.0 0.0 0.0 0.0 0.0 0.0 0.0 0.0 0.0 0.0 0.0 0.0 0.0 0.0 0.0 0.0 0.0 0.0 0.0 0.0 0.0 0.0 0.0 0.0 0.0 0.0 0.0 0.0 0.0 0.0 0.0 0.0 0.0 0.0 0.0 0.0 0.0 0.0 0.0 0.0 0.0 0.0 0.0 0.0 0.0 0.0 0.0 0.0 0.0 0.0 0.0 0.0 0.0 0.0 0.0 0.0 0.0 0.0 0.0 0.0 0.0 0.0 0.0 0.0 0.0 0.0 0.0 0.0 0.0 0.0 0.0 0.0 0.0 0.0 0.0 0.0 0.0 0.0 0.0 0.0 0.0 0.0 0.0 0.0 0.0 0.0 0.0 0.0 0.0 0.0 0.0 0.0 0.0 0.0 0.0 0.0 0.0 0.0 0.0 0.0 0.0 0.0 0.0 0.0 0.0 0.0 0.0 0.0 0.0 0.0 0.0 0.0 0.0 0.0 0.0 0.0 0.0 0.0 0.0 0.0 0.0 0.0 0.0 0.0 0.0 0.0 0.0 0.0 0.0 0.0 0.0 0.0 0.0 0.0 0.0 0.0 0.0 0.0 0.0 0.0 0.0 0.0 0.0 0.0 0.0 0.0 0.0 0.0 0.0 0.0 0.0 0.0 0.0 0.0 0.0 0.0 0.0 0.0 0.0 0.0 0.0 0.0 0.0 0.0 0.0 0.0 0.0 0.0 0.0 0.0 0.0 0.0 0.0 0.0 0.0 0.0 0.0 0.0 0.0 0.0 0.0 0.0 0.0 0.0 0.0 0.0 0.0 0.0 0.0 0.0 0.0 0.0 0.0 0.0 0.0 0.0 0.0 0.0 0.0 0.0 0.0 0.0 0.0 0.0 0.0 0.0 0.0 0.0 0.0 0.0 0.0 0.0 0.0 0.0 0.0 0.0 0.0 0.0 0.0 0.0 0.0 0.0 0.0 0.0 0.0 0.0 0.0 0.0 0.0 0.0 0.0 0.0 0.0 0.0 0.0 0.0 0.0 0.0 0.0 0.0 0.0 0.0 0.0 0.0 0.0 0.0 0.0 0.0 0.0 0.0 0.0 0.0 0.0 0.0 0.0 0.0 0.0 0.0 0.0 0.0 0.0 0.0 0.0 0.0 0.0 0.0 0.0 0.0 0.0 0.0 0.0 0.0 0.0 0.0 0.0 0.0 0.0 0.0 0.0 0.0 0.0 0.0 0.0 0.0 0.0 0.0 0.0 0.0 0.0 0.0 0.0 0.0 0.0 0.0 0.0 0.0 0.0 0.0 0.0 0.0 0.0 0.0 0.0 0.0 0.0 0.0 0.0 0.0 0.0 0.0 0.0 0.0 0.0 0.0 0.0 0.0 0.0 0.0 0.0 0.0 0.0 0.0 0.0 0.0 0.0 0.0 0.0 0.0 0.0 0.0 0.0 0.0 0.0 0.0 0.0 0.0 0.0 0.0 0.0 0.0 0.0 0.0 0.0 0.0 0.0 0.0 0.0 0.0 0.0 0.0 0.0 0.0 0.0 0.0 0.0 0.0 0.0 0.0 0.0 0.0 0.0 0.0 0.0 0.0 0.0 0.0 0.0 0.0 0.0 0.0 0.0 0.0 0.0 0.0 0.0 0.0 0.0 0.0 0.0 0.0 0.0 0.0 0.0 0.0 0.0 0.0 0.0 0.0 0.0 0.0 0.0 0.0 0.0 0.0 0.0 0.0 0.0 0.0 0.0 0.0 0.0 0.0 0.0 0.0 0.0 0.0 0.0 0.0 0.0 0.0 0.0 0.0 0.0 0.0 0.0 0.0 0.0 0.0 0.0 0.0 0.0 0.0 0.0 0.0 0.0 0.0 0.0 0.0 0.0 0.0 0.0 0.0 0.0 0.0 0.0 0.0 0.0 0.0 0.0 0.0 0.0 0.0 0.0 0.0 0.0 0.0 0.0 0.0 0.0 0.0 0.0 0.0 0.0 0.0 0.0 0.0 0.0 0.0 0.0 0.0 0.0 0.0 0.0 0.0 0.0 0.0 0.0 0.0 0.0 0.0 0.0 0.0 0.0 0.0 0.0 0.0 0.0 0.0 0.0 0.0 0.0 0.0 0.0 0.0 0.0 0.0 0.0 0.0 0.0 0.0 0.0 0.0 0.0 0.0 0.0 0.0 0.0 0.0 0.0 0.0 0.0 0.0 0.0 0.0 0.0 0.0 0.0 0.0 0.0 0.0 0.0 0.0 0.0 0.0 0.0 0.0 0.0 0.0 0.0 0.0 0.0 0.0 0.0 0.0 0.0 0.0 0.0 0.0 0.0 0.0 0.0 0.0 0.0 0.0 0.0 0.0 0.0 0.0 0.0 0.0 0.0 0.0 0.0 0.0 0.0 0.0 0.0 0.0 0.0 0.0 0.0 0.0 0.0 0.0 0.0 0.0 0.0 0.0 0.0 0.0 0.0 0.0 0.0 0.0 0.0 0.0 0.0 0.0 0.0 0.0 0.0 0.0 0.0 0.0 0.0 0.0 0.0 0.0 0.0 0.0 0.0 0.0 0.0 0.0 0.0 0.0 0.0 0.0 0.0 0.0 0.0 0.0 0.0 0.0 0.0 0.0 0.0 0.0 0.0 0.0 0.0 0.0 0.0 0.0 0.0 0.0 0.0 0.0 0.0 0.0 0.0 0.0 0.0 0.0 0.0 0.0 0.0 0.0 0.0 0.0 0.0 0.0 0.0 0.0 0.0 0.0 0.0 0.0 0.0 0.0 0.0 0.0 0.0 0.0 0.0 0.0 0.0 0.0 0.0 0.0 0.0 0.0 0.0 0.0 0.0 0.0 0.0 0.0 0.0 0.0 0.0 0.0 0.0 0.0 0.0 0.0 0.0 0.0 0.0 0.0 0.0 0.0 0.0 0.0 0.0 0.0 0.0 0.0 0.0 0.0 0.0 0.0 0.0 0.0 0.0 0.0 0.0 0.0 0.0 0.0 0.0 0.0 0.0 0.0 0.0 0.0 0.0 0.0 0.0 0.0 0.0 0.0 0.0 0.0 0.0 0.0 0.0 0.0 0.0 0.0 0.0 0.0 0.0 0.0 0.0 0.0 0.0 0.0 0.0 0.0 0.0 0.0 0.0 0.0 0.0 0.0 0.0 0.0 0.0 0.0 0.0 0.0 0.0 0.0 0.0 0.0 0.0 0.0 0.0 0.0 0.0 0.0 0.0 0.0 0.0 0.0 0.0 0.0 0.0 0.0 0.0 0.0 0.0 0.0 0.0 0.0 0.0 0.0 0.0 0.0 0.0 0.0 0.0 0.0 0.0 0.0 0.0 0.0 0.0 0.0 0.0 0.0 0.0 0.0 0.0 0.0 0.0 0.0 0.0 0.0 0.0 0.0 0.0 0.0 0.0 0.0 0.0 0.0 0.0 0.0 0.0 0.0 0.0 0.0 0.0 0.0 0.0 0.0 0.0 0.0 0.0 0.0 0.0 0.0 0.0 0.0 0.0 0.0 0.0 0.0 0.0 0.0 0.0 0.0 0.0 0.0 0.0 0.0 0.0 0.0 0.0 0.0 0.0 0.0 0.0 0.0 0.0 0.0 0.0 0.0 0.0 0.0 0.0 0.0 0.0 0.0 0.0 0.0 0.0 0.0 0.0 0.0 0.0 0.0 0.0 0.0 0.0 0.0 0.0 0.0 0.0 0.0 0.0 0.0 0.0 0.0 0.0 0.0 0.0 0.0 0.0 0.0 0.0 0.0 0.0 0.0 0.0 0.0 0.0 0.0 0.0 0.0 0.0 0.0 0.0 0.0 0.0 0.0 0.0 0.0 0.0 0.0 0.0 0.0 0.0 0.0 0.0 0.0 0.0 0.0 0.0 0.0 0.0 0.0 0.0 0.0 0.0 0.0 0.0 0.0 0.0 0.0 0.0 0.0 0.0 0.0 0.0 0.0 0.0 0.0 0.0 0.0 0.0 0.0 0.0 0.0 0.0 0.0 0.0 0.0 0.0 0.0 0.0 0.0 0.0 0.0 0.0 0.0 0.0 0.0 0.0 0.0 0.0 0.0 0.0 0.0 0.0 0.0 0.0 0.0 0.0 0.0 0.0 0.0 0.0 0.0 0.0 0.0 0.0 0.0 0.0 0.0 0.0 0.0 0.0 0.0 0.0 0.0 0.0 0.0 0.0 0.0 0.0 0.0 0.0 0.0 0.0 0.0 0.0 0.0 0.0 0.0 0.0 0.0 0.0 0.0 0.0 0.0 0.0 0.0 0.0 0.0 0.0 0.0 0.0 0.0 0.0 0.0 0.0 0.0 0.0 0.0 0.0 0.0 0.0 0.0 0.0 0.0 0.0 0.0 0.0 0.0 0.0 0.0 0.0 0.0 0.0 0.0 0.0 0.0 0.0 0.0 0.0 0.0 0.0 0.0 0.0 0.0 0.0 0.0 0.0 0.0 0.0 0.0 0.0 0.0 0.0 0.0 0.0 0.0 0.0 0.0 0.0 0.0 0.0 0.0 0.0 0.0 0.0 0.0 0.0 0.0 0.0 0.0 0.0 0.0 0.0 0.0 0.0 0.0 0.0 0.0 0.0 0.0 0.0 0.0 0.0 0.0 0.0 0.0 0.0 0.0 0.0 0.0 0.0 0.0 0.0 0.0 0.0 0.0 0.0 0.0 0.0 0.0 0.0 0.0 0.0 0.0 0.0 0.0 0.0 0.0 0.0 0.0 0.0 0.0 0.0 0.0 0.0 0.0 0.0 0.0 0.0 0.0 0.0 0.0 0.0 0.0 0.0 0.0 0.0 0.0 0.0 0.0 0.0 0.0 0.0 0.0 0.0 0.0 0.0 0.0 0.0 0.0 0.0 0.0 0.0 0.0 0.0 0.0 0.0 0.0 0.0 0.0 0.0 0.0 0.0 0.0 0.0 0.0 0.0 0.0 0.0 0.0 0.0 0.0 0.0 0.0 0.0 0.0 0.0 0.0 0.0 0.0 0.0 0.0 0.0 0.0 0.0 0.0 0.0 0.0 0.0 0.0 0.0 0.0 0.0 0.0 0.0 0.0 0.0 0.0 0.0 0.0 0.0 0.0 0.0 0.0 0.0 0.0 0.0 0.0 0.0 0.0 0.0 0.0 0.0 0.0 0.0 0.0 0.0 0.0 0.0 0.0 0.0 0.0 0.0 0.0 0.0 0.0 0.0 0.0 0.0 0.0 0.0 0.0 0.0 0.0 0.0 0.0 0.0 0.0 0.0 0.0 0.0 0.0 0.0 0.0 0.0 0.0 0.0 0.0 0.0 0.0 0.0 0.0 0.0 0.0 0.0 0.0 0.0 0.0 0.0 0.0 0.0 0.0 0.0 0.0 0.0 0.0 0.0 0.0 0.0 0.0 0.0 0.0 0.0 0.0 0.0 0.0 0.0 0.0 0.0 0.0 0.0 0.0 0.0 0.0 0.0 0.0 0.0 0.0 0.0 0.0 0.0 0.0 0.0 0.0 0.0 0.0 0.0 0.0 0.0 0.0 0.0 0.0 0.0 0.0 0.0 0.0 0.0 0.0 0.0 0.0 0.0 0.0 0.0 0.0 0.0 0.0 0.0 0.0 0.0 0.0 0.0 0.0 0.0 0.0 0.0 0.0 0.0 0.0 0.0 0.0 0.0 0.0 0.0 0.0 0.0 0.0 0.0 0.0 0.0 0.0 0.0 0.0 0.0 0.0 0.0 0.0 0.0 0.0 0.0 0.0 0.0 0.0 0.0 0.0 0.0 0.0 0.0 0.0 0.0 0.0 0.0 0.0 0.0 0.0 0.0 0.0 0.0 0.0 0.0 0.0 0.0 0.0 0.0 0.0 0.0 0.0 0.0 0.0 0.0 0.0 0.0 0.0 0.0 0.0 0.0 0.0 0.0 0.0 0.0 0.0 0.0 0.0 0.0 0.0 0.0 0.0 0.0 0.0 0.0 0.0 0.0 0.0 0.0 0.0 0.0 0.0 0.0 0.0 0.0 0.0 0.0 0.0 0.0 0.0 0.0 0.0 0.0 0.0 0.0 0.0 0.0 0.0 0.0 0.0 0.0 0.0 0.0 0.0 0.0 0.0 0.0 0.0 0.0 0.0 0.0 0.0 0.0 0.0 0.0 0.0 0.0 0.0 0.0 0.0 0.0 0.0 0.0 0.0 0.0 0.0 0.0 0.0 0.0 0.0 0.0 0.0 0.0 0.0 0.0 0.0 0.0 0.0 0.0 0.0 0.0 0.0 0.0 0.0 0.0 0.0 0.0 0.0 0.0 0.0 0.0 0.0 0.0 0.0 0.0 0.0 0.0 0.0 0.0 0.0 0.0 0.0 0.0 0.0 0.0 0.0 0.0 0.0 0.0 0.0 0.0 0.0 0.0 0.0 0.0 0.0 0.0 0.0 0.0 0.0 0.0 0.0 0.0 0.0 0.0 0.0 0.0 0.0 0.0 0.0 0.0 0.0 0.0 0.0 0.0 0.0 0.0 0.0 0.0 0.0 0.0 0.0 0.0 0.0 0.0 0.0 0.0 0.0 0.0 0.0 0.0 0.0 0.0 0.0 0.0 0.0 0.0 0.0 0.0 0.0 0.0 0.0 0.0 0.0 0.0 0.0 0.0 0.0 0.0 0.0 0.0 0.0 0.0 0.0 0.0 
SCALARS σxz float64 1
LOOKUP_TABLE default
0.0 0.0 0.0 0.0 0.0 0.0 0.0 0.0 0.0 0.0 0.0 0.0 0.0 0.0 0.0 0.0 0.0 0.0 0.0 0.0 0.0 0.0 0.0 0.0 0.0 0.0 0.0 0.0 0.0 0.0 0.0 0.0 0.0 0.0 0.0 0.0 0.0 0.0 0.0 0.0 0.0 0.0 0.0 0.0 0.0 0.0 0.0 0.0 0.0 0.0 0.0 0.0 0.0 0.0 0.0 0.0 0.0 0.0 0.0 0.0 0.0 0.0 0.0 0.0 0.0 0.0 0.0 0.0 0.0 0.0 0.0 0.0 0.0 0.0 0.0 0.0 0.0 0.0 0.0 0.0 0.0 0.0 0.0 0.0 0.0 0.0 0.0 0.0 0.0 0.0 0.0 0.0 0.0 0.0 0.0 0.0 0.0 0.0 0.0 0.0 0.0 0.0 0.0 0.0 0.0 0.0 0.0 0.0 0.0 0.0 0.0 0.0 0.0 0.0 0.0 0.0 0.0 0.0 0.0 0.0 0.0 0.0 0.0 0.0 0.0 0.0 0.0 0.0 0.0 0.0 0.0 0.0 0.0 0.0 0.0 0.0 0.0 0.0 0.0 0.0 0.0 0.0 0.0 0.0 0.0 0.0 0.0 0.0 0.0 0.0 0.0 0.0 0.0 0.0 0.0 0.0 0.0 0.0 0.0 0.0 0.0 0.0 0.0 0.0 0.0 0.0 0.0 0.0 0.0 0.0 0.0 0.0 0.0 0.0 0.0 0.0 0.0 0.0 0.0 0.0 0.0 0.0 0.0 0.0 0.0 0.0 0.0 0.0 0.0 0.0 0.0 0.0 0.0 0.0 0.0 0.0 0.0 0.0 0.0 0.0 0.0 0.0 0.0 0.0 0.0 0.0 0.0 0.0 0.0 0.0 0.0 0.0 0.0 0.0 0.0 0.0 0.0 0.0 0.0 0.0 0.0 0.0 0.0 0.0 0.0 0.0 0.0 0.0 0.0 0.0 0.0 0.0 0.0 0.0 0.0 0.0 0.0 0.0 0.0 0.0 0.0 0.0 0.0 0.0 0.0 0.0 0.0 0.0 0.0 0.0 0.0 0.0 0.0 0.0 0.0 0.0 0.0 0.0 0.0 0.0 0.0 0.0 0.0 0.0 0.0 0.0 0.0 0.0 0.0 0.0 0.0 0.0 0.0 0.0 0.0 0.0 0.0 0.0 0.0 0.0 0.0 0.0 0.0 0.0 0.0 0.0 0.0 0.0 0.0 0.0 0.0 0.0 0.0 0.0 0.0 0.0 0.0 0.0 0.0 0.0 0.0 0.0 0.0 0.0 0.0 0.0 0.0 0.0 0.0 0.0 0.0 0.0 0.0 0.0 0.0 0.0 0.0 0.0 0.0 0.0 0.0 0.0 0.0 0.0 0.0 0.0 0.0 0.0 0.0 0.0 0.0 0.0 0.0 0.0 0.0 0.0 0.0 0.0 0.0 0.0 0.0 0.0 0.0 0.0 0.0 0.0 0.0 0.0 0.0 0.0 0.0 0.0 0.0 0.0 0.0 0.0 0.0 0.0 0.0 0.0 0.0 0.0 0.0 0.0 0.0 0.0 0.0 0.0 0.0 0.0 0.0 0.0 0.0 0.0 0.0 0.0 0.0 0.0 0.0 0.0 0.0 0.0 0.0 0.0 0.0 0.0 0.0 0.0 0.0 0.0 0.0 0.0 0.0 0.0 0.0 0.0 0.0 0.0 0.0 0.0 0.0 0.0 0.0 0.0 0.0 0.0 0.0 0.0 0.0 0.0 0.0 0.0 0.0 0.0 0.0 0.0 0.0 0.0 0.0 0.0 0.0 0.0 0.0 0.0 0.0 0.0 0.0 0.0 0.0 0.0 0.0 0.0 0.0 0.0 0.0 0.0 0.0 0.0 0.0 0.0 0.0 0.0 0.0 0.0 0.0 0.0 0.0 0.0 0.0 0.0 0.0 0.0 0.0 0.0 0.0 0.0 0.0 0.0 0.0 0.0 0.0 0.0 0.0 0.0 0.0 0.0 0.0 0.0 0.0 0.0 0.0 0.0 0.0 0.0 0.0 0.0 0.0 0.0 0.0 0.0 0.0 0.0 0.0 0.0 0.0 0.0 0.0 0.0 0.0 0.0 0.0 0.0 0.0 0.0 0.0 0.0 0.0 0.0 0.0 0.0 0.0 0.0 0.0 0.0 0.0 0.0 0.0 0.0 0.0 0.0 0.0 0.0 0.0 0.0 0.0 0.0 0.0 0.0 0.0 0.0 0.0 0.0 0.0 0.0 0.0 0.0 0.0 0.0 0.0 0.0 0.0 0.0 0.0 0.0 0.0 0.0 0.0 0.0 0.0 0.0 0.0 0.0 0.0 0.0 0.0 0.0 0.0 0.0 0.0 0.0 0.0 0.0 0.0 0.0 0.0 0.0 0.0 0.0 0.0 0.0 0.0 0.0 0.0 0.0 0.0 0.0 0.0 0.0 0.0 0.0 0.0 0.0 0.0 0.0 0.0 0.0 0.0 0.0 0.0 0.0 0.0 0.0 0.0 0.0 0.0 0.0 0.0 0.0 0.0 0.0 0.0 0.0 0.0 0.0 0.0 0.0 0.0 0.0 0.0 0.0 0.0 0.0 0.0 0.0 0.0 0.0 0.0 0.0 0.0 0.0 0.0 0.0 0.0 0.0 0.0 0.0 0.0 0.0 0.0 0.0 0.0 0.0 0.0 0.0 0.0 0.0 0.0 0.0 0.0 0.0 0.0 0.0 0.0 0.0 0.0 0.0 0.0 0.0 0.0 0.0 0.0 0.0 0.0 0.0 0.0 0.0 0.0 0.0 0.0 0.0 0.0 0.0 0.0 0.0 0.0 0.0 0.0 0.0 0.0 0.0 0.0 0.0 0.0 0.0 0.0 0.0 0.0 0.0 0.0 0.0 0.0 0.0 0.0 0.0 0.0 0.0 0.0 0.0 0.0 0.0 0.0 0.0 0.0 0.0 0.0 0.0 0.0 0.0 0.0 0.0 0.0 0.0 0.0 0.0 0.0 0.0 0.0 0.0 0.0 0.0 0.0 0.0 0.0 0.0 0.0 0.0 0.0 0.0 0.0 0.0 0.0 0.0 0.0 0.0 0.0 0.0 0.0 0.0 0.0 0.0 0.0 0.0 0.0 0.0 0.0 0.0 0.0 0.0 0.0 0.0 0.0 0.0 0.0 0.0 0.0 0.0 0.0 0.0 0.0 0.0 0.0 0.0 0.0 0.0 0.0 0.0 0.0 0.0 0.0 0.0 0.0 0.0 0.0 0.0 0.0 0.0 0.0 0.0 0.0 0.0 0.0 0.0 0.0 0.0 0.0 0.0 0.0 0.0 0.0 0.0 0.0 0.0 0.0 0.0 0.0 0.0 0.0 0.0 0.0 0.0 0.0 0.0 0.0 0.0 0.0 0.0 0.0 0.0 0.0 0.0 0.0 0.0 0.0 0.0 0.0 0.0 0.0 0.0 0.0 0.0 0.0 0.0 0.0 0.0 0.0 0.0 0.0 0.0 0.0 0.0 0.0 0.0 0.0 0.0 0.0 0.0 0.0 0.0 0.0 0.0 0.0 0.0 0.0 0.0 0.0 0.0 0.0 0.0 0.0 0.0 0.0 0.0 0.0 0.0 0.0 0.0 0.0 0.0 0.0 0.0 0.0 0.0 0.0 0.0 0.0 0.0 0.0 0.0 0.0 0.0 0.0 0.0 0.0 0.0 0.0 0.0 0.0 0.0 0.0 0.0 0.0 0.0 0.0 0.0 0.0 0.0 0.0 0.0 0.0 0.0 0.0 0.0 0.0 0.0 0.0 0.0 0.0 0.0 0.0 0.0 0.0 0.0 0.0 0.0 0.0 0.0 0.0 0.0 0.0 0.0 0.0 0.0 0.0 0.0 0.0 0.0 0.0 0.0 0.0 0.0 0.0 0.0 0.0 0.0 0.0 0.0 0.0 0.0 0.0 0.0 0.0 0.0 0.0 0.0 0.0 0.0 0.0 0.0 0.0 0.0 0.0 0.0 0.0 0.0 0.0 0.0 0.0 0.0 0.0 0.0 0.0 0.0 0.0 0.0 0.0 0.0 0.0 0.0 0.0 0.0 0.0 0.0 0.0 0.0 0.0 0.0 0.0 0.0 0.0 0.0 0.0 0.0 0.0 0.0 0.0 0.0 0.0 0.0 0.0 0.0 0.0 0.0 0.0 0.0 0.0 0.0 0.0 0.0 0.0 0.0 0.0 0.0 0.0 0.0 0.0 0.0 0.0 0.0 0.0 0.0 0.0 0.0 0.0 0.0 0.0 0.0 0.0 0.0 0.0 0.0 0.0 0.0 0.0 0.0 0.0 0.0 0.0 0.0 0.0 0.0 0.0 0.0 0.0 0.0 0.0 0.0 0.0 0.0 0.0 0.0 0.0 0.0 0.0 0.0 0.0 0.0 0.0 0.0 0.0 0.0 0.0 0.0 0.0 0.0 0.0 0.0 0.0 0.0 0.0 0.0 0.0 0.0 0.0 0.0 0.0 0.0 0.0 0.0 0.0 0.0 0.0 0.0 0.0 0.0 0.0 0.0 0.0 0.0 0.0 0.0 0.0 0.0 0.0 0.0 0.0 0.0 0.0 0.0 0.0 0.0 0.0 0.0 0.0 0.0 0.0 0.0 0.0 0.0 0.0 0.0 0.0 0.0 0.0 0.0 0.0 0.0 0.0 0.0 0.0 0.0 0.0 0.0 0.0 0.0 0.0 0.0 0.0 0.0 0.0 0.0 0.0 0.0 0.0 0.0 0.0 0.0 0.0 0.0 0.0 0.0 0.0 0.0 0.0 0.0 0.0 0.0 0.0 0.0 0.0 0.0 0.0 0.0 0.0 0.0 0.0 0.0 0.0 0.0 0.0 0.0 0.0 0.0 0.0 0.0 0.0 0.0 0.0 0.0 0.0 0.0 0.0 0.0 0.0 0.0 0.0 0.0 0.0 0.0 0.0 0.0 0.0 0.0 0.0 0.0 0.0 0.0 0.0 0.0 0.0 0.0 0.0 0.0 0.0 0.0 0.0 0.0 0.0 0.0 0.0 0.0 0.0 0.0 0.0 0.0 0.0 0.0 0.0 0.0 0.0 0.0 0.0 0.0 0.0 0.0 0.0 0.0 0.0 0.0 0.0 0.0 0.0 0.0 0.0 0.0 0.0 0.0 0.0 0.0 0.0 0.0 0.0 0.0 0.0 0.0 0.0 0.0 0.0 0.0 0.0 0.0 0.0 0.0 0.0 0.0 0.0 0.0 0.0 0.0 0.0 0.0 0.0 0.0 0.0 0.0 0.0 0.0 0.0 0.0 0.0 0.0 0.0 0.0 0.0 0.0 0.0 0.0 0.0 0.0 0.0 0.0 0.0 0.0 0.0 0.0 0.0 0.0 0.0 0.0 0.0 0.0 0.0 0.0 0.0 0.0 0.0 0.0 0.0 0.0 0.0 0.0 0.0 0.0 0.0 0.0 0.0 0.0 0.0 0.0 0.0 0.0 0.0 0.0 0.0 0.0 0.0 0.0 0.0 0.0 0.0 0.0 0.0 0.0 0.0 0.0 0.0 0.0 0.0 0.0 0.0 0.0 0.0 0.0 0.0 0.0 0.0 0.0 0.0 0.0 0.0 0.0 0.0 0.0 0.0 0.0 0.0 0.0 0.0 0.0 0.0 0.0 0.0 0.0 0.0 0.0 0.0 0.0 0.0 0.0 0.0 0.0 0.0 0.0 0.0 0.0 0.0 0.0 0.0 0.0 0.0 0.0 0.0 0.0 0.0 0.0 0.0 0.0 0.0 0.0 0.0 0.0 0.0 0.0 0.0 0.0 0.0 0.0 0.0 0.0 0.0 0.0 0.0 0.0 0.0 0.0 0.0 0.0 0.0 0.0 0.0 0.0 0.0 0.0 0.0 0.0 0.0 0.0 0.0 0.0 0.0 0.0 0.0 0.0 0.0 0.0 0.0 0.0 0.0 0.0 0.0 0.0 0.0 0.0 0.0 0.0 0.0 0.0 0.0 0.0 0.0 0.0 0.0 0.0 0.0 0.0 0.0 0.0 0.0 0.0 0.0 0.0 0.0 0.0 0.0 0.0 0.0 0.0 0.0 0.0 0.0 0.0 0.0 0.0 0.0 0.0 0.0 0.0 0.0 0.0 0.0 0.0 0.0 0.0 0.0 0.0 0.0 0.0 0.0 0.0 0.0 0.0 0.0 0.0 0.0 0.0 0.0 0.0 0.0 0.0 0.0 0.0 0.0 0.0 0.0 0.0 0.0 0.0 0.0 0.0 0.0 0.0 0.0 0.0 0.0 0.0 0.0 0.0 0.0 0.0 0.0 0.0 0.0 0.0 0.0 0.0 0.0 0.0 0.0 0.0 0.0 0.0 0.0 0.0 0.0 0.0 0.0 0.0 0.0 0.0 0.0 0.0 0.0 0.0 0.0 0.0 0.0 0.0 0.0 0.0 0.0 0.0 0.0 0.0 0.0 0.0 0.0 0.0 0.0 0.0 0.0 0.0 0.0 0.0 0.0 0.0 0.0 0.0 0.0 0.0 0.0 0.0 0.0 0.0 0.0 0.0 0.0 0.0 0.0 0.0 0.0 0.0 0.0 0.0 0.0 0.0 0.0 0.0 0.0 0.0 0.0 0.0 0.0 0.0 0.0 0.0 0.0 0.0 0.0 0.0 0.0 0.0 
SCALARS σxy float64 1
LOOKUP_TABLE default
-222.8545528 -269.1895496 -139.4940047 -269.1895496 -269.1895496 -222.8545528 -222.8545528 -143.2539601 -574.6712549 -139.4940047 -139.4940047 800.9447055 800.9447055 800.9447055 -574.6712549 -574.6712549 -143.2539601 -143.2539601 207.6437569 -5576.350499 -101.3945011 -15.06716043 -101.3945011 -101.3945011 310.687915 -447.9027439 310.687915 310.687915 750.4071627 898.0015655 926.688598 898.0015655 898.0015655 400.6279104 168.4714399 207.6437569 207.6437569 400.6279104 400.6279104 -2456.558562 -5576.350499 -5576.350499 -2935.317894 321.9557441 141.8165278 -99.58854356 -99.58854356 -99.58854356 60.69326213 -148.4245027 -148.4245027 -148.4245027 -15.06716043 -63.93204511 -15.06716043 -447.9027439 -447.9027439 480.7918302 750.4071627 750.4071627 191.3275351 926.688598 926.688598 168.4714399 168.4714399 -2456.558562 -2456.558562 -682.8975077 -2935.317894 -5706.576322 -2935.317894 321.9557441 1255.871637 321.9557441 141.8165278 141.8165278 60.69326213 60.69326213 -63.93204511 -63.93204511 -195.3358427 -468.0920266 480.7918302 480.7918302 191.3275351 191.3275351 682.5673972 0.0 0.0 586.3193039 200.4157742 586.3193039 586.3193039 -541.4486574 1102.799041 -541.4486574 -541.4486574 76.42099553 -682.8975077 -682.8975077 -3861.542736 -5706.576322 -5706.576322 -2923.585858 682.5673972 682.5673972 -55.13426328 1255.871637 1255.871637 1212.129194 -55.13426328 -55.13426328 252.9770829 -195.3358427 -195.3358427 -730.6507385 -468.0920266 -468.0920266 -583.1634212 -928.7473857 -583.1634212 -583.1634212 599.6027208 -521.3131486 599.6027208 599.6027208 242.0985871 -269.5305781 0.0 -2773.945577 0.0 242.0985871 242.0985871 200.4157742 200.4157742 -82.9280254 1102.799041 1102.799041 -866.3068793 76.42099553 76.42099553 -3861.542736 -3861.542736 -2923.585858 -1009.134743 -2923.585858 -2773.945577 -2773.945577 1212.129194 1212.129194 142.4745797 252.9770829 252.9770829 -730.6507385 -730.6507385 -1621.116315 -928.7473857 -928.7473857 -526.1095528 -521.3131486 -521.3131486 -269.5305781 -269.5305781 -758.9409409 -69.71762733 -389.8570276 0.0 -855.561417 0.0 -758.9409409 -758.9409409 -658.8472549 -82.9280254 -82.9280254 -1150.692195 -866.3068793 -866.3068793 -2141.721605 798.2010579 -2141.721605 -2141.721605 -1009.134743 -1009.134743 -1386.092349 -855.561417 -855.561417 142.4745797 142.4745797 -1599.605538 -1749.267019 -479.1523799 -1749.267019 -1749.267019 -1621.116315 -1621.116315 -1042.415078 -526.1095528 -526.1095528 -176.5347478 -1156.037801 -176.5347478 -176.5347478 -69.71762733 -69.71762733 -335.1071116 -389.8570276 -389.8570276 0.0 -916.8377558 0.0 -360.3148575 -526.5179272 -658.8472549 -658.8472549 -884.4079704 -1150.692195 -1150.692195 798.2010579 798.2010579 -1570.977066 592.5278427 134.3222758 592.5278427 592.5278427 -1386.092349 -737.9532268 -1386.092349 -916.8377558 -916.8377558 -1599.605538 -1599.605538 -479.1523799 -479.1523799 -1042.415078 -1042.415078 -1156.037801 -1156.037801 -335.1071116 -335.1071116 -289.7481279 -312.2933808 -360.3148575 -360.3148575 0.0 -258.3147407 0.0 -526.5179272 -526.5179272 -884.4079704 -884.4079704 -1305.6615 -1591.580984 -1716.208256 -1591.580984 -1591.580984 -1570.977066 -1570.977066 -1033.066233 134.3222758 134.3222758 -737.9532268 -737.9532268 11.85009714 -258.3147407 -258.3147407 -1683.686608 -1683.686608 -1683.686608 -914.421662 -1371.035785 -914.421662 -914.421662 -289.7481279 -289.7481279 -803.7837475 -312.2933808 -312.2933808 -133.0332226 37.96293198 -133.0332226 -133.0332226 -662.4595384 -177.4891558 0.0 -356.4872583 0.0 -662.4595384 -662.4595384 -938.8929913 -1305.6615 -1305.6615 -1777.854042 -1716.208256 -1716.208256 -1033.066233 -1033.066233 -1841.468253 -71.08536518 257.0344558 -71.08536518 -71.08536518 11.85009714 327.941953 11.85009714 -356.4872583 -356.4872583 -512.72851 -512.72851 -512.72851 -1248.57532 -1371.035785 -1371.035785 -732.7971588 -803.7837475 -803.7837475 -123.7154859 37.96293198 37.96293198 50.42740796 -177.4891558 -177.4891558 0.0 -877.7703647 0.0 -938.8929913 -938.8929913 -1777.854042 -1777.854042 -2196.567095 -1617.844364 -2196.567095 -2196.567095 -1841.468253 -1841.468253 -1124.230416 257.0344558 257.0344558 327.941953 327.941953 75.36594204 -1574.362014 -877.7703647 -877.7703647 -1248.57532 -1248.57532 -732.7971588 -732.7971588 -760.7646897 -123.7154859 -123.7154859 -242.3563781 50.42740796 50.42740796 -84.29983599 163.4326631 -84.29983599 -84.29983599 -1849.80444 -339.9546977 0.0 -474.0161478 0.0 -1574.362014 -1574.362014 -1617.844364 -1617.844364 -2200.988246 -1124.230416 -1124.230416 -789.9127627 -75.51648547 -282.2422172 -75.51648547 -75.51648547 75.36594204 -98.4948642 75.36594204 -1849.80444 -1849.80444 -474.0161478 -474.0161478 -1016.373725 -1016.373725 -1016.373725 -1903.086287 -760.7646897 -760.7646897 -30.17779526 -242.3563781 -242.3563781 163.4326631 163.4326631 150.1757308 570.495514 -339.9546977 -339.9546977 0.0 -420.9181058 0.0 -2200.988246 -2200.988246 -789.9127627 -789.9127627 -282.2422172 -282.2422172 -98.4948642 -98.4948642 -109.6339173 -767.9828084 -831.4506616 -1513.700886 -2617.844138 -1513.700886 -1513.700886 -2129.859908 -2025.956449 -420.9181058 -420.9181058 -1903.086287 -1903.086287 -30.17779526 -30.17779526 150.1757308 150.1757308 -261.9376172 570.495514 570.495514 -767.9828084 -767.9828084 177.4273874 0.0 307.1164599 0.0 -2129.859908 -2129.859908 -642.8889988 -412.2324524 -642.8889988 -642.8889988 -2247.111148 1000.219724 -2247.111148 -2247.111148 -109.6339173 268.7548292 -109.6339173 -831.4506616 -831.4506616 -2617.844138 -2617.844138 -2025.956449 -2025.956449 307.1164599 307.1164599 -425.9453714 -425.9453714 -425.9453714 -300.1410854 -261.9376172 -261.9376172 2.311078391 177.4273874 177.4273874 0.0 -1380.628454 0.0 -412.2324524 -412.2324524 1000.219724 1000.219724 268.7548292 268.7548292 -569.9687126 -532.9780846 -2861.472623 -588.8705685 -2861.472623 -2861.472623 -1465.642061 -1779.041467 -1465.642061 -1465.642061 -376.2430557 -276.0510037 -376.2430557 -376.2430557 436.1726325 232.9827505 -1380.628454 -1380.628454 -300.1410854 -300.1410854 2.311078391 2.311078391 370.9459767 -532.9780846 -532.9780846 223.9048527 0.0 -133.5732011 0.0 436.1726325 436.1726325 -2191.618975 482.7923046 -2191.618975 -2191.618975 39.86864057 -569.9687126 -736.1899936 -569.9687126 -588.8705685 -588.8705685 -1779.041467 -1779.041467 -276.0510037 -276.0510037 232.9827505 232.9827505 19.97927015 -133.5732011 -133.5732011 102.1375336 102.1375336 102.1375336 370.9459767 370.9459767 694.2255017 223.9048527 223.9048527 -2967.656612 -241.8037293 0.0 741.1738902 0.0 482.7923046 482.7923046 39.86864057 39.86864057 -736.1899936 -736.1899936 -1074.843957 -2967.656612 -2967.656612 -1571.484064 716.9326922 -412.1684146 716.9326922 716.9326922 -269.484335 19.97927015 19.97927015 681.412953 741.1738902 741.1738902 694.2255017 694.2255017 -55.97926756 -241.8037293 -241.8037293 -839.1969183 0.0 480.3056264 0.0 -581.7494024 -581.7494024 -581.7494024 -2566.251851 362.1512298 -2566.251851 -2566.251851 -1074.843957 865.1768955 -1074.843957 -1571.484064 -1571.484064 -412.1684146 -412.1684146 -269.484335 -269.484335 681.412953 681.412953 480.3056264 480.3056264 -55.97926756 -55.97926756 1993.063697 -839.1969183 -839.1969183 -901.2049799 -2594.179883 0.0 2.1099928 0.0 55.06176763 -1228.915437 -197.0044736 -1228.915437 -1228.915437 362.1512298 362.1512298 -120.5409178 865.1768955 865.1768955 -883.5604245 -901.2049799 -901.2049799 -758.0709125 13.46494358 186.4320509 13.46494358 13.46494358 346.2418552 172.4959552 346.2418552 346.2418552 55.06176763 55.06176763 48.97955569 2.1099928 2.1099928 1993.063697 1993.063697 -2350.603162 -2594.179883 -2594.179883 -1858.364751 0.0 -1353.918861 0.0 -197.0044736 -197.0044736 -120.5409178 -120.5409178 -889.7729831 -883.5604245 1087.011731 -883.5604245 -758.0709125 -758.0709125 186.4320509 186.4320509 172.4959552 172.4959552 -35.1298154 -537.7152479 48.97955569 48.97955569 -1353.918861 -1353.918861 -2350.603162 -2350.603162 -1858.364751 -1858.364751 -172.0129212 -1251.035287 0.0 -590.8338533 0.0 -654.1225876 -929.5320829 -1518.092943 -1024.47304 -1518.092943 -1518.092943 -889.7729831 -889.7729831 150.2872796 1087.011731 1087.011731 -172.0129212 -172.0129212 -35.1298154 -35.1298154 54.18272252 -537.7152479 -537.7152479 -654.1225876 -654.1225876 -556.8293869 -590.8338533 -590.8338533 -1251.035287 -1251.035287 0.0 -679.7382966 0.0 -1449.718995 527.9714513 -929.5320829 -929.5320829 -1024.47304 -1024.47304 150.2872796 150.2872796 -1325.264609 -1449.718995 -1449.718995 1454.093965 54.18272252 54.18272252 -556.8293869 -556.8293869 -993.0213442 -1039.522977 -1125.806351 -679.7382966 -679.7382966 -702.3411633 -908.7823071 -702.3411633 -702.3411633 -168.0714793 224.8178319 0.0 -1327.828355 0.0 527.9714513 527.9714513 -1039.522977 -1039.522977 -1100.919895 -1121.765993 -1100.919895 -1100.919895 -1325.264609 -1325.264609 -612.0692744 1454.093965 1454.093965 -889.7983495 -228.1348854 -168.0714793 -168.0714793 -559.79183 -993.0213442 -993.0213442 -1087.580101 -1125.806351 -1125.806351 -1327.828355 -1327.828355 -908.7823071 -908.7823071 -454.022403 224.8178319 224.8178319 339.8564207 0.0 257.1964989 0.0 -889.7983495 -889.7983495 -630.2707289 -1121.765993 -1121.765993 -612.0692744 -612.0692744 -228.1348854 -228.1348854 -559.79183 -559.79183 -1087.580101 -1087.580101 -1354.451647 -1142.293103 -1247.752336 -1142.293103 -1142.293103 -1411.845383 -1330.489838 257.1964989 257.1964989 -454.022403 -454.022403 483.1204901 339.8564207 339.8564207 0.0 -842.0660065 0.0 187.2839647 -1346.017695 368.6356152 -1494.822081 -630.2707289 392.8562154 -630.2707289 -1411.845383 -1411.845383 -845.883825 -612.418082 -845.883825 -845.883825 -1494.822081 -1494.822081 242.2336473 -1346.017695 -1346.017695 -1354.451647 -1354.451647 -1146.727155 -1247.752336 -1247.752336 -1330.489838 -1330.489838 -842.0660065 -842.0660065 483.1204901 483.1204901 187.2839647 187.2839647 0.0 -22.15640322 0.0 -267.3284423 368.6356152 368.6356152 -2084.113152 392.8562154 392.8562154 -612.418082 -612.418082 242.2336473 242.2336473 -1146.727155 -1146.727155 -649.4264979 -248.1101107 -69.36641464 -248.1101107 -248.1101107 29.79206275 -89.17689966 29.79206275 29.79206275 343.7974822 123.403199 -22.15640322 -22.15640322 55.67971985 55.67971985 55.67971985 -267.3284423 -267.3284423 554.171533 0.0 1266.250987 0.0 -2084.113152 -2084.113152 -2364.427242 -2279.126868 145.1668209 -2279.126868 -2279.126868 -290.1690927 343.7974822 343.7974822 -2364.427242 -2364.427242 256.7399013 -1987.737405 -649.4264979 -649.4264979 -717.1145013 -69.36641464 -69.36641464 -89.17689966 -89.17689966 123.403199 123.403199 1266.250987 1266.250987 554.171533 554.171533 0.0 182.9433865 0.0 -2110.232321 -1987.737405 -1987.737405 -1614.60038 145.1668209 145.1668209 -1381.683528 -290.1690927 -1345.179379 -290.1690927 690.342532 803.0881256 256.7399013 256.7399013 -1214.15158 -717.1145013 -717.1145013 -755.4602253 -114.6081232 -178.1551827 -114.6081232 -114.6081232 605.8525801 193.154604 605.8525801 605.8525801 690.342532 690.342532 633.6985366 182.9433865 182.9433865 -2110.232321 -2110.232321 -770.0694553 0.0 -1655.771356 0.0 -1614.60038 -1614.60038 -1381.683528 -1381.683528 -1345.179379 -1345.179379 -637.0777894 803.0881256 803.0881256 -1214.15158 -1214.15158 -1386.277372 -206.5978861 -995.6469201 -755.4602253 -755.4602253 -368.5355158 -178.1551827 -178.1551827 193.154604 193.154604 633.6985366 633.6985366 138.2616467 57.41779602 -1655.771356 -1655.771356 -770.0694553 -770.0694553 0.0 -541.7418891 0.0 -2742.783928 -995.6469201 -995.6469201 -767.0394515 -1386.277372 -1386.277372 -945.9556915 -637.0777894 -355.0298541 -637.0777894 138.2616467 138.2616467 418.0331492 -206.5978861 -206.5978861 -689.7316737 -368.5355158 -368.5355158 -751.5765331 -650.3258478 -751.5765331 -751.5765331 -271.8018022 -615.7583753 -271.8018022 -271.8018022 57.41779602 57.41779602 -107.7549215 -541.7418891 -541.7418891 -2742.783928 -2742.783928 0.0 -1086.225606 0.0 -767.0394515 -767.0394515 -945.9556915 -945.9556915 -355.0298541 -355.0298541 -359.6695716 418.0331492 418.0331492 -689.7316737 -689.7316737 -831.0515803 -445.6462692 -475.8215019 -650.3258478 -650.3258478 -547.1472279 -615.7583753 -615.7583753 -107.7549215 -107.7549215 -1086.225606 -1086.225606 0.0 -844.882709 0.0 -475.8215019 -475.8215019 -831.0515803 -831.0515803 -359.6695716 222.5800622 -359.6695716 -679.4353826 -758.7543581 -911.646342 -339.6427287 -911.646342 -911.646342 -445.6462692 -445.6462692 34.33606073 -547.1472279 -547.1472279 -850.18169 -595.9638987 -850.18169 -850.18169 -679.4353826 -679.4353826 -878.9292416 -844.882709 -844.882709 0.0 0.0 -891.0940407 -273.6851677 81.8686251 -273.6851677 -273.6851677 222.5800622 222.5800622 -758.7543581 -758.7543581 -339.6427287 -339.6427287 34.33606073 34.33606073 -148.2320845 -595.9638987 -595.9638987 -800.779927 -878.9292416 -878.9292416 -961.1980925 -911.1789377 -1015.434525 -891.0940407 -891.0940407 0.0 -185.7042829 0.0 81.8686251 81.8686251 -99.75763961 -148.2320845 -148.2320845 -965.8124418 -1129.425375 -1000.128111 199.6922713 -1000.128111 -1000.128111 56.34582234 -911.1789377 -911.1789377 -1058.633682 -479.6772477 -1058.633682 -1058.633682 -1129.425375 -1129.425375 24.89793677 -800.779927 -800.779927 -707.2344285 -961.1980925 -961.1980925 -1119.42309 -1015.434525 -1015.434525 -185.7042829 -185.7042829 0.0 0.0 223.1432136 -99.75763961 -99.75763961 676.3258726 -965.8124418 -965.8124418 199.6922713 199.6922713 -580.266828 56.34582234 -563.9889818 56.34582234 -479.6772477 -479.6772477 24.89793677 24.89793677 -707.2344285 -707.2344285 -1119.42309 -1119.42309 28.00538844 -117.2405352 -175.4949096 -117.2405352 -117.2405352 -903.3504357 -269.3988045 223.1432136 223.1432136 0.0 190.5282194 0.0 -1293.213202 221.4775309 -578.5005304 676.3258726 676.3258726 -1293.213202 -1293.213202 -580.266828 -580.266828 -563.9889818 -563.9889818 -506.8350986 -903.3504357 -903.3504357 -1787.050674 -580.3078837 -1787.050674 -1787.050674 -1337.253311 -451.4154014 221.4775309 221.4775309 28.00538844 28.00538844 250.2313544 -175.4949096 -175.4949096 -269.3988045 -269.3988045 190.5282194 190.5282194 0.0 -1418.781245 -2017.431784 0.0 -270.3094082 -578.5005304 -578.5005304 166.2180612 -2017.431784 -2017.431784 -270.3094082 -270.3094082 -806.5129919 -1337.253311 -1337.253311 -506.8350986 -71.43553402 -506.8350986 -580.3078837 -580.3078837 -451.4154014 -451.4154014 250.2313544 250.2313544 114.5948393 481.2223226 362.8057603 481.2223226 481.2223226 -478.6787786 53.11430825 -478.6787786 -478.6787786 -1749.563329 -479.3535114 0.0 -1418.781245 -1418.781245 -1185.11534 0.0 166.2180612 166.2180612 -806.5129919 -806.5129919 -71.43553402 -71.43553402 -1749.563329 -1749.563329 -1747.826317 -879.5441257 -1747.826317 -1747.826317 -999.0602583 -503.2253945 114.5948393 114.5948393 362.8057603 362.8057603 53.11430825 53.11430825 -479.3535114 -479.3535114 143.3561348 0.0 0.0 -955.5790029 0.0 0.0 -1188.533893 -619.8396725 -999.0602583 -999.0602583 -879.5441257 -879.5441257 -503.2253945 -503.2253945 117.6069045 42.37729133 -1329.551316 -607.3259284 -118.5447196 -701.8748467 -235.771722 0.0 0.0 -641.4968886 0.0 0.0 0.0 0.0 -187.223645 -285.9272438 0.0 0.0 0.0 0.0 -830.3725313 -132.6377719 -1310.15308 -49.00676056 -249.8794804 -1012.27914 -628.873445 -430.3229818 -468.1593946 -270.9118783 -365.1625048 -196.2569426 0.0 0.0 -225.2368534 0.0 0.0 -850.8373948 -483.6768613 -1042.947077 -993.0656484 -456.3306851 -780.5466306 -509.9316027 -433.5513673 -436.5209292 -559.7938295 31.35991319 0.0 0.0 -307.1797866 0.0 0.0 -540.1093913 -93.20294723 -601.2581467 -914.2012713 -671.7725291 -814.1631029 -514.4475947 -535.7271625 -667.9872056 -713.9237286 -180.1593042 0.0 0.0 0.0 0.0 -189.892659 0.0 0.0 0.0 0.0 -339.6460306 0.0 0.0 0.0 0.0 -137.661022 0.0 0.0 -366.7079684 -452.7304148 -731.5334808 -816.3474714 -827.3584923 -598.969531 -679.8610652 -747.2444789 -804.0203997 -296.5486686 -268.2244638 -493.9649348 -657.7493606 -375.9317393 0.0 -125.0199764 -309.2053405 0.0 0.0 0.0 0.0 0.0 -464.3119828 -167.4280717 0.0 -142.4269998 0.0 -743.4762691 -818.5892052 -769.7221044 -739.4227557 -821.7392453 -802.8941845 0.0 0.0 -800.1186327 -543.2819903 -652.0013741 -446.7076052 -293.9571765 -455.6821977 -552.5189252 -328.0967078 -277.5215613 -78.44565369 0.0 0.0 -608.0153477 -753.2770458 -834.3548656 -796.3389007 -849.63852 0.0 0.0 -348.439068 -789.9778732 -672.016679 -484.1650412 -646.6752656 -401.6190575 -17.15483775 0.0 0.0 -203.3079734 0.0 0.0 0.0 -670.8953345 -478.2614881 -736.5865316 -839.6345589 -879.0315738 -815.4388332 -419.5145722 -535.6576284 -733.2175699 -695.4257655 -471.5803865 -329.9799735 -187.6628894 -175.1757625 -311.3583021 0.0 0.0 0.0 0.0 0.0 0.0 0.0 -127.8180751 0.0 0.0 -273.4697811 -632.3196884 -758.9997995 -846.2914441 -780.7527128 -870.6633954 -480.4761249 -658.6716061 -791.1127792 0.0 -150.1670769 0.0 0.0 0.0 -82.36246076 -541.241223 -256.8175624 -116.2478103 -437.7843453 -177.8850149 -290.1461335 0.0 0.0 0.0 0.0 0.0 -494.2560984 -722.198029 -800.7988895 -794.7586472 -838.9828949 -666.9983961 -782.2838281 -292.357606 -322.6495848 -149.5237231 -559.4269052 -344.516855 -41.08229156 -715.2026622 -478.1392391 -672.4270579 -653.8153149 -833.131104 -810.0500799 -768.7872383 -811.1866957 -470.1210569 -493.2571575 -388.3008617 -502.0991042 -281.2446579 -166.1578042 -771.6288342 -801.3222495 -675.8054603 -694.9026607 -782.0111376 -820.1289785 -613.3055686 -793.3983276 -742.7433371 -772.0822528 -827.2871274 -765.9185423 -677.4503487 -567.1711153 -467.3963023 -375.0150151 -27.31889141 -832.7826326 -788.8352975 -822.9757052 -798.2665508 -667.9245594 -708.6397485 -813.6901502 -813.8647594 -802.8317692 -741.836471 -484.9277879 -275.9873381 -71.41380254 -842.771148 -815.8155176 -828.9017799 -745.0938005 -607.4645298 -755.5952492 -806.1680617 -831.3307595 -817.0926124 -447.0294447 -269.8215845 -78.59814511 -780.7509757 -616.078211 -682.09717 -762.0359615 -792.8318209 -810.6816664 -449.3980618 -254.975004 -77.99218522 -651.9663209 -547.0179394 -666.922408 -732.4080552 -324.8469108 -60.50511742 -458.1595307 -483.4332795 -551.7300118 -245.6474387 -95.1495049 -305.4664336 -373.6122631 -69.27898561 -99.37067783 
SCALARS σvm float64 1
LOOKUP_TABLE default
683.2435308 767.1871355 406.9800056 767.1871355 767.1871355 683.2435308 683.2435308 707.2838753 1025.097377 406.9800056 406.9800056 2641.771161 2641.771161 2641.771161 1025.097377 1025.097377 707.2838753 707.2838753 8305.115118 12924.49686 451.4950456 81.01125963 451.4950456 451.4950456 1604.510028 3996.366684 1604.510028 1604.510028 3008.879236 2188.265436 2915.277909 2188.265436 2188.265436 703.7669775 1559.809264 8305.115118 8305.115118 703.7669775 703.7669775 5262.887133 12924.49686 12924.49686 36085.72904 1122.257312 943.9651468 624.8394448 624.8394448 624.8394448 297.7793887 259.2051537 259.2051537 259.2051537 81.01125963 248.2333047 81.01125963 3996.366684 3996.366684 2739.71791 3008.879236 3008.879236 2387.387203 2915.277909 2915.277909 1559.809264 1559.809264 5262.887133 5262.887133 8382.689962 36085.72904 18441.66995 36085.72904 1122.257312 3645.348032 1122.257312 943.9651468 943.9651468 297.7793887 297.7793887 248.2333047 248.2333047 485.7390882 1101.467737 2739.71791 2739.71791 2387.387203 2387.387203 7400.505163 0.0 0.0 1918.743356 2654.42888 1918.743356 1918.743356 2669.964982 2840.014742 2669.964982 2669.964982 4215.089446 8382.689962 8382.689962 12542.86572 18441.66995 18441.66995 29855.28593 7400.505163 7400.505163 455.2246334 3645.348032 3645.348032 2107.373578 455.2246334 455.2246334 1572.705943 485.7390882 485.7390882 1953.805933 1101.467737 1101.467737 2175.143554 4346.492041 2175.143554 2175.143554 2377.331317 2811.849411 2377.331317 2377.331317 1258.765302 2020.174056 0.0 14195.57447 0.0 1258.765302 1258.765302 2654.42888 2654.42888 601.6248624 2840.014742 2840.014742 2272.598806 4215.089446 4215.089446 12542.86572 12542.86572 29855.28593 13391.27771 29855.28593 14195.57447 14195.57447 2107.373578 2107.373578 1261.946332 1572.705943 1572.705943 1953.805933 1953.805933 4472.504623 4346.492041 4346.492041 1446.828263 2811.849411 2811.849411 2020.174056 2020.174056 1945.674247 1589.34333 1867.044382 0.0 12186.36857 0.0 1945.674247 1945.674247 1671.813076 601.6248624 601.6248624 2061.196731 2272.598806 2272.598806 7105.919516 3223.995385 7105.919516 7105.919516 13391.27771 13391.27771 21206.18902 12186.36857 12186.36857 1261.946332 1261.946332 3094.355136 3452.253839 1251.740872 3452.253839 3452.253839 4472.504623 4472.504623 1814.444153 1446.828263 1446.828263 605.6334973 2176.251814 605.6334973 605.6334973 1589.34333 1589.34333 1492.466557 1867.044382 1867.044382 0.0 5430.190079 0.0 1348.009693 1623.868165 1671.813076 1671.813076 1931.018974 2061.196731 2061.196731 3223.995385 3223.995385 6008.833495 12293.04887 6070.429458 12293.04887 12293.04887 21206.18902 13369.22038 21206.18902 5430.190079 5430.190079 3094.355136 3094.355136 1251.740872 1251.740872 1814.444153 1814.444153 2176.251814 2176.251814 1492.466557 1492.466557 919.1474982 1773.178036 1348.009693 1348.009693 0.0 13919.27956 0.0 1623.868165 1623.868165 1931.018974 1931.018974 2354.523769 3143.284087 3050.006272 3143.284087 3143.284087 6008.833495 6008.833495 2256.896451 6070.429458 6070.429458 13369.22038 13369.22038 21624.25153 13919.27956 13919.27956 2967.238965 2967.238965 2967.238965 1713.621464 2417.370692 1713.621464 1713.621464 919.1474982 919.1474982 1604.511552 1773.178036 1773.178036 1267.789023 1057.542042 1267.789023 1267.789023 1506.263492 1131.442287 0.0 10597.561 0.0 1506.263492 1506.263492 1765.835253 2354.523769 2354.523769 3132.285342 3050.006272 3050.006272 2256.896451 2256.896451 4593.355458 14146.31899 4520.630771 14146.31899 14146.31899 21624.25153 13951.61272 21624.25153 10597.561 10597.561 1933.579542 1933.579542 1933.579542 2342.430449 2417.370692 2417.370692 1878.750302 1604.511552 1604.511552 989.7516936 1057.542042 1057.542042 1080.762845 1131.442287 1131.442287 0.0 13565.58912 0.0 1765.835253 1765.835253 3132.285342 3132.285342 3972.152144 2843.542299 3972.152144 3972.152144 4593.355458 4593.355458 2071.356451 4520.630771 4520.630771 13951.61272 13951.61272 22115.65595 2786.446562 13565.58912 13565.58912 2342.430449 2342.430449 1878.750302 1878.750302 1886.674934 989.7516936 989.7516936 1017.152578 1080.762845 1080.762845 1189.662657 1142.825437 1189.662657 1189.662657 3299.604594 1374.644663 0.0 5352.199059 0.0 2786.446562 2786.446562 2843.542299 2843.542299 3866.336037 2071.356451 2071.356451 1497.249117 13693.90951 4326.199024 13693.90951 13693.90951 22115.65595 13482.62 22115.65595 3299.604594 3299.604594 5352.199059 5352.199059 1997.385864 1997.385864 1997.385864 3393.089331 1886.674934 1886.674934 682.4780818 1017.152578 1017.152578 1142.825437 1142.825437 1507.305569 1768.851911 1374.644663 1374.644663 0.0 17305.78888 0.0 3866.336037 3866.336037 1497.249117 1497.249117 4326.199024 4326.199024 13482.62 13482.62 22784.19024 1351.58843 1703.222359 2809.878228 5418.230933 2809.878228 2809.878228 3803.996025 3893.00122 17305.78888 17305.78888 3393.089331 3393.089331 682.4780818 682.4780818 1507.305569 1507.305569 1485.821414 1768.851911 1768.851911 1351.58843 1351.58843 1452.569291 0.0 6661.674149 0.0 3803.996025 3803.996025 1619.893026 1598.456028 1619.893026 1619.893026 12564.57328 4372.586193 12564.57328 12564.57328 22784.19024 12936.5471 22784.19024 1703.222359 1703.222359 5418.230933 5418.230933 3893.00122 3893.00122 6661.674149 6661.674149 1667.758879 1667.758879 1667.758879 1312.133116 1485.821414 1485.821414 1463.324374 1452.569291 1452.569291 0.0 13614.75352 0.0 1598.456028 1598.456028 4372.586193 4372.586193 12936.5471 12936.5471 20369.84963 1384.433359 5816.948988 1754.77682 5816.948988 5816.948988 3776.464516 3198.997028 3776.464516 3776.464516 2960.105204 563.5263382 2960.105204 2960.105204 1285.299451 1114.811542 13614.75352 13614.75352 1312.133116 1312.133116 1463.324374 1463.324374 1948.257192 1384.433359 1384.433359 1679.983698 0.0 5872.886026 0.0 1285.299451 1285.299451 5923.842628 1416.611728 5923.842628 5923.842628 10652.74048 20369.84963 11836.59149 20369.84963 1754.77682 1754.77682 3198.997028 3198.997028 563.5263382 563.5263382 1114.811542 1114.811542 1040.369928 5872.886026 5872.886026 2050.443452 2050.443452 2050.443452 1948.257192 1948.257192 1718.902087 1679.983698 1679.983698 7466.675844 1051.858614 0.0 10443.61104 0.0 1416.611728 1416.611728 10652.74048 10652.74048 11836.59149 11836.59149 19265.81413 7466.675844 7466.675844 6174.560793 3041.958973 1115.717919 3041.958973 3041.958973 642.9923723 1040.369928 1040.369928 1360.108555 10443.61104 10443.61104 1718.902087 1718.902087 2102.615123 1051.858614 1051.858614 6015.349763 0.0 9289.44166 0.0 1932.787672 1932.787672 1932.787672 8699.889466 4322.628485 8699.889466 8699.889466 19265.81413 11967.33357 19265.81413 6174.560793 6174.560793 1115.717919 1115.717919 642.9923723 642.9923723 1360.108555 1360.108555 9289.44166 9289.44166 2102.615123 2102.615123 6340.616844 6015.349763 6015.349763 1617.487187 5185.22426 0.0 7539.339105 0.0 860.5041926 2246.767422 1607.22443 2246.767422 2246.767422 4322.628485 4322.628485 1725.383652 11967.33357 11967.33357 16135.38886 1617.487187 1617.487187 1863.358135 1018.02165 1760.6419 1018.02165 1018.02165 943.1973184 1905.717029 943.1973184 943.1973184 860.5041926 860.5041926 603.0277603 7539.339105 7539.339105 6340.616844 6340.616844 4141.570458 5185.22426 5185.22426 3249.462945 0.0 6316.719244 0.0 1607.22443 1607.22443 1725.383652 1725.383652 6534.510509 16135.38886 9157.502573 16135.38886 1863.358135 1863.358135 1760.6419 1760.6419 1905.717029 1905.717029 1816.384485 1727.565228 603.0277603 603.0277603 6316.719244 6316.719244 4141.570458 4141.570458 3249.462945 3249.462945 1656.143334 2359.810728 0.0 6809.338743 0.0 1299.476211 1704.645864 2682.181182 1864.007534 2682.181182 2682.181182 6534.510509 6534.510509 776.4327821 9157.502573 9157.502573 1656.143334 1656.143334 1816.384485 1816.384485 1917.072649 1727.565228 1727.565228 1299.476211 1299.476211 1592.133621 6809.338743 6809.338743 2359.810728 2359.810728 0.0 9882.055027 0.0 11482.09204 17729.51508 1704.645864 1704.645864 1864.007534 1864.007534 776.4327821 776.4327821 3753.006625 11482.09204 11482.09204 6594.508903 1917.072649 1917.072649 1592.133621 1592.133621 2140.305079 1907.342028 2016.786169 9882.055027 9882.055027 1695.584085 2048.510472 1695.584085 1695.584085 1749.835045 1860.900283 0.0 6085.884189 0.0 17729.51508 17729.51508 1907.342028 1907.342028 1971.039623 1979.768437 1971.039623 1971.039623 3753.006625 3753.006625 1264.64528 6594.508903 6594.508903 11643.06548 11015.23835 1749.835045 1749.835045 1651.789114 2140.305079 2140.305079 2051.474761 2016.786169 2016.786169 6085.884189 6085.884189 2048.510472 2048.510472 1262.749392 1860.900283 1860.900283 1719.332262 0.0 7424.373203 0.0 11643.06548 11643.06548 18304.54607 1979.768437 1979.768437 1264.64528 1264.64528 11015.23835 11015.23835 1651.789114 1651.789114 2051.474761 2051.474761 2486.850532 2048.93686 2321.739417 2048.93686 2048.93686 2466.113546 2347.859469 7424.373203 7424.373203 1262.749392 1262.749392 1757.734266 1719.332262 1719.332262 0.0 8298.752481 0.0 1454.548036 2601.369409 859.7714836 6878.541885 18304.54607 12261.56148 18304.54607 2466.113546 2466.113546 1933.441158 1704.13776 1933.441158 1933.441158 6878.541885 6878.541885 3090.912319 2601.369409 2601.369409 2486.850532 2486.850532 3654.778871 2321.739417 2321.739417 2347.859469 2347.859469 8298.752481 8298.752481 1757.734266 1757.734266 1454.548036 1454.548036 0.0 5063.590848 0.0 923.7215176 859.7714836 859.7714836 5602.509346 12261.56148 12261.56148 1704.13776 1704.13776 3090.912319 3090.912319 3654.778871 3654.778871 5011.371723 3631.302235 1141.756375 3631.302235 3631.302235 2385.301377 490.8833663 2385.301377 2385.301377 1330.516073 507.8445138 5063.590848 5063.590848 1334.215166 1334.215166 1334.215166 923.7215176 923.7215176 2547.662561 0.0 7302.9006 0.0 5602.509346 5602.509346 5847.919042 11441.41399 6264.73697 11441.41399 11441.41399 15764.71278 1330.516073 1330.516073 5847.919042 5847.919042 478.257781 5726.140642 5011.371723 5011.371723 1863.670859 1141.756375 1141.756375 490.8833663 490.8833663 507.8445138 507.8445138 7302.9006 7302.9006 2547.662561 2547.662561 0.0 8608.473818 0.0 4111.542813 5726.140642 5726.140642 2855.696299 6264.73697 6264.73697 9958.561085 15764.71278 10277.16157 15764.71278 1435.539281 1900.684913 478.257781 478.257781 2284.482305 1863.670859 1863.670859 2491.660865 1264.488692 744.3896192 1264.488692 1264.488692 1564.25594 374.2724774 1564.25594 1564.25594 1435.539281 1435.539281 1560.701618 8608.473818 8608.473818 4111.542813 4111.542813 2452.507547 0.0 5477.567747 0.0 2855.696299 2855.696299 9958.561085 9958.561085 10277.16157 10277.16157 14235.15771 1900.684913 1900.684913 2284.482305 2284.482305 5685.299359 4033.742746 2222.391495 2491.660865 2491.660865 1315.385785 744.3896192 744.3896192 374.2724774 374.2724774 1560.701618 1560.701618 1637.764332 1196.082266 5477.567747 5477.567747 2452.507547 2452.507547 0.0 6322.221526 0.0 4760.69922 2222.391495 2222.391495 1725.119228 5685.299359 5685.299359 9791.178681 14235.15771 9877.636337 14235.15771 1637.764332 1637.764332 1386.108414 4033.742746 4033.742746 2215.535902 1315.385785 1315.385785 1748.982827 1854.365154 1748.982827 1748.982827 1062.857567 1529.101275 1062.857567 1062.857567 1196.082266 1196.082266 692.1519808 6322.221526 6322.221526 4760.69922 4760.69922 0.0 3543.318029 0.0 1725.119228 1725.119228 9791.178681 9791.178681 9877.636337 9877.636337 12500.12901 1386.108414 1386.108414 2215.535902 2215.535902 6109.091474 5733.762235 1392.13592 1854.365154 1854.365154 1565.965024 1529.101275 1529.101275 692.1519808 692.1519808 3543.318029 3543.318029 0.0 7474.834658 0.0 1392.13592 1392.13592 6109.091474 6109.091474 12500.12901 9448.189384 12500.12901 1621.128489 1646.419003 2209.630592 955.4145137 2209.630592 2209.630592 5733.762235 5733.762235 2419.174362 1565.965024 1565.965024 1912.373657 1653.238019 1912.373657 1912.373657 1621.128489 1621.128489 1877.99842 7474.834658 7474.834658 0.0 0.0 3589.528816 1458.516402 1825.790945 1458.516402 1458.516402 9448.189384 9448.189384 1646.419003 1646.419003 955.4145137 955.4145137 2419.174362 2419.174362 1114.912271 1653.238019 1653.238019 1715.651509 1877.99842 1877.99842 1878.184364 2111.871671 2212.316901 3589.528816 3589.528816 0.0 5768.346327 0.0 1825.790945 1825.790945 1056.073425 1114.912271 1114.912271 2305.460985 5713.562282 8636.43904 6337.77751 8636.43904 8636.43904 11262.886 2111.871671 2111.871671 2157.178348 1438.386644 2157.178348 2157.178348 5713.562282 5713.562282 2236.544048 1715.651509 1715.651509 1552.4795 1878.184364 1878.184364 2160.271238 2212.316901 2212.316901 5768.346327 5768.346327 0.0 0.0 5214.062929 1056.073425 1056.073425 3597.493345 2305.460985 2305.460985 6337.77751 6337.77751 8303.962593 11262.886 8319.578731 11262.886 1438.386644 1438.386644 2236.544048 2236.544048 1552.4795 1552.4795 2160.271238 2160.271238 1804.881873 1289.394558 953.4450143 1289.394558 1289.394558 1871.918528 1417.266763 5214.062929 5214.062929 0.0 4361.969817 0.0 4855.822834 3589.36026 2466.076116 3597.493345 3597.493345 4855.822834 4855.822834 8303.962593 8303.962593 8319.578731 8319.578731 10883.94132 1871.918528 1871.918528 4790.238833 1315.115879 4790.238833 4790.238833 6345.744928 5127.535349 3589.36026 3589.36026 1804.881873 1804.881873 620.1229072 953.4450143 953.4450143 1417.266763 1417.266763 4361.969817 4361.969817 0.0 5566.848346 5150.368526 0.0 3067.310399 2466.076116 2466.076116 1614.974705 5150.368526 5150.368526 3067.310399 3067.310399 1649.799425 6345.744928 6345.744928 10883.94132 8205.69065 10883.94132 1315.115879 1315.115879 5127.535349 5127.535349 620.1229072 620.1229072 819.4539519 1130.68285 856.6359883 1130.68285 1130.68285 944.1991711 1380.566605 944.1991711 944.1991711 3369.514169 927.05689 0.0 5566.848346 5566.848346 7828.373595 0.0 1614.974705 1614.974705 1649.799425 1649.799425 8205.69065 8205.69065 3369.514169 3369.514169 5454.057819 3260.394659 5454.057819 5454.057819 7687.648041 5733.979987 819.4539519 819.4539519 856.6359883 856.6359883 1380.566605 1380.566605 927.05689 927.05689 1305.291342 0.0 0.0 6014.11654 0.0 0.0 4459.858231 2039.124351 7687.648041 7687.648041 3260.394659 3260.394659 5733.979987 5733.979987 966.5670932 509.1038444 2317.021738 1040.73817 1483.915919 4656.600321 6016.729234 0.0 0.0 3111.801714 0.0 0.0 0.0 0.0 1286.176348 5154.635039 0.0 0.0 0.0 0.0 7738.070608 11040.53177 5301.041547 842.565516 704.1935674 3029.921111 1323.816052 2270.553373 3702.714067 4034.657959 1537.664492 4789.175224 0.0 0.0 4188.426591 0.0 0.0 6291.787392 7847.24876 4620.46684 3085.617553 892.4471422 1766.570492 2419.779563 3243.589463 3361.590331 1482.984557 4826.099576 0.0 0.0 3893.662258 0.0 0.0 5825.931825 7341.257038 4271.260232 2840.171577 1234.292768 1853.859784 2316.020851 2696.421361 1661.719339 1302.111711 4207.576252 0.0 0.0 0.0 0.0 3742.697923 0.0 0.0 0.0 0.0 3179.343521 0.0 0.0 0.0 0.0 3704.077025 0.0 0.0 6566.465921 4785.564175 3724.587129 2407.431237 1593.855791 2344.520102 2033.158878 1414.735014 1404.91116 3255.343258 3313.762357 2548.034757 2021.686961 2846.852263 0.0 3271.375807 2712.643814 0.0 0.0 0.0 0.0 0.0 4195.326563 5440.59884 0.0 3018.740098 0.0 2942.333161 2062.515721 1689.811981 1667.586317 1441.161008 1645.322504 0.0 0.0 1564.916265 2511.842324 1912.348144 2455.291991 2459.830241 2305.349513 3292.077811 4078.003479 4930.289936 2579.962815 0.0 0.0 2895.317693 2278.589138 1461.369595 1546.161821 1485.342754 0.0 0.0 2166.247013 1560.424502 2104.072522 2082.830265 1957.182315 3359.203493 4588.260463 0.0 0.0 2115.60312 0.0 0.0 0.0 2465.907434 2819.21048 1866.447279 1543.187409 1503.538729 1463.12503 1788.874598 1832.746678 1548.892286 1709.662606 2717.001231 3259.488008 4073.021808 1878.340642 1708.20711 0.0 0.0 0.0 0.0 0.0 0.0 0.0 1422.434577 0.0 0.0 1380.946962 2276.312574 1714.804449 1495.677431 1547.995855 1501.198784 1564.207611 1552.820305 1496.149146 0.0 823.1337249 0.0 0.0 0.0 401.8023118 2363.393814 3051.119357 3695.418556 1427.773988 1130.912171 1217.031283 0.0 0.0 0.0 0.0 0.0 1272.723138 1861.262703 1492.713657 1383.692691 1479.835116 1481.470721 1445.574901 749.2059372 640.634815 253.969989 2083.062463 2546.288734 3440.206939 1399.885604 1034.757826 1283.80302 1635.318819 1436.06336 1479.250979 1562.677683 1440.964089 889.8473013 868.3969962 657.9417672 2100.635064 2422.009578 2814.194488 1397.191672 1416.605954 1214.817688 1269.712113 1383.996693 1433.819161 1633.366304 1465.948165 1532.031773 1428.322902 1434.888051 1332.274723 1182.000969 980.0566405 1701.543639 2111.753933 2602.419442 1442.635686 1381.733722 1429.36658 1419.462745 1514.763602 1393.995936 1420.467723 1412.00617 1390.73314 1283.745179 1519.489851 1778.112511 2169.87353 1458.203956 1417.423409 1433.269919 1379.038791 1374.750224 1348.581746 1399.427357 1440.709317 1415.981705 1296.824554 1499.169981 1845.663284 1366.996961 1258.295966 1252.45512 1325.645173 1373.377864 1404.74963 1128.023269 1197.989542 1461.024814 1172.006469 1094.878872 1168.591184 1267.59752 943.9748374 1145.18762 878.4590232 852.8601215 951.9882819 668.4475716 621.4433352 601.7916057 636.9814261 443.6205024 148.5090389 
SCALARS σ1 float64 1
LOOKUP_TABLE default
701.038297 745.241122 414.120827 745.241122 745.241122 701.038297 701.038297 815.2645603 745.0121174 414.120827 414.120827 1190.874759 1190.874759 1190.874759 745.0121174 745.0121174 815.2645603 815.2645603 1048.906384 1096.720455 401.5858126 86.91348519 401.5858126 401.5858126 116.5584414 1017.345309 116.5584414 116.5584414 1476.066316 791.2706141 1297.508384 791.2706141 791.2706141 502.7191572 252.411242 1048.906384 1048.906384 502.7191572 502.7191572 75.08364726 1096.720455 1096.720455 921.7310546 1170.789624 1071.331531 673.5452644 673.5452644 673.5452644 325.9864642 127.4364538 127.4364538 127.4364538 86.91348519 24.43140377 86.91348519 1017.345309 1017.345309 621.5665416 1476.066316 1476.066316 1085.926083 1297.508384 1297.508384 252.411242 252.411242 75.08364726 75.08364726 1.818989404e-12 921.7310546 886.078337 921.7310546 1170.789624 3610.317712 1170.789624 1071.331531 1071.331531 325.9864642 325.9864642 24.43140377 24.43140377 95.16152073 388.4794496 621.5665416 621.5665416 1085.926083 1085.926083 8043.156815 0.0 0.0 489.5115856 1488.733047 489.5115856 489.5115856 2.273736754e-13 12.26904508 2.273736754e-13 2.273736754e-13 -4.547473509e-13 1.818989404e-12 1.818989404e-12 72.20947211 886.078337 886.078337 1859.007489 8043.156815 8043.156815 230.8049768 3610.317712 3610.317712 1046.134862 230.8049768 230.8049768 476.5533314 95.16152073 95.16152073 748.5657344 388.4794496 388.4794496 231.9658526 859.1322102 231.9658526 231.9658526 1511.083398 1606.096754 1511.083398 1511.083398 1434.543553 1903.520058 0.0 14920.26275 0.0 1434.543553 1434.543553 1488.733047 1488.733047 314.177531 12.26904508 12.26904508 0.0 -4.547473509e-13 -4.547473509e-13 72.20947211 72.20947211 1859.007489 -1.818989404e-12 1859.007489 14920.26275 14920.26275 1046.134862 1046.134862 1218.207413 476.5533314 476.5533314 748.5657344 748.5657344 989.5929837 859.1322102 859.1322102 3.97903932e-13 1606.096754 1606.096754 1903.520058 1903.520058 2126.468502 1677.657749 2130.697087 0.0 11824.58648 0.0 2126.468502 2126.468502 1880.615845 314.177531 314.177531 1505.005394 0.0 0.0 4.547473509e-13 -2.273736754e-13 4.547473509e-13 4.547473509e-13 -1.818989404e-12 -1.818989404e-12 646.0375171 11824.58648 11824.58648 1218.207413 1218.207413 1072.280836 841.2278073 973.6157532 841.2278073 841.2278073 989.5929837 989.5929837 966.3979959 3.97903932e-13 3.97903932e-13 666.5533131 1378.791155 666.5533131 666.5533131 1677.657749 1677.657749 1703.993071 2130.697087 2130.697087 0.0 5552.019017 0.0 1556.111455 1865.960289 1880.615845 1880.615845 2050.054998 1505.005394 1505.005394 -2.273736754e-13 -2.273736754e-13 489.9180276 -8.185452316e-12 9.094947018e-13 -8.185452316e-12 -8.185452316e-12 646.0375171 -1.818989404e-12 646.0375171 5552.019017 5552.019017 1072.280836 1072.280836 973.6157532 973.6157532 966.3979959 966.3979959 1378.791155 1378.791155 1703.993071 1703.993071 1040.994337 2017.823456 1556.111455 1556.111455 0.0 14147.42762 0.0 1865.960289 1865.960289 2050.054998 2050.054998 1839.694952 1676.408316 1791.484157 1676.408316 1676.408316 489.9180276 489.9180276 495.7529339 9.094947018e-13 9.094947018e-13 -1.818989404e-12 -1.818989404e-12 1357.569383 14147.42762 14147.42762 1456.346331 1456.346331 1456.346331 1271.821407 1275.983099 1271.821407 1271.821407 1040.994337 1040.994337 1527.963618 2017.823456 2017.823456 1407.176312 1128.314474 1407.176312 1407.176312 1628.743792 1284.313448 0.0 10303.33031 0.0 1628.743792 1628.743792 1600.805073 1839.694952 1839.694952 1995.46084 1791.484157 1791.484157 495.7529339 495.7529339 1003.332317 1510.945083 1.364242053e-12 1510.945083 1510.945083 1357.569383 3.637978807e-12 1357.569383 10303.33031 10303.33031 1630.68714 1630.68714 1630.68714 1011.994706 1275.983099 1275.983099 1601.662727 1527.963618 1527.963618 1138.674166 1128.314474 1128.314474 1140.468081 1284.313448 1284.313448 0.0 13572.0506 0.0 1600.805073 1600.805073 1995.46084 1995.46084 1782.214397 1334.103975 1782.214397 1782.214397 1003.332317 1003.332317 1478.12045 1.364242053e-12 1.364242053e-12 3.637978807e-12 3.637978807e-12 1970.636863 1607.360239 13572.0506 13572.0506 1011.994706 1011.994706 1601.662727 1601.662727 1381.06124 1138.674166 1138.674166 1174.025376 1140.468081 1140.468081 1365.572571 1295.592882 1365.572571 1365.572571 1688.137307 1187.314072 0.0 5300.508324 0.0 1607.360239 1607.360239 1334.103975 1334.103975 1705.214273 1478.12045 1478.12045 562.9289357 1875.906293 6.821210263e-13 1875.906293 1875.906293 1970.636863 9.094947018e-13 1970.636863 1688.137307 1688.137307 5300.508324 5300.508324 1377.465315 1377.465315 1377.465315 1671.915452 1381.06124 1381.06124 710.6528075 1174.025376 1174.025376 1295.592882 1295.592882 1739.46581 2033.571373 1187.314072 1187.314072 0.0 17514.70409 0.0 1705.214273 1705.214273 562.9289357 562.9289357 6.821210263e-13 6.821210263e-13 9.094947018e-13 9.094947018e-13 2232.067773 782.8336477 3.410605132e-13 559.098901 912.3480457 559.098901 559.098901 1241.206144 1236.409167 17514.70409 17514.70409 1671.915452 1671.915452 710.6528075 710.6528075 1739.46581 1739.46581 1680.858192 2033.571373 2033.571373 782.8336477 782.8336477 1671.636227 0.0 6783.058073 0.0 1241.206144 1241.206144 1379.492672 1707.790664 1379.492672 1379.492672 1763.276159 431.9172409 1763.276159 1763.276159 2232.067773 3.637978807e-12 2232.067773 3.410605132e-13 3.410605132e-13 912.3480457 912.3480457 1236.409167 1236.409167 6783.058073 6783.058073 1919.410407 1919.410407 1919.410407 1505.239218 1680.858192 1680.858192 1496.070655 1671.636227 1671.636227 0.0 13284.51285 0.0 1707.790664 1707.790664 431.9172409 431.9172409 3.637978807e-12 3.637978807e-12 1673.556046 1516.708234 741.0565442 149.3064646 741.0565442 741.0565442 992.4417804 1018.395802 992.4417804 992.4417804 1100.543668 2.423512875 1100.543668 1100.543668 1329.692829 1133.931701 13284.51285 13284.51285 1505.239218 1505.239218 1496.070655 1496.070655 2211.655897 1516.708234 1516.708234 1933.494473 0.0 5906.085978 0.0 1329.692829 1329.692829 933.9105309 1103.823698 933.9105309 933.9105309 748.4701314 1673.556046 -9.094947018e-13 1673.556046 149.3064646 149.3064646 1018.395802 1018.395802 2.423512875 2.423512875 1133.931701 1133.931701 1200.983029 5906.085978 5906.085978 2348.544548 2348.544548 2348.544548 2211.655897 2211.655897 1901.299981 1933.494473 1933.494473 1726.359369 1.136868377e-13 0.0 10731.19659 0.0 1103.823698 1103.823698 748.4701314 748.4701314 -9.094947018e-13 -9.094947018e-13 1177.99139 1726.359369 1726.359369 1749.183476 423.6803565 0.0 423.6803565 423.6803565 445.6694865 1200.983029 1200.983029 1168.918774 10731.19659 10731.19659 1901.299981 1901.299981 1341.64684 1.136868377e-13 1.136868377e-13 1549.174799 0.0 8845.815311 0.0 133.6542691 133.6542691 133.6542691 173.7179621 -2.273736754e-13 173.7179621 173.7179621 1177.99139 7.730704965e-12 1177.99139 1749.183476 1749.183476 0.0 0.0 445.6694865 445.6694865 1168.918774 1168.918774 8845.815311 8845.815311 1341.64684 1341.64684 3360.996466 1549.174799 1549.174799 477.2357054 1056.636627 0.0 7097.041633 0.0 965.8935242 735.6517558 1136.453711 735.6517558 735.6517558 -2.273736754e-13 -2.273736754e-13 0.0 7.730704965e-12 7.730704965e-12 354.6646341 477.2357054 477.2357054 1942.885034 1164.745767 2032.992797 1164.745767 1164.745767 819.0102068 1763.898922 819.0102068 819.0102068 965.8935242 965.8935242 696.0924372 7097.041633 7097.041633 3360.996466 3360.996466 2298.223723 1056.636627 1056.636627 1494.902587 0.0 6005.114316 0.0 1136.453711 1136.453711 0.0 0.0 4.547473509e-13 354.6646341 0.0 354.6646341 1942.885034 1942.885034 2032.992797 2032.992797 1763.898922 1763.898922 2096.244563 1765.702364 696.0924372 696.0924372 6005.114316 6005.114316 2298.223723 2298.223723 1494.902587 1494.902587 1907.197936 1937.124888 0.0 7274.297018 0.0 1091.473145 1452.56704 1616.885458 1584.144113 1616.885458 1616.885458 4.547473509e-13 4.547473509e-13 5.684341886e-14 0.0 0.0 1907.197936 1907.197936 2096.244563 2096.244563 2022.942881 1765.702364 1765.702364 1091.473145 1091.473145 1482.357571 7274.297018 7274.297018 1937.124888 1937.124888 0.0 9193.161381 0.0 5.911715562e-12 931.1479691 1452.56704 1452.56704 1584.144113 1584.144113 5.684341886e-14 5.684341886e-14 1039.046168 5.911715562e-12 5.911715562e-12 83.70047859 2022.942881 2022.942881 1482.357571 1482.357571 1655.455763 1458.366855 1418.417338 9193.161381 9193.161381 1649.39243 1838.258589 1649.39243 1649.39243 1929.782896 2058.227119 0.0 6431.664252 0.0 931.1479691 931.1479691 1458.366855 1458.366855 1599.558903 1425.293651 1599.558903 1599.558903 1039.046168 1039.046168 1237.44994 83.70047859 83.70047859 -1.818989404e-12 1514.264559 1929.782896 1929.782896 1818.236651 1655.455763 1655.455763 1567.732309 1418.417338 1418.417338 6431.664252 6431.664252 1838.258589 1838.258589 1423.631037 2058.227119 2058.227119 1980.422112 0.0 7420.831241 0.0 -1.818989404e-12 -1.818989404e-12 1369.768995 1425.293651 1425.293651 1237.44994 1237.44994 1514.264559 1514.264559 1818.236651 1818.236651 1567.732309 1567.732309 1516.509563 1288.908257 951.105972 1288.908257 1288.908257 1467.704219 1364.594687 7420.831241 7420.831241 1423.631037 1423.631037 1865.666097 1980.422112 1980.422112 0.0 8067.128745 0.0 1615.997722 1430.131015 605.9760805 399.4441489 1369.768995 8.731149137e-11 1369.768995 1467.704219 1467.704219 1790.566425 1889.271446 1790.566425 1790.566425 399.4441489 399.4441489 1042.21501 1430.131015 1430.131015 1516.509563 1516.509563 1082.907311 951.105972 951.105972 1364.594687 1364.594687 8067.128745 8067.128745 1865.666097 1865.666097 1615.997722 1615.997722 0.0 4990.652494 0.0 965.8346667 605.9760805 605.9760805 1866.171751 8.731149137e-11 8.731149137e-11 1889.271446 1889.271446 1042.21501 1042.21501 1082.907311 1082.907311 1033.919227 406.4452912 0.0 406.4452912 406.4452912 1030.62441 5.684341886e-14 1030.62441 1030.62441 1515.334463 586.2262426 4990.652494 4990.652494 1509.087094 1509.087094 1509.087094 965.8346667 965.8346667 899.1584875 0.0 7046.076215 0.0 1866.171751 1866.171751 1804.314027 624.6272381 4.547473509e-13 624.6272381 624.6272381 902.2829701 1515.334463 1515.334463 1804.314027 1804.314027 367.9240065 1422.407156 1033.919227 1033.919227 380.2763763 0.0 0.0 5.684341886e-14 5.684341886e-14 586.2262426 586.2262426 7046.076215 7046.076215 899.1584875 899.1584875 0.0 8631.013502 0.0 847.3624227 1422.407156 1422.407156 1201.257663 4.547473509e-13 4.547473509e-13 705.3383304 902.2829701 -9.094947018e-13 902.2829701 1104.282378 895.874057 367.9240065 367.9240065 322.4795341 380.2763763 380.2763763 2021.103771 691.901617 857.1271747 691.901617 691.901617 920.7250918 348.601058 920.7250918 920.7250918 1104.282378 1104.282378 973.1239683 8631.013502 8631.013502 847.3624227 847.3624227 1762.247296 0.0 4803.619244 0.0 1201.257663 1201.257663 705.3383304 705.3383304 -9.094947018e-13 -9.094947018e-13 802.5815785 895.874057 895.874057 322.4795341 322.4795341 1.818989404e-12 6.821210263e-13 1590.977449 2021.103771 2021.103771 1518.732715 857.1271747 857.1271747 348.601058 348.601058 973.1239683 973.1239683 687.0128557 986.442272 4803.619244 4803.619244 1762.247296 1762.247296 0.0 5886.853237 0.0 2674.055558 1590.977449 1590.977449 1772.983555 1.818989404e-12 1.818989404e-12 324.260043 802.5815785 -4.547473509e-13 802.5815785 687.0128557 687.0128557 3.410605132e-13 6.821210263e-13 6.821210263e-13 2.273736754e-13 1518.732715 1518.732715 1878.278347 2121.854627 1878.278347 1878.278347 1154.607632 1684.011441 1154.607632 1154.607632 986.442272 986.442272 795.3026233 5886.853237 5886.853237 2674.055558 2674.055558 0.0 3747.330698 0.0 1772.983555 1772.983555 324.260043 324.260043 -4.547473509e-13 -4.547473509e-13 607.3288537 3.410605132e-13 3.410605132e-13 2.273736754e-13 2.273736754e-13 9.094947018e-13 1.728039933e-11 1596.317603 2121.854627 2121.854627 1793.649011 1684.011441 1684.011441 795.3026233 795.3026233 3747.330698 3747.330698 0.0 6688.39781 0.0 1596.317603 1596.317603 9.094947018e-13 9.094947018e-13 607.3288537 -4.547473509e-13 607.3288537 1741.758359 1702.820056 486.6970356 857.0841642 486.6970356 486.6970356 1.728039933e-11 1.728039933e-11 5.684341886e-13 1793.649011 1793.649011 2062.294502 1886.263118 2062.294502 2062.294502 1741.758359 1741.758359 1978.613203 6688.39781 6688.39781 0.0 0.0 3912.598654 1668.06673 2051.950648 1668.06673 1668.06673 -4.547473509e-13 -4.547473509e-13 1702.820056 1702.820056 857.0841642 857.0841642 5.684341886e-13 5.684341886e-13 1285.909702 1886.263118 1886.263118 1759.674314 1978.613203 1978.613203 1821.135876 2127.272259 2139.942765 3912.598654 3912.598654 0.0 5716.221322 0.0 2051.950648 2051.950648 1155.201817 1285.909702 1285.909702 1695.649045 797.5648554 111.0212139 4.547473509e-13 111.0212139 111.0212139 425.6106265 2127.272259 2127.272259 1446.582161 1649.02342 1446.582161 1446.582161 797.5648554 797.5648554 328.9911559 1759.674314 1759.674314 1405.906888 1821.135876 1821.135876 1737.844685 2139.942765 2139.942765 5716.221322 5716.221322 0.0 0.0 5355.521273 1155.201817 1155.201817 2847.875742 1695.649045 1695.649045 4.547473509e-13 4.547473509e-13 807.9315463 425.6106265 1.136868377e-11 425.6106265 1649.02342 1649.02342 328.9911559 328.9911559 1405.906888 1405.906888 1737.844685 1737.844685 927.5279307 1475.2474 1049.967382 1475.2474 1475.2474 1854.119571 1620.249754 5355.521273 5355.521273 0.0 4484.543961 0.0 1667.740311 1278.364524 960.1106248 2847.875742 2847.875742 1667.740311 1667.740311 807.9315463 807.9315463 1.136868377e-11 1.136868377e-11 540.5665429 1854.119571 1854.119571 1497.023645 659.0801474 1497.023645 1497.023645 263.4795852 403.7678617 1278.364524 1278.364524 927.5279307 927.5279307 384.972863 1049.967382 1049.967382 1620.249754 1620.249754 4484.543961 4484.543961 0.0 4627.329552 2931.118828 0.0 1312.20926 960.1106248 960.1106248 1405.614801 2931.118828 2931.118828 1312.20926 1312.20926 1095.314629 263.4795852 263.4795852 540.5665429 -3.910827218e-11 540.5665429 659.0801474 659.0801474 403.7678617 403.7678617 384.972863 384.972863 913.7414731 1090.107099 875.706755 1090.107099 1090.107099 915.6310746 1277.040548 915.6310746 915.6310746 1375.030349 570.8063089 0.0 4627.329552 4627.329552 7886.666934 0.0 1405.614801 1405.614801 1095.314629 1095.314629 -3.910827218e-11 -3.910827218e-11 1375.030349 1375.030349 773.3722602 181.8860669 773.3722602 773.3722602 161.1728975 6.616573955e-11 913.7414731 913.7414731 875.706755 875.706755 1277.040548 1277.040548 570.8063089 570.8063089 1497.29833 0.0 0.0 5977.559503 0.0 0.0 4656.463288 2295.993723 161.1728975 161.1728975 181.8860669 181.8860669 6.616573955e-11 6.616573955e-11 1088.436676 618.1573538 510.0841767 555.807304 1683.235972 4732.009497 6047.860198 0.0 0.0 3316.264302 0.0 0.0 0.0 0.0 1413.24133 5136.936705 0.0 0.0 0.0 0.0 276.8544402 252.6164422 416.6590225 870.6828088 403.1087618 189.5871275 234.1066754 2417.18696 3771.991072 4045.543895 1591.957584 4796.612518 0.0 0.0 4168.874878 0.0 0.0 109.8029056 41.95736286 59.73675388 70.07347605 671.3880904 138.5916275 2462.194019 3257.144358 3333.89974 1377.20311 4787.790691 0.0 0.0 3851.276357 0.0 0.0 39.52124637 153.1467512 -20.73516344 57.93815404 488.1302625 161.1728569 2288.000547 2643.840707 1459.970007 807.8245913 4201.599291 0.0 0.0 0.0 0.0 3745.460095 0.0 0.0 0.0 0.0 3173.769086 0.0 0.0 0.0 0.0 3701.387649 0.0 0.0 134.4663421 85.5264233 97.01563344 86.31102805 332.0224758 2232.816822 1885.169109 1058.805064 527.4065677 3240.080218 3286.227941 2485.721495 1867.61069 2817.030427 0.0 3280.73516 2724.521597 0.0 0.0 0.0 0.0 0.0 84.13236495 32.7833786 0.0 2965.128842 0.0 111.4759599 249.6581791 1418.067242 1427.788904 742.0137898 366.2184031 0.0 0.0 1210.042968 2418.438069 1786.736268 2428.853472 2426.161437 2265.422951 126.0372345 63.53867045 43.66112606 2554.853633 0.0 0.0 136.21192 200.6625821 874.7503135 424.4084128 905.1631566 0.0 0.0 2112.29129 1232.132904 1949.486133 2024.470684 1817.589595 59.77634892 3.847652392 0.0 0.0 2119.642592 0.0 0.0 0.0 134.8565555 53.55079766 294.5856285 546.9973583 755.9485517 992.2116837 1740.15284 1741.353858 1278.421361 1534.333685 85.36107585 55.60010532 48.84312796 1885.692959 1678.698108 0.0 0.0 0.0 0.0 0.0 0.0 0.0 1406.200892 0.0 0.0 1364.413289 166.942715 345.9710045 763.9352813 487.7882358 931.9139626 1485.742923 1377.913629 1161.159404 0.0 794.9039988 0.0 0.0 0.0 403.9761307 114.111481 36.75652534 29.0489991 1359.114783 1130.704914 1178.97848 0.0 0.0 0.0 0.0 0.0 1158.899096 284.6472751 528.0289462 857.2236352 659.2975981 1282.219703 1077.646973 693.3553171 508.4447349 229.1080504 158.1313781 62.89222779 42.22844657 1122.951331 884.5947375 1010.655769 260.4499903 829.4775973 627.8283013 452.2279285 1009.176786 697.5451583 577.466905 402.4719163 147.5357033 58.74194362 -3.951695262 1010.666642 969.6897618 852.4115357 932.1641026 939.9879019 741.0823871 242.7995286 570.490622 434.5766535 547.1381052 848.2948157 843.4869957 765.5712337 562.4266935 141.7279615 98.59006376 1.304356534 886.7431377 900.5992796 884.1889881 645.8855374 332.9922924 443.8197096 716.3528459 856.8203158 824.7575876 745.2933346 165.7602467 53.37592944 -15.3770219 837.0980152 760.9122723 815.9544268 538.0198087 306.9368809 606.5806672 761.4657851 829.4637463 819.8926695 143.9315897 45.70339018 6.998562037 685.0911419 357.2496982 505.0126734 694.0686251 773.0812043 811.0723667 184.4076437 57.60654841 20.6647931 523.3209074 336.9526545 583.3360572 727.3969508 108.5197809 -3.655842603 300.8795946 412.6146876 554.3108151 105.4028102 -0.05860678538 218.677606 342.9081069 -47.16468777 31.67057282 
SCALARS σ2 float64 1
LOOKUP_TABLE default
37.10137304 1.705302566e-13 14.67881232 1.705302566e-13 1.705302566e-13 37.10137304 37.10137304 365.700756 1.421085472e-14 14.67881232 14.67881232 3.126388037e-13 3.126388037e-13 3.126388037e-13 1.421085472e-14 1.421085472e-14 365.700756 365.700756 4.547473509e-13 -4.547473509e-13 9.947598301e-14 13.50079567 9.947598301e-14 9.947598301e-14 -5.115907697e-13 2.273736754e-13 -5.115907697e-13 -5.115907697e-13 2.273736754e-13 2.273736754e-13 6.821210263e-13 2.273736754e-13 2.273736754e-13 7.105427358e-14 1.705302566e-13 4.547473509e-13 4.547473509e-13 7.105427358e-14 7.105427358e-14 -2.50111043e-12 -4.547473509e-13 -4.547473509e-13 7.275957614e-12 104.3540466 709.6104737 112.7705912 112.7705912 112.7705912 68.27162307 5.329070518e-14 5.329070518e-14 5.329070518e-14 13.50079567 1.421085472e-14 13.50079567 2.273736754e-13 2.273736754e-13 0.0 2.273736754e-13 2.273736754e-13 1.98951966e-13 6.821210263e-13 6.821210263e-13 1.705302566e-13 1.705302566e-13 -2.50111043e-12 -2.50111043e-12 -578.4318714 7.275957614e-12 4.547473509e-12 7.275957614e-12 104.3540466 4.092726158e-12 104.3540466 709.6104737 709.6104737 68.27162307 68.27162307 1.421085472e-14 1.421085472e-14 2.842170943e-14 2.842170943e-14 0.0 0.0 1.98951966e-13 1.98951966e-13 1521.938831 0.0 0.0 2.842170943e-13 2.273736754e-13 2.842170943e-13 2.842170943e-13 -1372.301534 4.206412996e-12 -1372.301534 -1372.301534 -2724.744287 -578.4318714 -578.4318714 2.728484105e-11 4.547473509e-12 4.547473509e-12 -2.182787284e-11 1521.938831 1521.938831 3.907985047e-14 4.092726158e-12 4.092726158e-12 2.842170943e-13 3.907985047e-14 3.907985047e-14 2.273736754e-13 2.842170943e-14 2.842170943e-14 1.705302566e-13 2.842170943e-14 2.842170943e-14 0.0 4.547473509e-13 0.0 0.0 7.105427358e-14 1.936228955e-13 7.105427358e-14 7.105427358e-14 514.6546913 9.094947018e-13 0.0 1581.895748 0.0 514.6546913 514.6546913 2.273736754e-13 2.273736754e-13 6.039613254e-14 4.206412996e-12 4.206412996e-12 -703.8206773 -2724.744287 -2724.744287 2.728484105e-11 2.728484105e-11 -2.182787284e-11 -2254.924257 -2.182787284e-11 1581.895748 1581.895748 2.842170943e-13 2.842170943e-13 0.0 2.273736754e-13 2.273736754e-13 1.705302566e-13 1.705302566e-13 5.684341886e-13 4.547473509e-13 4.547473509e-13 -11.69289439 1.936228955e-13 1.936228955e-13 9.094947018e-13 9.094947018e-13 435.3432913 1483.119631 1349.869488 0.0 3.183231456e-12 0.0 435.3432913 435.3432913 562.9195358 6.039613254e-14 6.039613254e-14 1.705302566e-13 -703.8206773 -703.8206773 -1513.770449 -1398.453513 -1513.770449 -1513.770449 -2254.924257 -2254.924257 -1.546140993e-11 3.183231456e-12 3.183231456e-12 0.0 0.0 5.115907697e-13 1.136868377e-13 1.421085472e-13 1.136868377e-13 1.136868377e-13 5.684341886e-13 5.684341886e-13 7.815970093e-14 -11.69289439 -11.69289439 150.0501747 4.405364962e-13 150.0501747 150.0501747 1483.119631 1483.119631 628.9222506 1349.869488 1349.869488 0.0 252.4647951 0.0 746.1498013 773.0052488 562.9195358 562.9195358 265.5604771 1.705302566e-13 1.705302566e-13 -1398.453513 -1398.453513 2.273736754e-13 -280.1519871 -1891.787166 -280.1519871 -280.1519871 -1.546140993e-11 -1769.718162 -1.546140993e-11 252.4647951 252.4647951 5.115907697e-13 5.115907697e-13 1.421085472e-13 1.421085472e-13 7.815970093e-14 7.815970093e-14 4.405364962e-13 4.405364962e-13 628.9222506 628.9222506 341.3876574 708.1597979 746.1498013 746.1498013 0.0 468.1054328 0.0 773.0052488 773.0052488 265.5604771 265.5604771 3.97903932e-13 5.400124792e-13 2.735589533e-13 5.400124792e-13 5.400124792e-13 2.273736754e-13 2.273736754e-13 1.705302566e-13 -1891.787166 -1891.787166 -1769.718162 -1769.718162 4.547473509e-12 468.1054328 468.1054328 2.842170943e-13 2.842170943e-13 2.842170943e-13 2.273736754e-13 2.557953849e-13 2.273736754e-13 2.273736754e-13 341.3876574 341.3876574 1.136868377e-13 708.1597979 708.1597979 1053.130896 968.6013074 1053.130896 1053.130896 285.9544915 849.679915 0.0 -4.547473509e-13 0.0 285.9544915 285.9544915 3.410605132e-13 3.97903932e-13 3.97903932e-13 3.836930773e-13 2.735589533e-13 2.735589533e-13 1.705302566e-13 1.705302566e-13 1.136868377e-13 1.364242053e-12 -1232.903612 1.364242053e-12 1.364242053e-12 4.547473509e-12 -1717.719146 4.547473509e-12 -4.547473509e-13 -4.547473509e-13 2.273736754e-13 2.273736754e-13 2.273736754e-13 3.694822226e-13 2.557953849e-13 2.557953849e-13 1.705302566e-13 1.136868377e-13 1.136868377e-13 654.038164 968.6013074 968.6013074 1009.036665 849.679915 849.679915 0.0 12.93220617 0.0 3.410605132e-13 3.410605132e-13 3.836930773e-13 3.836930773e-13 4.547473509e-13 1.98951966e-13 4.547473509e-13 4.547473509e-13 1.136868377e-13 1.136868377e-13 3.126388037e-13 -1232.903612 -1232.903612 -1717.719146 -1717.719146 7.275957614e-12 3.260725023e-13 12.93220617 12.93220617 3.694822226e-13 3.694822226e-13 1.705302566e-13 1.705302566e-13 2.842170943e-13 654.038164 654.038164 557.8977613 1009.036665 1009.036665 812.0376053 864.8892599 812.0376053 812.0376053 2.273736754e-13 2.273736754e-13 0.0 4.547473509e-13 0.0 3.260725023e-13 3.260725023e-13 1.98951966e-13 1.98951966e-13 2.842170943e-13 3.126388037e-13 3.126388037e-13 8.526512829e-14 2.728484105e-12 -662.8222659 2.728484105e-12 2.728484105e-12 7.275957614e-12 -1953.566716 7.275957614e-12 2.273736754e-13 2.273736754e-13 4.547473509e-13 4.547473509e-13 3.97903932e-13 3.97903932e-13 3.97903932e-13 2.557953849e-13 2.842170943e-13 2.842170943e-13 650.293813 557.8977613 557.8977613 864.8892599 864.8892599 921.3478305 851.6261018 2.273736754e-13 2.273736754e-13 0.0 425.6845003 0.0 2.842170943e-13 2.842170943e-13 8.526512829e-14 8.526512829e-14 -662.8222659 -662.8222659 -1953.566716 -1953.566716 0.0 1.9673152e-13 -63.95124989 4.547473509e-13 0.0 4.547473509e-13 4.547473509e-13 6.821210263e-13 3.410605132e-13 425.6845003 425.6845003 2.557953849e-13 2.557953849e-13 650.293813 650.293813 921.3478305 921.3478305 1138.258034 851.6261018 851.6261018 1.9673152e-13 1.9673152e-13 716.7307951 0.0 249.7946665 0.0 6.821210263e-13 6.821210263e-13 3.410605132e-13 247.5538783 3.410605132e-13 3.410605132e-13 4.547473509e-13 -2.273736754e-13 4.547473509e-13 4.547473509e-13 0.0 -1559.608967 0.0 -63.95124989 -63.95124989 0.0 0.0 3.410605132e-13 3.410605132e-13 249.7946665 249.7946665 824.36325 824.36325 824.36325 902.2340648 1138.258034 1138.258034 1428.217414 716.7307951 716.7307951 0.0 2.728484105e-12 0.0 247.5538783 247.5538783 -2.273736754e-13 -2.273736754e-13 -1559.608967 -1559.608967 5.456968211e-12 320.9151781 -6.821210263e-13 -5.684341886e-14 -6.821210263e-13 -6.821210263e-13 0.0 2.273736754e-13 0.0 0.0 2.842170943e-13 -1.47792889e-12 2.842170943e-13 2.842170943e-13 93.94150535 39.27849247 2.728484105e-12 2.728484105e-12 902.2340648 902.2340648 1428.217414 1428.217414 1462.394539 320.9151781 320.9151781 1102.925686 0.0 66.97272094 0.0 93.94150535 93.94150535 -6.821210263e-13 1.136868377e-13 -6.821210263e-13 -6.821210263e-13 4.547473509e-13 5.456968211e-12 -1287.277616 5.456968211e-12 -5.684341886e-14 -5.684341886e-14 2.273736754e-13 2.273736754e-13 -1.47792889e-12 -1.47792889e-12 39.27849247 39.27849247 576.0086568 66.97272094 66.97272094 914.3256865 914.3256865 914.3256865 1462.394539 1462.394539 457.27572 1102.925686 1102.925686 0.0 -130.0323757 0.0 601.1385865 0.0 1.136868377e-13 1.136868377e-13 4.547473509e-13 4.547473509e-13 -1287.277616 -1287.277616 1.818989404e-12 0.0 0.0 6.821210263e-13 -1.136868377e-13 -170.364998 -1.136868377e-13 -1.136868377e-13 6.394884622e-14 576.0086568 576.0086568 1.136868377e-13 601.1385865 601.1385865 457.27572 457.27572 3.410605132e-13 -130.0323757 -130.0323757 2.273736754e-13 0.0 3.183231456e-12 0.0 0.0 0.0 0.0 -9.094947018e-13 -568.0456801 -9.094947018e-13 -9.094947018e-13 1.818989404e-12 -151.4904848 1.818989404e-12 6.821210263e-13 6.821210263e-13 -170.364998 -170.364998 6.394884622e-14 6.394884622e-14 1.136868377e-13 1.136868377e-13 3.183231456e-12 3.183231456e-12 3.410605132e-13 3.410605132e-13 8.526512829e-13 2.273736754e-13 2.273736754e-13 2.842170943e-13 2.273736754e-13 0.0 2.273736754e-12 0.0 281.0687285 1.705302566e-13 3.410605132e-13 1.705302566e-13 1.705302566e-13 -568.0456801 -568.0456801 -1400.621897 -151.4904848 -151.4904848 6.366462912e-12 2.842170943e-13 2.842170943e-13 170.8166075 444.9190614 1008.426962 444.9190614 444.9190614 5.684341886e-14 2.273736754e-13 5.684341886e-14 5.684341886e-14 281.0687285 281.0687285 332.7501808 2.273736754e-12 2.273736754e-12 8.526512829e-13 8.526512829e-13 1.776356839e-13 2.273736754e-13 2.273736754e-13 2.557953849e-13 0.0 9.094947018e-13 0.0 3.410605132e-13 3.410605132e-13 -1400.621897 -1400.621897 -201.2007788 6.366462912e-12 -458.0636538 6.366462912e-12 170.8166075 170.8166075 1008.426962 1008.426962 2.273736754e-13 2.273736754e-13 1107.88555 78.98366397 332.7501808 332.7501808 9.094947018e-13 9.094947018e-13 1.776356839e-13 1.776356839e-13 2.557953849e-13 2.557953849e-13 1075.080516 2.273736754e-13 0.0 1052.473231 0.0 3.694822226e-13 2.273736754e-13 2.557953849e-13 3.97903932e-13 2.557953849e-13 2.557953849e-13 -201.2007788 -201.2007788 -272.9121673 -458.0636538 -458.0636538 1075.080516 1075.080516 1107.88555 1107.88555 1789.895563 78.98366397 78.98366397 3.694822226e-13 3.694822226e-13 2.842170943e-13 1052.473231 1052.473231 2.273736754e-13 2.273736754e-13 0.0 1.818989404e-12 0.0 -404.3637996 -1.818989404e-12 2.273736754e-13 2.273736754e-13 3.97903932e-13 3.97903932e-13 -272.9121673 -272.9121673 3.410605132e-13 -404.3637996 -404.3637996 -2.728484105e-12 1789.895563 1789.895563 2.842170943e-13 2.842170943e-13 3.97903932e-13 2.557953849e-13 2.557953849e-13 1.818989404e-12 1.818989404e-12 1.136868377e-13 1.136868377e-13 1.136868377e-13 1.136868377e-13 1483.424152 1563.646728 0.0 763.637686 0.0 -1.818989404e-12 -1.818989404e-12 2.557953849e-13 2.557953849e-13 3.97903932e-13 2.273736754e-13 3.97903932e-13 3.97903932e-13 3.410605132e-13 3.410605132e-13 -1.705302566e-13 -2.728484105e-12 -2.728484105e-12 -781.7208168 4.547473509e-13 1483.424152 1483.424152 410.2006088 3.97903932e-13 3.97903932e-13 2.273736754e-13 2.557953849e-13 2.557953849e-13 763.637686 763.637686 1.136868377e-13 1.136868377e-13 438.8832398 1563.646728 1563.646728 1110.832861 0.0 1.441549102e-10 0.0 -781.7208168 -781.7208168 -2.728484105e-12 2.273736754e-13 2.273736754e-13 -1.705302566e-13 -1.705302566e-13 4.547473509e-13 4.547473509e-13 410.2006088 410.2006088 2.273736754e-13 2.273736754e-13 2.131628207e-13 1.136868377e-13 1.705302566e-13 1.136868377e-13 1.136868377e-13 2.09610107e-13 3.517186542e-13 1.441549102e-10 1.441549102e-10 438.8832398 438.8832398 240.6645262 1110.832861 1110.832861 0.0 1.818989404e-12 0.0 1204.38694 4.192202141e-13 1.421085472e-13 3.183231456e-12 -2.728484105e-12 -46.77156801 -2.728484105e-12 2.09610107e-13 2.09610107e-13 1.705302566e-13 468.1112667 1.705302566e-13 1.705302566e-13 3.183231456e-12 3.183231456e-12 3.410605132e-13 4.192202141e-13 4.192202141e-13 2.131628207e-13 2.131628207e-13 3.410605132e-13 1.705302566e-13 1.705302566e-13 3.517186542e-13 3.517186542e-13 1.818989404e-12 1.818989404e-12 240.6645262 240.6645262 1204.38694 1204.38694 0.0 -6.821210263e-13 0.0 90.95561374 1.421085472e-13 1.421085472e-13 3.410605132e-13 -46.77156801 -46.77156801 468.1112667 468.1112667 3.410605132e-13 3.410605132e-13 3.410605132e-13 3.410605132e-13 4.547473509e-13 5.684341886e-13 -293.6651848 5.684341886e-13 5.684341886e-13 4.263256415e-13 -372.6072086 4.263256415e-13 4.263256415e-13 538.3635218 305.7679421 -6.821210263e-13 -6.821210263e-13 1023.099345 1023.099345 1023.099345 90.95561374 90.95561374 3.410605132e-13 0.0 1.364242053e-12 0.0 3.410605132e-13 3.410605132e-13 5.684341886e-13 -4.547473509e-13 -286.8437391 -4.547473509e-13 -4.547473509e-13 1.818989404e-12 538.3635218 538.3635218 5.684341886e-13 5.684341886e-13 4.263256415e-14 9.094947018e-13 4.547473509e-13 4.547473509e-13 2.842170943e-13 -293.6651848 -293.6651848 -372.6072086 -372.6072086 305.7679421 305.7679421 1.364242053e-12 1.364242053e-12 3.410605132e-13 3.410605132e-13 0.0 45.25782211 0.0 3.410605132e-13 9.094947018e-13 9.094947018e-13 3.97903932e-13 -286.8437391 -286.8437391 -4.547473509e-12 1.818989404e-12 -696.6005093 1.818989404e-12 2.842170943e-13 1.705302566e-13 4.263256415e-14 4.263256415e-14 2.273736754e-13 2.842170943e-13 2.842170943e-13 2.842170943e-13 2.09610107e-13 484.3816851 2.09610107e-13 2.09610107e-13 2.930988785e-13 9.947598301e-14 2.930988785e-13 2.930988785e-13 2.842170943e-13 2.842170943e-13 2.629008122e-13 45.25782211 45.25782211 3.410605132e-13 3.410605132e-13 2.557953849e-13 0.0 9.094947018e-13 0.0 3.97903932e-13 3.97903932e-13 -4.547473509e-12 -4.547473509e-12 -696.6005093 -696.6005093 -2.728484105e-12 1.705302566e-13 1.705302566e-13 2.273736754e-13 2.273736754e-13 -513.5896251 -412.8427335 1.705302566e-13 2.842170943e-13 2.842170943e-13 777.4762393 484.3816851 484.3816851 9.947598301e-14 9.947598301e-14 2.629008122e-13 2.629008122e-13 1.136868377e-13 1.421085472e-13 9.094947018e-13 9.094947018e-13 2.557953849e-13 2.557953849e-13 0.0 2.273736754e-13 0.0 4.547473509e-13 1.705302566e-13 1.705302566e-13 100.0864523 -513.5896251 -513.5896251 -4.547473509e-13 -2.728484105e-12 -920.7296082 -2.728484105e-12 1.136868377e-13 1.136868377e-13 -93.26962947 -412.8427335 -412.8427335 -790.9273588 777.4762393 777.4762393 296.4932626 811.9899115 296.4932626 296.4932626 216.988509 382.4082782 216.988509 216.988509 1.421085472e-13 1.421085472e-13 466.1689551 2.273736754e-13 2.273736754e-13 4.547473509e-13 4.547473509e-13 0.0 451.2599444 0.0 100.0864523 100.0864523 -4.547473509e-13 -4.547473509e-13 -920.7296082 -920.7296082 0.0 -93.26962947 -93.26962947 -790.9273588 -790.9273588 -839.5343359 -42.09886411 634.2380829 811.9899115 811.9899115 698.4211912 382.4082782 382.4082782 466.1689551 466.1689551 451.2599444 451.2599444 0.0 2.273736754e-12 0.0 634.2380829 634.2380829 -839.5343359 -839.5343359 0.0 -187.5410715 0.0 276.9381528 119.2908931 1.705302566e-13 2.273736754e-13 1.705302566e-13 1.705302566e-13 -42.09886411 -42.09886411 -448.6073848 698.4211912 698.4211912 347.4959939 688.7606968 347.4959939 347.4959939 276.9381528 276.9381528 220.7394861 2.273736754e-12 2.273736754e-12 0.0 0.0 771.6491863 1035.118252 1445.065385 1035.118252 1035.118252 -187.5410715 -187.5410715 119.2908931 119.2908931 2.273736754e-13 2.273736754e-13 -448.6073848 -448.6073848 696.401563 688.7606968 688.7606968 91.72559586 220.7394861 220.7394861 2.273736754e-13 31.14568999 7.958078641e-13 771.6491863 771.6491863 0.0 0.0 0.0 1445.065385 1445.065385 915.8650808 696.401563 696.401563 1.136868377e-13 9.094947018e-13 -1.728039933e-11 -151.2369357 -1.728039933e-11 -1.728039933e-11 -3.637978807e-12 31.14568999 31.14568999 2.842170943e-13 652.7634732 2.842170943e-13 2.842170943e-13 9.094947018e-13 9.094947018e-13 2.273736754e-13 91.72559586 91.72559586 1.705302566e-13 2.273736754e-13 2.273736754e-13 2.273736754e-13 7.958078641e-13 7.958078641e-13 0.0 0.0 0.0 0.0 295.4831223 915.8650808 915.8650808 5.684341886e-13 1.136868377e-13 1.136868377e-13 -151.2369357 -151.2369357 2.273736754e-12 -3.637978807e-12 -278.9735345 -3.637978807e-12 652.7634732 652.7634732 2.273736754e-13 2.273736754e-13 1.705302566e-13 1.705302566e-13 2.273736754e-13 2.273736754e-13 1.136868377e-13 563.634742 238.2193829 563.634742 563.634742 1.47792889e-12 610.7806352 295.4831223 295.4831223 0.0 256.4648948 0.0 4.547473509e-13 1.705302566e-13 1.705302566e-13 5.684341886e-13 5.684341886e-13 4.547473509e-13 4.547473509e-13 2.273736754e-12 2.273736754e-12 -278.9735345 -278.9735345 4.547473509e-13 1.47792889e-12 1.47792889e-12 1.136868377e-13 1.421085472e-13 1.136868377e-13 1.136868377e-13 3.183231456e-12 1.136868377e-12 1.705302566e-13 1.705302566e-13 1.136868377e-13 1.136868377e-13 7.815970093e-14 238.2193829 238.2193829 610.7806352 610.7806352 256.4648948 256.4648948 0.0 9.094947018e-13 4.085620731e-13 0.0 2.273736754e-13 1.705302566e-13 1.705302566e-13 3.410605132e-13 4.085620731e-13 4.085620731e-13 2.273736754e-13 2.273736754e-13 2.273736754e-13 3.183231456e-12 3.183231456e-12 4.547473509e-13 -32.28376395 4.547473509e-13 1.421085472e-13 1.421085472e-13 1.136868377e-12 1.136868377e-12 7.815970093e-14 7.815970093e-14 244.0041833 3.97903932e-13 39.50870765 3.97903932e-13 3.97903932e-13 5.684341886e-14 2.842170943e-13 5.684341886e-14 5.684341886e-14 3.97903932e-13 8.881784197e-14 0.0 9.094947018e-13 9.094947018e-13 103.6137825 0.0 3.410605132e-13 3.410605132e-13 2.273736754e-13 2.273736754e-13 -32.28376395 -32.28376395 3.97903932e-13 3.97903932e-13 6.821210263e-13 2.273736754e-13 6.821210263e-13 6.821210263e-13 -2.273736754e-12 -10.33033233 244.0041833 244.0041833 39.50870765 39.50870765 2.842170943e-13 2.842170943e-13 8.881784197e-14 8.881784197e-14 707.4819093 0.0 0.0 -88.66429114 0.0 0.0 406.3689837 848.1944321 -2.273736754e-12 -2.273736754e-12 2.273736754e-13 2.273736754e-13 -10.33033233 -10.33033233 301.5571365 102.6796943 -18.56587819 -5.358946323 595.1801287 146.9657549 60.68643572 0.0 0.0 468.7177125 0.0 0.0 0.0 0.0 309.0068954 -29.08151366 0.0 0.0 0.0 0.0 -1.561213784 64.58356346 4.102967882 66.86781363 -11.33179007 -29.55656818 -24.35114016 325.8397427 137.9211166 31.92924892 95.88773489 21.9668341 0.0 0.0 13.8998796 0.0 0.0 -53.48196371 -26.89684316 -15.44221276 -1.673554791 -2.219438974 -8.185381693 74.33160622 54.26204857 -0.5957289613 0.1897698721 -1.644092198 0.0 0.0 -6.942213588 0.0 0.0 -187.79612 -307.1889558 -139.7663612 -32.22909504 -1.29916473 4.012940329 11.92494101 -9.486843984 -1.309253726 1.754584084 -9.065773184 0.0 0.0 0.0 0.0 -5.804776902 0.0 0.0 0.0 0.0 32.65399354 0.0 0.0 0.0 0.0 -3.827551988 0.0 0.0 -31.69031081 -44.06503127 -77.39598241 -23.15185424 1.745421639 0.5176701595 0.4084175471 1.030087489e-13 0.9944065838 35.24890388 11.80462904 20.13865965 -3.818479555 28.47707207 0.0 36.32968056 33.51437368 0.0 0.0 0.0 0.0 0.0 -54.71112776 18.56054808 0.0 -12.67415691 0.0 -44.15361928 -6.248355423 1.801509615e-13 2.056648254e-13 1.665417596e-13 2.916612543 0.0 0.0 2.951293333e-13 -6.073101837 0.5083496803 22.68194299 23.73933211 20.90271507 -35.97031497 -38.78736471 30.076043 -0.4428196352 0.0 0.0 -3.047546662 -10.90192215 1.758780559e-13 -1.28423621 1.766326168e-13 0.0 0.0 -4.847298063 2.877909258e-13 -4.502455162 10.68025228 -1.978673322 -1.724967065 -46.68996374 0.0 0.0 -1.721414919 0.0 0.0 0.0 2.902967203 -4.091538461 -0.9830238944 1.355033499e-13 1.153296749e-13 1.089295022e-13 5.441885497 -0.5827029829 9.822749736e-14 -0.4681797263 2.030559153 -10.83495906 17.02825239 9.643728349 8.673730066 0.0 0.0 0.0 0.0 0.0 0.0 0.0 -0.878962531 0.0 0.0 -1.495832424 0.6457726099 1.804940095e-13 2.342834327e-13 1.659516996e-13 1.992649538e-13 4.327489256 -0.9094146019 2.396862034e-13 0.0 6.227119088e-13 0.0 0.0 0.0 1.005639347e-13 -17.38799491 -26.61523427 -72.70330761 0.5878216427 6.295260103 2.77341703 0.0 0.0 0.0 0.0 0.0 0.2308904382 2.139944818 1.775609564e-13 1.617269991e-13 1.694897432e-13 -1.169199105 1.882350539e-13 -0.2246845422 8.379636408e-14 -2.927088511e-14 -7.925306046 -20.39422892 -10.6400031 0.2585785073 1.024583206 -0.5307102883 -1.359504613 1.01318167e-13 2.019638599e-13 2.175441452e-13 1.046419466e-13 -0.1243679828 1.207070794e-13 1.366074158e-13 2.225644437 -8.65730016 -16.02302082 1.573105579e-13 1.863336462e-13 0.2703964193 -0.1810405601 2.083008088e-13 1.252559285e-13 1.24962613 1.081203184e-13 1.683917859e-13 1.804466295e-13 1.907806305e-13 1.705295004e-13 1.139241595e-13 1.482225541e-13 -0.1702526186 -6.3848029 -26.87189961 3.016992227e-13 1.533899844e-13 2.681852106e-13 1.945771751e-13 1.440213776e-13 1.076092512e-13 1.65289156e-13 2.316960949e-13 2.311452328e-13 2.385372754e-13 1.088355697 -9.316693713 -30.78196355 1.825399756e-13 2.014811513e-13 2.190768012e-13 1.077755784e-13 -3.651088589e-14 1.216873577e-13 1.046931637e-13 1.784285744e-13 2.491925368e-13 1.506397842 -8.621246342 -29.78288689 1.942434247e-13 1.332417764e-13 8.251103565e-14 1.32911291e-13 7.780110731e-14 2.307179773e-13 -0.1623533744 -5.78065792 -30.18062405 1.163023703e-13 0.1796088558 1.77627839e-13 6.380477664e-14 -0.4006704229 -5.512463509 -0.2363038652 8.570456815e-14 1.770603011e-13 0.7033072493 0.6424386235 8.619429711e-14 3.879868148e-14 3.593571371e-13 -8.147018721e-14 
SCALARS σ3 float64 1
LOOKUP_TABLE default
-8.526512829e-14 -42.15390003 2.842170943e-13 -42.15390003 -42.15390003 -8.526512829e-14 -8.526512829e-14 5.684341886e-14 -424.0756007 2.842170943e-13 2.842170943e-13 -1836.705265 -1836.705265 -1836.705265 -424.0756007 -424.0756007 5.684341886e-14 5.684341886e-14 -7730.835033 -12341.19066 -87.12097412 0.0 -87.12097412 -87.12097412 -1543.052421 -3389.365707 -1543.052421 -1543.052421 -1985.801534 -1682.566736 -2041.264262 -1682.566736 -1682.566736 -301.5807846 -1418.210568 -7730.835033 -7730.835033 -301.5807846 -301.5807846 -5224.943597 -12341.19066 -12341.19066 -35616.03358 0.0 0.0 0.0 0.0 0.0 0.0 -170.8180695 -170.8180695 -170.8180695 0.0 -235.1142467 0.0 -3389.365707 -3389.365707 -2375.533074 -1985.801534 -1985.801534 -1651.39132 -2041.264262 -2041.264262 -1418.210568 -1418.210568 -5224.943597 -5224.943597 -8656.924906 -35616.03358 -17982.65863 -35616.03358 0.0 -69.0787989 0.0 0.0 0.0 0.0 0.0 -235.1142467 -235.1142467 -431.116091 -854.5900816 -2375.533074 -2375.533074 -1651.39132 -1651.39132 0.0 0.0 0.0 -1626.569906 -1575.924001 -1626.569906 -1626.569906 -3077.030182 -2833.860343 -3077.030182 -3077.030182 -4855.050981 -8656.924906 -8656.924906 -12506.60509 -17982.65863 -17982.65863 -28882.34233 0.0 0.0 -293.5917217 -69.0787989 -69.0787989 -1379.6214 -293.5917217 -293.5917217 -1279.312433 -431.116091 -431.116091 -1468.838026 -854.5900816 -854.5900816 -2049.864105 -3852.771101 -2049.864105 -2049.864105 -1229.193651 -1640.685861 -1229.193651 -1229.193651 2.273736754e-13 -215.9564426 0.0 0.0 0.0 2.273736754e-13 2.273736754e-13 -1575.924001 -1575.924001 -379.4947176 -2833.860343 -2833.860343 -2541.244181 -4855.050981 -4855.050981 -12506.60509 -12506.60509 -28882.34233 -14375.58675 -28882.34233 0.0 0.0 -1379.6214 -1379.6214 -83.34597997 -1279.312433 -1279.312433 -1468.838026 -1468.838026 -3894.830702 -3852.771101 -3852.771101 -1452.639273 -1640.685861 -1640.685861 -215.9564426 -215.9564426 2.273736754e-13 -2.273736754e-13 -2.273736754e-13 0.0 -693.9117852 0.0 2.273736754e-13 2.273736754e-13 2.273736754e-13 -379.4947176 -379.4947176 -844.2912897 -2541.244181 -2541.244181 -7740.828698 -3687.100929 -7740.828698 -7740.828698 -14375.58675 -14375.58675 -20875.78851 -693.9117852 -693.9117852 -83.34597997 -83.34597997 -2415.586884 -2953.894712 -438.3458858 -2953.894712 -2953.894712 -3894.830702 -3894.830702 -1126.696579 -1452.639273 -1452.639273 1.136868377e-13 -1130.020034 1.136868377e-13 1.136868377e-13 -2.273736754e-13 -2.273736754e-13 2.273736754e-13 -2.273736754e-13 -2.273736754e-13 0.0 -1.591615728e-12 0.0 1.136868377e-13 3.410605132e-13 2.273736754e-13 2.273736754e-13 -3.410605132e-13 -844.2912897 -844.2912897 -3687.100929 -3687.100929 -5748.876587 -12430.73043 -6791.059945 -12430.73043 -12430.73043 -20875.78851 -14165.94062 -20875.78851 -1.591615728e-12 -1.591615728e-12 -2415.586884 -2415.586884 -438.3458858 -438.3458858 -1126.696579 -1126.696579 -1130.020034 -1130.020034 2.273736754e-13 2.273736754e-13 -1.136868377e-13 0.0 1.136868377e-13 1.136868377e-13 0.0 6.366462912e-12 0.0 3.410605132e-13 3.410605132e-13 -3.410605132e-13 -3.410605132e-13 -813.7684104 -1949.711949 -1730.181882 -1949.711949 -1949.711949 -5748.876587 -5748.876587 -1967.807031 -6791.059945 -6791.059945 -14165.94062 -14165.94062 -20913.48263 6.366462912e-12 6.366462912e-12 -1957.678394 -1957.678394 -1957.678394 -676.8540335 -1512.027383 -676.8540335 -676.8540335 -1.136868377e-13 -1.136868377e-13 -143.4611403 0.0 0.0 1.136868377e-13 1.136868377e-13 1.136868377e-13 1.136868377e-13 0.0 2.273736754e-13 0.0 -565.7938559 0.0 0.0 0.0 -293.3257117 -813.7684104 -813.7684104 -1614.703979 -1730.181882 -1730.181882 -1967.807031 -1967.807031 -4008.755945 -13330.19836 -5009.180352 -13330.19836 -13330.19836 -20913.48263 -14730.93866 -20913.48263 -565.7938559 -565.7938559 -505.4041104 -505.4041104 -505.4041104 -1666.301072 -1512.027383 -1512.027383 -466.3347973 -143.4611403 -143.4611403 1.136868377e-13 1.136868377e-13 1.136868377e-13 -1.136868377e-13 2.273736754e-13 2.273736754e-13 0.0 -1.027729013e-10 0.0 -293.3257117 -293.3257117 -1614.703979 -1614.703979 -2768.916918 -1931.189291 -2768.916918 -2768.916918 -4008.755945 -4008.755945 -889.401472 -5009.180352 -5009.180352 -14730.93866 -14730.93866 -21064.39089 -1610.150703 -1.027729013e-10 -1.027729013e-10 -1666.301072 -1666.301072 -466.3347973 -466.3347973 -768.5940134 1.136868377e-13 1.136868377e-13 1.136868377e-13 -1.136868377e-13 -1.136868377e-13 2.273736754e-13 0.0 2.273736754e-13 2.273736754e-13 -2113.97712 -318.6816736 0.0 -101.9255906 0.0 -1610.150703 -1610.150703 -1931.189291 -1931.189291 -2720.589969 -889.401472 -889.401472 -1134.193746 -12659.24838 -4619.359125 -12659.24838 -12659.24838 -21064.39089 -14352.83378 -21064.39089 -2113.97712 -2113.97712 -101.9255906 -101.9255906 -913.2948909 -913.2948909 -913.2948909 -2232.686804 -768.5940134 -768.5940134 -5.684341886e-14 1.136868377e-13 1.136868377e-13 0.0 0.0 1.136868377e-13 0.0 -318.6816736 -318.6816736 0.0 7.275957614e-12 0.0 -2720.589969 -2720.589969 -1134.193746 -1134.193746 -4619.359125 -4619.359125 -14352.83378 -14352.83378 -21586.00853 -777.8435805 -1734.297299 -2488.296638 -4904.137743 -2488.296638 -2488.296638 -3028.361335 -3124.645637 7.275957614e-12 7.275957614e-12 -2232.686804 -2232.686804 -5.684341886e-14 -5.684341886e-14 1.136868377e-13 1.136868377e-13 -2.273736754e-13 0.0 0.0 -777.8435805 -777.8435805 2.273736754e-13 0.0 -1.818989404e-12 0.0 -3028.361335 -3028.361335 -404.2387605 1.136868377e-13 -404.2387605 -404.2387605 -11589.79506 -4140.599154 -11589.79506 -11589.79506 -21586.00853 -13645.64941 -21586.00853 -1734.297299 -1734.297299 -4904.137743 -4904.137743 -3124.645637 -3124.645637 -1.818989404e-12 -1.818989404e-12 4.547473509e-13 4.547473509e-13 4.547473509e-13 -1.136868377e-13 -2.273736754e-13 -2.273736754e-13 -2.273736754e-13 2.273736754e-13 2.273736754e-13 0.0 -638.0459135 0.0 1.136868377e-13 1.136868377e-13 -4140.599154 -4140.599154 -13645.64941 -13645.64941 -19481.44487 0.0 -5410.909432 -1675.35316 -5410.909432 -5410.909432 -3181.139402 -2565.8199 -3181.139402 -3181.139402 -2252.195926 -562.3106733 -2252.195926 -2252.195926 0.0 -5.684341886e-14 -638.0459135 -638.0459135 -1.136868377e-13 -1.136868377e-13 -2.273736754e-13 -2.273736754e-13 0.0 0.0 0.0 0.0 0.0 -1.227817847e-11 0.0 0.0 0.0 -5401.415022 -493.5395948 -5401.415022 -5401.415022 -10258.76659 -19481.44487 -12427.6146 -19481.44487 -1675.35316 -1675.35316 -2565.8199 -2565.8199 -562.3106733 -562.3106733 -5.684341886e-14 -5.684341886e-14 0.0 -1.227817847e-11 -1.227817847e-11 0.0 0.0 0.0 0.0 0.0 1.136868377e-13 0.0 0.0 -6452.284119 -1110.829379 0.0 9.094947018e-13 0.0 -493.5395948 -493.5395948 -10258.76659 -10258.76659 -12427.6146 -12427.6146 -18649.78925 -6452.284119 -6452.284119 -5111.263996 -2807.909084 -1191.102161 -2807.909084 -2807.909084 -291.4348577 0.0 0.0 -323.9000997 9.094947018e-13 9.094947018e-13 1.136868377e-13 1.136868377e-13 -1081.597241 -1110.829379 -1110.829379 -5089.240347 0.0 -831.3658408 0.0 -1862.49155 -1862.49155 -1862.49155 -8611.729598 -4578.567065 -8611.729598 -8611.729598 -18649.78925 -12042.35967 -18649.78925 -5111.263996 -5111.263996 -1191.102161 -1191.102161 -291.4348577 -291.4348577 -323.9000997 -323.9000997 -831.3658408 -831.3658408 -1081.597241 -1081.597241 -3952.547039 -5089.240347 -5089.240347 -1325.175408 -4575.522388 0.0 -817.9003942 0.0 5.684341886e-14 -1786.721921 -702.4127833 -1786.721921 -1786.721921 -4578.567065 -4578.567065 -1927.357187 -12042.35967 -12042.35967 -15955.13288 -1325.175408 -1325.175408 1.136868377e-13 -1.136868377e-13 1.136868377e-13 -1.136868377e-13 -1.136868377e-13 -212.2166127 -257.4595271 -212.2166127 -212.2166127 5.684341886e-14 5.684341886e-14 5.684341886e-14 -817.9003942 -817.9003942 -3952.547039 -3952.547039 -2482.861658 -4575.522388 -4575.522388 -2232.978058 0.0 -582.8150051 0.0 -702.4127833 -702.4127833 -1927.357187 -1927.357187 -6632.787334 -15955.13288 -9377.938135 -15955.13288 1.136868377e-13 1.136868377e-13 1.136868377e-13 1.136868377e-13 -257.4595271 -257.4595271 0.0 1.250555215e-12 5.684341886e-14 5.684341886e-14 -582.8150051 -582.8150051 -2482.861658 -2482.861658 -2232.978058 -2232.978058 1.136868377e-13 -691.0661441 0.0 4.547473509e-13 0.0 -345.9770615 -424.0878412 -1479.210426 -469.8271704 -1479.210426 -1479.210426 -6632.787334 -6632.787334 -876.0418304 -9377.938135 -9377.938135 1.136868377e-13 1.136868377e-13 0.0 0.0 2.273736754e-13 1.250555215e-12 1.250555215e-12 -345.9770615 -345.9770615 -200.5491433 4.547473509e-13 4.547473509e-13 -691.0661441 -691.0661441 0.0 -1257.422164 0.0 -11678.93253 -17245.59276 -424.0878412 -424.0878412 -469.8271704 -469.8271704 -876.0418304 -876.0418304 -3124.011741 -11678.93253 -11678.93253 -6552.260265 2.273736754e-13 2.273736754e-13 -200.5491433 -200.5491433 -761.4560267 -700.0919824 -890.3211506 -1257.422164 -1257.422164 -88.88675886 -370.0561746 -88.88675886 -88.88675886 0.0 0.0 0.0 9.094947018e-13 0.0 -17245.59276 -17245.59276 -700.0919824 -700.0919824 -602.3816246 -835.2183391 -602.3816246 -602.3816246 -3124.011741 -3124.011741 -52.7405309 -6552.260265 -6552.260265 -12014.22731 -10179.76527 0.0 0.0 1.136868377e-13 -761.4560267 -761.4560267 -754.0578512 -890.3211506 -890.3211506 9.094947018e-13 9.094947018e-13 -370.0561746 -370.0561746 3.410605132e-13 0.0 0.0 2.273736754e-13 0.0 -7.078862698 0.0 -12014.22731 -12014.22731 -17581.18258 -835.2183391 -835.2183391 -52.7405309 -52.7405309 -10179.76527 -10179.76527 1.136868377e-13 1.136868377e-13 -754.0578512 -754.0578512 -1353.515715 -1073.736455 -1695.166248 -1073.736455 -1073.736455 -1379.462649 -1346.459688 -7.078862698 -7.078862698 3.410605132e-13 3.410605132e-13 5.684341886e-13 2.273736754e-13 2.273736754e-13 0.0 -445.3158552 0.0 -1.136868377e-13 -1572.546077 -378.0418756 -6670.11575 -17581.18258 -12284.88036 -17581.18258 -1379.462649 -1379.462649 -259.5321939 2.273736754e-13 -259.5321939 -259.5321939 -6670.11575 -6670.11575 -2435.085971 -1572.546077 -1572.546077 -1353.515715 -1353.515715 -2990.952382 -1695.166248 -1695.166248 -1346.459688 -1346.459688 -445.3158552 -445.3158552 5.684341886e-13 5.684341886e-13 -1.136868377e-13 -1.136868377e-13 0.0 -142.8536255 0.0 0.0 -378.0418756 -378.0418756 -4431.25595 -12284.88036 -12284.88036 2.273736754e-13 2.273736754e-13 -2435.085971 -2435.085971 -2990.952382 -2990.952382 -4413.771044 -3410.979562 -1259.904103 -3410.979562 -3410.979562 -1696.705573 -556.2216768 -1696.705573 -1696.705573 1.136868377e-13 5.684341886e-14 -142.8536255 -142.8536255 0.0 0.0 0.0 0.0 0.0 -1976.161887 0.0 -489.0641646 0.0 -4431.25595 -4431.25595 -4733.133156 -11116.30549 -6403.231755 -11116.30549 -11116.30549 -15294.1938 1.136868377e-13 1.136868377e-13 -4733.133156 -4733.133156 -172.6953241 -4880.867153 -4413.771044 -4413.771044 -1644.204059 -1259.904103 -1259.904103 -556.2216768 -556.2216768 5.684341886e-14 5.684341886e-14 -489.0641646 -489.0641646 -1976.161887 -1976.161887 0.0 -1.045918907e-11 0.0 -3621.843106 -4880.867153 -4880.867153 -2058.832839 -6403.231755 -6403.231755 -9587.140303 -15294.1938 -10607.74034 -15294.1938 -518.4630092 -1287.188441 -172.6953241 -172.6953241 -2106.107717 -1644.204059 -1644.204059 -762.7863584 -767.5507704 5.684341886e-14 -767.5507704 -767.5507704 -885.4069835 -46.91851206 -885.4069835 -885.4069835 -518.4630092 -518.4630092 -827.0444439 -1.045918907e-11 -1.045918907e-11 -3621.843106 -3621.843106 -1038.682754 0.0 -1161.570802 0.0 -2058.832839 -2058.832839 -9587.140303 -9587.140303 -10607.74034 -10607.74034 -13816.88815 -1287.188441 -1287.188441 -2106.107717 -2106.107717 -5924.669024 -4224.287865 -948.2477877 -762.7863584 -762.7863584 3.410605132e-13 5.684341886e-14 5.684341886e-14 -46.91851206 -46.91851206 -827.0444439 -827.0444439 -1182.364474 -343.9237264 -1161.570802 -1161.570802 -1038.682754 -1038.682754 0.0 -795.4507869 0.0 -2822.458634 -948.2477877 -948.2477877 -2.273736754e-13 -5924.669024 -5924.669024 -9625.020817 -13816.88815 -10305.76436 -13816.88815 -1182.364474 -1182.364474 -1430.387725 -4224.287865 -4224.287865 -2502.457929 3.410605132e-13 3.410605132e-13 3.410605132e-13 -1.136868377e-13 3.410605132e-13 3.410605132e-13 2.273736754e-13 1.136868377e-13 2.273736754e-13 2.273736754e-13 -343.9237264 -343.9237264 5.684341886e-14 -795.4507869 -795.4507869 -2822.458634 -2822.458634 0.0 0.0 0.0 -2.273736754e-13 -2.273736754e-13 -9625.020817 -9625.020817 -10305.76436 -10305.76436 -12185.39434 -1430.387725 -1430.387725 -2502.457929 -2502.457929 -6485.43986 -5754.695753 1.136868377e-13 -1.136868377e-13 -1.136868377e-13 0.0 1.136868377e-13 1.136868377e-13 5.684341886e-14 5.684341886e-14 0.0 0.0 0.0 -1380.433803 0.0 1.136868377e-13 1.136868377e-13 -6485.43986 -6485.43986 -12185.39434 -9540.563848 -12185.39434 1.136868377e-13 4.547473509e-13 -1925.709307 -173.0158491 -1925.709307 -1925.709307 -5754.695753 -5754.695753 -2612.078421 0.0 0.0 3.410605132e-13 1.136868377e-13 3.410605132e-13 3.410605132e-13 1.136868377e-13 1.136868377e-13 2.273736754e-13 -1380.433803 -1380.433803 0.0 0.0 4.547473509e-13 -1.136868377e-13 0.0 -1.136868377e-13 -1.136868377e-13 -9540.563848 -9540.563848 4.547473509e-13 4.547473509e-13 -173.0158491 -173.0158491 -2612.078421 -2612.078421 0.0 1.136868377e-13 1.136868377e-13 4.547473509e-13 2.273736754e-13 2.273736754e-13 -109.3215637 -2.046363079e-12 -138.2627797 4.547473509e-13 4.547473509e-13 0.0 -102.8739229 0.0 0.0 0.0 -1.136868377e-13 0.0 0.0 -929.4574167 -5272.876207 -8580.393226 -6412.042484 -8580.393226 -8580.393226 -11044.04784 -2.046363079e-12 -2.046363079e-12 -1032.832053 2.273736754e-13 -1032.832053 -1032.832053 -5272.876207 -5272.876207 -2053.826512 4.547473509e-13 4.547473509e-13 -260.2505668 -109.3215637 -109.3215637 -680.817542 -138.2627797 -138.2627797 -102.8739229 -102.8739229 0.0 0.0 1.591615728e-12 -1.136868377e-13 -1.136868377e-13 -1195.062164 -929.4574167 -929.4574167 -6412.042484 -6412.042484 -7870.466516 -11044.04784 -8455.556787 -11044.04784 2.273736754e-13 2.273736754e-13 -2053.826512 -2053.826512 -260.2505668 -260.2505668 -680.817542 -680.817542 -1152.518043 0.0 5.684341886e-14 0.0 0.0 -35.1041479 0.0 1.591615728e-12 1.591615728e-12 0.0 -2.273736754e-12 0.0 -3802.183887 -2775.176416 -1841.619105 -1195.062164 -1195.062164 -3802.183887 -3802.183887 -7870.466516 -7870.466516 -8455.556787 -8455.556787 -10603.58538 -35.1041479 -35.1041479 -3862.949793 -855.2551808 -3862.949793 -3862.949793 -6209.901365 -4913.714508 -2775.176416 -2775.176416 -1152.518043 -1152.518043 -330.3895969 5.684341886e-14 5.684341886e-14 0.0 0.0 -2.273736754e-12 -2.273736754e-12 0.0 -1550.357276 -3015.813452 0.0 -2192.925595 -1841.619105 -1841.619105 -358.4788809 -3015.813452 -3015.813452 -2192.925595 -2192.925595 -802.1769494 -6209.901365 -6209.901365 -10603.58538 -8221.784901 -10603.58538 -855.2551808 -855.2551808 -4913.714508 -4913.714508 -330.3895969 -330.3895969 1.136868377e-13 -77.19526964 -2.273736754e-13 -77.19526964 -77.19526964 -54.75336167 -187.820897 -54.75336167 -54.75336167 -2464.562615 -498.8605738 0.0 -1550.357276 -1550.357276 -8.374597194e-12 0.0 -358.4788809 -358.4788809 -802.1769494 -802.1769494 -8221.784901 -8221.784901 -2464.562615 -2464.562615 -5026.092103 -3165.644356 -5026.092103 -5026.092103 -7605.794355 -5739.138174 1.136868377e-13 1.136868377e-13 -2.273736754e-13 -2.273736754e-13 -187.820897 -187.820897 -498.8605738 -498.8605738 -8.973424031e-14 0.0 0.0 4.233059393e-12 0.0 0.0 1.165930424e-13 7.040298072e-13 -7605.794355 -7605.794355 -3165.644356 -3165.644356 -5739.138174 -5739.138174 6.673298095 60.14186273 -2031.673791 -657.858967 2.156420277e-13 -0.01820733133 -0.05710395106 0.0 0.0 0.04627395354 0.0 0.0 0.0 0.0 16.31294426 -8.174285343 0.0 0.0 0.0 0.0 -7597.331516 -10879.7193 -5073.709333 -23.53426267 -382.2194626 -2941.657518 -1191.691956 1.939019365 1.375233972 -9.646904423 -0.2023485881 -7.015095905 0.0 0.0 -52.01921692 0.0 0.0 -6262.232607 -7840.062795 -4598.548767 -3052.827752 -341.6112898 -1717.933488 3.63308702 -24.82169293 -54.93001176 -222.4480056 -74.20753473 0.0 0.0 -77.26323759 0.0 0.0 -5896.67308 -7408.628808 -4350.032478 -2829.40654 -911.7803038 -1767.587528 -79.51295262 -93.71521731 -343.0701344 -697.1413976 -4.373676771 0.0 0.0 0.0 0.0 8.683508959 0.0 0.0 0.0 0.0 -44.42118863 0.0 0.0 0.0 0.0 -3.686310453 0.0 0.0 -6513.633022 -4763.2291 -3711.912139 -2375.88985 -1408.974235 -214.1044856 -274.9203082 -552.4996466 -1068.874892 -59.87397054 -63.61826839 -138.1918397 -279.0747001 -83.81342994 0.0 -17.79197481 -9.741930708 0.0 0.0 0.0 0.0 0.0 -4178.515363 -5415.297447 0.0 -92.07420769 0.0 -2905.429448 -1931.325569 -461.0478954 -404.3114067 -913.6904036 -1430.926593 0.0 0.0 -552.7323311 -171.74431 -233.384987 -72.4375015 -86.73134281 -97.57002993 -3243.850271 -4064.307798 -4893.986324 -49.28936228 0.0 0.0 -2825.591669 -2178.910741 -815.0144871 -1294.356838 -806.5096691 0.0 0.0 -98.88494985 -531.147956 -281.6597163 -122.4573819 -250.8596978 -3329.525783 -4609.658585 0.0 0.0 4.886472122 0.0 0.0 0.0 -2392.882104 -2794.2045 -1705.517833 -1194.145679 -980.7540529 -688.7612622 -98.01186941 -171.6930518 -448.0323899 -309.1805843 -2672.228087 -3236.471713 -4040.278271 1.236372433 -62.96909401 0.0 0.0 0.0 0.0 0.0 0.0 0.0 -31.92819895 0.0 0.0 -33.52134185 -2187.509 -1520.08888 -955.7283828 -1244.91557 -804.4678804 -149.2241515 -307.0404343 -533.1492369 0.0 -51.11001587 0.0 0.0 0.0 -3.733766188 -2311.719633 -3045.523557 -3716.13863 -130.9414543 -10.68869837 -72.35273987 0.0 0.0 0.0 0.0 0.0 -200.1262028 -1703.606267 -1160.68345 -742.9326648 -1038.318469 -338.1847662 -568.3729585 -104.7022706 -207.6453584 -67.43906854 -2003.463268 -2523.448013 -3424.094985 -447.3505951 -251.7178456 -435.1992694 -1491.094547 -830.4376923 -1059.343654 -1285.328378 -643.7770839 -304.2003789 -419.778659 -359.7203298 -2021.81351 -2396.127077 -2825.4226 -584.5200921 -656.6735613 -538.3718277 -514.737429 -650.3516011 -911.6646971 -1497.054048 -1095.687621 -1267.219261 -1073.830902 -808.3820128 -692.6783558 -595.1651225 -568.8637669 -1626.884043 -2064.781638 -2615.547202 -778.6175477 -689.5163185 -764.739725 -983.0711243 -1320.744989 -1117.784035 -920.6256432 -772.796242 -781.0267936 -737.1090414 -1429.500262 -1755.849469 -2194.558238 -847.2166917 -874.35907 -839.7692441 -1031.048606 -1195.955393 -939.6056288 -853.4845258 -833.9330634 -814.7545979 -1218.668003 -1481.27267 -1856.97744 -888.4726997 -1041.774379 -921.6942826 -834.7873285 -812.7257564 -810.641279 -1023.065614 -1171.049166 -1464.694011 -818.8998266 -884.4997948 -761.0078669 -736.2888038 -886.9102925 -1150.876678 -689.645558 -566.3234876 -544.7829454 -605.3707513 -624.5869086 -458.9857122 -393.1803898 -478.0100468 -145.7077674 
SCALARS εxx float64 1
LOOKUP_TABLE default
1.595977665e-05 1.691840974e-05 9.271343552e-06 1.691840974e-05 1.691840974e-05 1.595977665e-05 1.595977665e-05 1.838514212e-05 6.93916793e-06 9.271343552e-06 9.271343552e-06 3.467886554e-05 3.467886554e-05 3.467886554e-05 6.93916793e-06 6.93916793e-06 1.838514212e-05 1.838514212e-05 -0.0002144518919 -0.0002431236802 1.061011157e-05 2.171119586e-06 1.061011157e-05 1.061011157e-05 9.533510542e-06 4.432464136e-05 9.533510542e-06 9.533510542e-06 4.50779281e-05 1.795216799e-05 3.699377503e-05 1.795216799e-05 1.795216799e-05 3.308155944e-06 1.393120521e-05 -0.0002144518919 -0.0002144518919 3.308155944e-06 3.308155944e-06 -8.790965391e-05 -0.0002431236802 -0.0002431236802 -0.0009598798254 2.757067396e-05 2.28937568e-05 1.700142391e-05 1.700142391e-05 1.700142391e-05 7.948800513e-06 -9.379808801e-07 -9.379808801e-07 -9.379808801e-07 2.171119586e-06 1.3850133e-06 2.171119586e-06 4.432464136e-05 4.432464136e-05 2.707044507e-05 4.50779281e-05 4.50779281e-05 3.783993341e-05 3.699377503e-05 3.699377503e-05 1.393120521e-05 1.393120521e-05 -8.790965391e-05 -8.790965391e-05 -0.000228958477 -0.0009598798254 -0.0004284865573 -0.0009598798254 2.757067396e-05 8.188419457e-05 2.757067396e-05 2.28937568e-05 2.28937568e-05 7.948800513e-06 7.948800513e-06 1.3850133e-06 1.3850133e-06 -9.350170018e-06 8.222433468e-06 2.707044507e-05 2.707044507e-05 3.783993341e-05 3.783993341e-05 0.0002068128788 0.0 0.0 1.627159369e-05 4.832763185e-05 1.627159369e-05 1.627159369e-05 -6.945113897e-05 -1.33347248e-06 -6.945113897e-05 -6.945113897e-05 -0.0001164002194 -0.000228958477 -0.000228958477 -0.0002954330228 -0.0004284865573 -0.0004284865573 -0.0007815519224 0.0002068128788 0.0002068128788 7.634827067e-06 8.188419457e-05 8.188419457e-05 -4.987421152e-06 7.634827067e-06 7.634827067e-06 1.858731971e-05 -9.350170018e-06 -9.350170018e-06 1.925829187e-05 8.222433468e-06 8.222433468e-06 1.215080268e-05 3.785788156e-05 1.215080268e-05 1.215080268e-05 4.300332045e-05 4.948803527e-05 4.300332045e-05 4.300332045e-05 3.375582321e-05 5.148358947e-05 0.0 0.0003751017679 0.0 3.375582321e-05 3.375582321e-05 4.832763185e-05 4.832763185e-05 -1.162860458e-05 -1.33347248e-06 -1.33347248e-06 -2.516235189e-05 -0.0001164002194 -0.0001164002194 -0.0002954330228 -0.0002954330228 -0.0007815519224 -0.0003735965312 -0.0007815519224 0.0003751017679 0.0003751017679 -4.987421152e-06 -4.987421152e-06 3.286301705e-05 1.858731971e-05 1.858731971e-05 1.925829187e-05 1.925829187e-05 2.783233352e-05 3.785788156e-05 3.785788156e-05 1.335975921e-07 4.948803527e-05 4.948803527e-05 5.148358947e-05 5.148358947e-05 3.978628779e-05 3.637041354e-05 3.830373747e-05 0.0 0.0003214289525 0.0 3.978628779e-05 3.978628779e-05 2.645190878e-05 -1.162860458e-05 -1.162860458e-05 1.479761007e-05 -2.516235189e-05 -2.516235189e-05 -0.0001733433739 -8.157260872e-05 -0.0001733433739 -0.0001733433739 -0.0003735965312 -0.0003735965312 -0.000564795244 0.0003214289525 0.0003214289525 3.286301705e-05 3.286301705e-05 -3.705208922e-05 1.010958435e-06 2.260228147e-05 1.010958435e-06 1.010958435e-06 2.783233352e-05 2.783233352e-05 1.280297949e-06 1.335975921e-07 1.335975921e-07 1.494141034e-05 1.848204737e-05 1.494141034e-05 1.494141034e-05 3.637041354e-05 3.637041354e-05 3.885188201e-05 3.830373747e-05 3.830373747e-05 0.0 0.0001433816688 0.0 3.08855996e-05 3.327564751e-05 2.645190878e-05 2.645190878e-05 2.886121838e-05 1.479761007e-05 1.479761007e-05 -8.157260872e-05 -8.157260872e-05 -0.0001442568791 -0.0003335119826 -0.0001731967558 -0.0003335119826 -0.0003335119826 -0.000564795244 -0.0003718673505 -0.000564795244 0.0001433816688 0.0001433816688 -3.705208922e-05 -3.705208922e-05 2.260228147e-05 2.260228147e-05 1.280297949e-06 1.280297949e-06 1.848204737e-05 1.848204737e-05 3.885188201e-05 3.885188201e-05 2.130079803e-05 1.080304584e-05 3.08855996e-05 3.08855996e-05 0.0 0.0003796743502 0.0 3.327564751e-05 3.327564751e-05 2.886121838e-05 2.886121838e-05 3.452932814e-06 -3.111780893e-05 -1.2112611e-05 -3.111780893e-05 -3.111780893e-05 -0.0001442568791 -0.0001442568791 -3.767179114e-05 -0.0001731967558 -0.0001731967558 -0.0003718673505 -0.0003718673505 -0.0005725672687 0.0003796743502 0.0003796743502 -1.454079638e-05 -1.454079638e-05 -1.454079638e-05 1.734244914e-05 5.621624784e-06 1.734244914e-05 1.734244914e-05 2.130079803e-05 2.130079803e-05 7.54723612e-06 1.080304584e-05 1.080304584e-05 3.03856019e-05 2.49479291e-05 3.03856019e-05 3.03856019e-05 1.71587852e-05 1.900329866e-05 0.0 0.0002811471191 0.0 1.71587852e-05 1.71587852e-05 1.816134438e-05 3.452932814e-06 3.452932814e-06 -6.013719632e-06 -1.2112611e-05 -1.2112611e-05 -3.767179114e-05 -3.767179114e-05 -8.761906446e-05 -0.0003684318591 -0.0001281488437 -0.0003684318591 -0.0003684318591 -0.0005725672687 -0.0003885803052 -0.0005725672687 0.0002811471191 0.0002811471191 4.255202157e-05 4.255202157e-05 4.255202157e-05 -2.277492435e-05 5.621624784e-06 5.621624784e-06 -1.138545537e-05 7.54723612e-06 7.54723612e-06 2.613818669e-05 2.49479291e-05 2.49479291e-05 2.187124371e-05 1.900329866e-05 1.900329866e-05 0.0 0.0003648915512 0.0 1.816134438e-05 1.816134438e-05 -6.013719632e-06 -6.013719632e-06 -2.994436561e-05 -1.35690467e-05 -2.994436561e-05 -2.994436561e-05 -8.761906446e-05 -8.761906446e-05 -5.657188665e-06 -0.0001281488437 -0.0001281488437 -0.0003885803052 -0.0003885803052 -0.0005799519556 -1.076125554e-05 0.0003648915512 0.0003648915512 -2.277492435e-05 -2.277492435e-05 -1.138545537e-05 -1.138545537e-05 3.124625268e-05 2.613818669e-05 2.613818669e-05 2.489134527e-05 2.187124371e-05 2.187124371e-05 1.499200005e-05 1.880836547e-05 1.499200005e-05 1.499200005e-05 9.616461715e-06 -1.240041683e-05 0.0 0.000142448494 0.0 -1.076125554e-05 -1.076125554e-05 -1.35690467e-05 -1.35690467e-05 -3.539708561e-06 -5.657188665e-06 -5.657188665e-06 -1.622958518e-05 -0.0003522691571 -0.0001206083711 -0.0003522691571 -0.0003522691571 -0.0005799519556 -0.0003773292294 -0.0005799519556 9.616461715e-06 9.616461715e-06 0.000142448494 0.000142448494 -1.21092148e-05 -1.21092148e-05 -1.21092148e-05 8.064985333e-06 3.124625268e-05 3.124625268e-05 1.472333144e-05 2.489134527e-05 2.489134527e-05 1.880836547e-05 1.880836547e-05 4.11059339e-05 2.618962418e-05 -1.240041683e-05 -1.240041683e-05 0.0 0.000470732933 0.0 -3.539708561e-06 -3.539708561e-06 -1.622958518e-05 -1.622958518e-05 -0.0001206083711 -0.0001206083711 -0.0003773292294 -0.0003773292294 -0.0005954545002 4.539805673e-06 -2.199503513e-05 -1.520470481e-05 -2.069249825e-06 -1.520470481e-05 -1.520470481e-05 -2.402032208e-05 5.738522556e-06 0.000470732933 0.000470732933 8.064985333e-06 8.064985333e-06 1.472333144e-05 1.472333144e-05 4.11059339e-05 4.11059339e-05 2.818535244e-05 2.618962418e-05 2.618962418e-05 4.539805673e-06 4.539805673e-06 1.144414047e-05 0.0 0.0001815063871 0.0 -2.402032208e-05 -2.402032208e-05 3.059162367e-05 4.06829266e-05 3.059162367e-05 3.059162367e-05 -0.0003101359849 -0.0001067702153 -0.0003101359849 -0.0003101359849 -0.0005954545002 -0.0003601770966 -0.0005954545002 -2.199503513e-05 -2.199503513e-05 -2.069249825e-06 -2.069249825e-06 5.738522556e-06 5.738522556e-06 0.0001815063871 0.0001815063871 4.081995762e-05 4.081995762e-05 4.081995762e-05 2.695497035e-05 2.818535244e-05 2.818535244e-05 3.051615815e-05 1.144414047e-05 1.144414047e-05 0.0 0.0003580049213 0.0 4.06829266e-05 4.06829266e-05 -0.0001067702153 -0.0001067702153 -0.0003601770966 -0.0003601770966 -0.000535073379 2.865380955e-05 -1.388297746e-05 6.10220826e-06 -1.388297746e-05 -1.388297746e-05 2.451545142e-05 -9.723052544e-06 2.451545142e-05 2.451545142e-05 4.053140536e-05 -4.126713916e-06 4.053140536e-05 4.053140536e-05 2.958418585e-05 2.874593758e-05 0.0003580049213 0.0003580049213 2.695497035e-05 2.695497035e-05 3.051615815e-05 3.051615815e-05 3.80195505e-05 2.865380955e-05 2.865380955e-05 4.416953147e-05 0.0 0.0001591627793 0.0 2.958418585e-05 2.958418585e-05 -0.0001224740394 2.723254371e-05 -0.0001224740394 -0.0001224740394 -0.0002813050628 -0.000535073379 -0.000327338434 -0.000535073379 6.10220826e-06 6.10220826e-06 -9.723052544e-06 -9.723052544e-06 -4.126713916e-06 -4.126713916e-06 2.874593758e-05 2.874593758e-05 2.932470466e-05 0.0001591627793 0.0001591627793 5.829476354e-05 5.829476354e-05 5.829476354e-05 3.80195505e-05 3.80195505e-05 3.193188551e-05 4.416953147e-05 4.416953147e-05 4.015632708e-05 4.222496793e-07 0.0 0.0002850146603 0.0 2.723254371e-05 2.723254371e-05 -0.0002813050628 -0.0002813050628 -0.000327338434 -0.000327338434 -0.0005085205784 4.015632708e-05 4.015632708e-05 6.254217886e-05 2.11877926e-05 -2.448031052e-05 2.11877926e-05 2.11877926e-05 -6.486559554e-06 2.932470466e-05 2.932470466e-05 1.901544171e-05 0.0002850146603 0.0002850146603 3.193188551e-05 3.193188551e-05 4.206523377e-05 4.222496793e-07 4.222496793e-07 6.5881512e-05 0.0 0.0002427948909 0.0 -4.49927588e-05 -4.49927588e-05 -4.49927588e-05 -0.0002068485938 -0.0001196051291 -0.0002068485938 -0.0002068485938 -0.0005085205784 -0.0003225977645 -0.0005085205784 6.254217886e-05 6.254217886e-05 -2.448031052e-05 -2.448031052e-05 -6.486559554e-06 -6.486559554e-06 1.901544171e-05 1.901544171e-05 0.0002427948909 0.0002427948909 4.206523377e-05 4.206523377e-05 9.303910384e-05 6.5881512e-05 6.5881512e-05 -9.199985315e-06 -2.506146665e-06 0.0 0.000196233001 0.0 2.444141745e-05 -2.169078821e-06 3.381923605e-05 -2.169078821e-06 -2.169078821e-06 -0.0001196051291 -0.0001196051291 -4.357263439e-05 -0.0003225977645 -0.0003225977645 -0.0004315799316 -9.199985315e-06 -9.199985315e-06 3.772685804e-05 2.906647573e-05 1.740491687e-05 2.906647573e-05 2.906647573e-05 -5.831370873e-06 -1.601201335e-05 -5.831370873e-06 -5.831370873e-06 2.444141745e-05 2.444141745e-05 5.448763548e-06 0.000196233001 0.000196233001 9.303910384e-05 9.303910384e-05 -1.610919315e-05 -2.506146665e-06 -2.506146665e-06 -3.306899611e-06 0.0 0.0001560091752 0.0 3.381923605e-05 3.381923605e-05 -4.357263439e-05 -4.357263439e-05 -0.0001741052002 -0.0004315799316 -0.0002466197493 -0.0004315799316 3.772685804e-05 3.772685804e-05 1.740491687e-05 1.740491687e-05 -1.601201335e-05 -1.601201335e-05 1.865234871e-05 -1.12897979e-06 5.448763548e-06 5.448763548e-06 0.0001560091752 0.0001560091752 -1.610919315e-05 -1.610919315e-05 -3.306899611e-06 -3.306899611e-06 1.995428842e-05 4.268674681e-07 0.0 0.0001890771959 0.0 -1.599210341e-06 6.961709809e-06 1.131739897e-05 9.718188577e-06 1.131739897e-05 1.131739897e-05 -0.0001741052002 -0.0001741052002 -2.090052042e-05 -0.0002466197493 -0.0002466197493 1.995428842e-05 1.995428842e-05 1.865234871e-05 1.865234871e-05 3.787414375e-05 -1.12897979e-06 -1.12897979e-06 -1.599210341e-06 -1.599210341e-06 -6.602947397e-06 0.0001890771959 0.0001890771959 4.268674681e-07 4.268674681e-07 0.0 0.0002538206676 0.0 -0.0003073119598 -0.0004706325381 6.961709809e-06 6.961709809e-06 9.718188577e-06 9.718188577e-06 -2.090052042e-05 -2.090052042e-05 -7.45983799e-05 -0.0003073119598 -0.0003073119598 -0.0001666562902 3.787414375e-05 3.787414375e-05 -6.602947397e-06 -6.602947397e-06 -1.267056704e-05 -1.209411374e-06 -2.567695985e-06 0.0002538206676 0.0002538206676 2.656697095e-07 -4.466536115e-06 2.656697095e-07 2.656697095e-07 3.213726501e-05 3.581479209e-05 0.0 0.0001589880608 0.0 -0.0004706325381 -0.0004706325381 -1.209411374e-06 -1.209411374e-06 1.112184772e-05 1.08637515e-05 1.112184772e-05 1.112184772e-05 -7.45983799e-05 -7.45983799e-05 1.941617563e-05 -0.0001666562902 -0.0001666562902 -0.0003181827482 -0.0002831696059 3.213726501e-05 3.213726501e-05 1.024463559e-05 -1.267056704e-05 -1.267056704e-05 -4.371522729e-06 -2.567695985e-06 -2.567695985e-06 0.0001589880608 0.0001589880608 -4.466536115e-06 -4.466536115e-06 2.631413294e-05 3.581479209e-05 3.581479209e-05 2.462362349e-05 0.0 0.000200312093 0.0 -0.0003181827482 -0.0003181827482 -0.0004818906661 1.08637515e-05 1.08637515e-05 1.941617563e-05 1.941617563e-05 -0.0002831696059 -0.0002831696059 1.024463559e-05 1.024463559e-05 -4.371522729e-06 -4.371522729e-06 -1.361245126e-05 -7.440719025e-06 6.233865058e-06 -7.440719025e-06 -7.440719025e-06 -4.962836938e-06 8.606675296e-06 0.000200312093 0.000200312093 2.631413294e-05 2.631413294e-05 4.395803932e-05 2.462362349e-05 2.462362349e-05 0.0 0.0002177090747 0.0 2.772330591e-05 -2.310789205e-05 1.303238087e-05 -0.0001716770223 -0.0004818906661 -0.0003313615431 -0.0004818906661 -4.962836938e-06 -4.962836938e-06 3.532913746e-05 3.717296707e-05 3.532913746e-05 3.532913746e-05 -0.0001716770223 -0.0001716770223 -7.089677141e-05 -2.310789205e-05 -2.310789205e-05 -1.361245126e-05 -1.361245126e-05 3.397179007e-05 6.233865058e-06 6.233865058e-06 8.606675296e-06 8.606675296e-06 0.0002177090747 0.0002177090747 4.395803932e-05 4.395803932e-05 2.772330591e-05 2.772330591e-05 0.0 0.0001356515801 0.0 2.265447925e-05 1.303238087e-05 1.303238087e-05 4.881863538e-05 -0.0003313615431 -0.0003313615431 3.717296707e-05 3.717296707e-05 -7.089677141e-05 -7.089677141e-05 3.397179007e-05 3.397179007e-05 4.925436319e-05 2.889751161e-05 -1.288953308e-06 2.889751161e-05 2.889751161e-05 3.701553937e-05 -9.333764953e-06 3.701553937e-05 3.701553937e-05 3.34567714e-05 1.180325465e-05 0.0001356515801 0.0001356515801 3.504618727e-05 3.504618727e-05 3.504618727e-05 2.265447925e-05 2.265447925e-05 3.138027892e-05 0.0 0.0001859700931 0.0 4.881863538e-05 4.881863538e-05 -0.0001048628286 -0.0002888825767 -0.0001713980053 -0.0002888825767 -0.0002888825767 -0.0004180651388 3.34567714e-05 3.34567714e-05 -0.0001048628286 -0.0001048628286 -6.322023324e-07 4.193302203e-05 4.925436319e-05 4.925436319e-05 9.505866628e-06 -1.288953308e-06 -1.288953308e-06 -9.333764953e-06 -9.333764953e-06 1.180325465e-05 1.180325465e-05 0.0001859700931 0.0001859700931 3.138027892e-05 3.138027892e-05 0.0 0.0002328995154 0.0 -6.153369679e-06 4.193302203e-05 4.193302203e-05 -2.01077087e-06 -0.0001713980053 -0.0001713980053 -0.000256796472 -0.0004180651388 -0.000276895697 -0.0004180651388 2.015993267e-05 1.974523603e-05 -6.322023324e-07 -6.322023324e-07 -1.988482933e-05 9.505866628e-06 9.505866628e-06 5.152013416e-05 2.255525345e-05 1.627787232e-05 2.255525345e-05 2.255525345e-05 2.210115947e-05 1.885352858e-06 2.210115947e-05 2.210115947e-05 2.015993267e-05 2.015993267e-05 2.231007689e-05 0.0002328995154 0.0002328995154 -6.153369679e-06 -6.153369679e-06 4.575988352e-05 0.0 0.000119831389 0.0 -2.01077087e-06 -2.01077087e-06 -0.000256796472 -0.000256796472 -0.000276895697 -0.000276895697 -0.0003768655773 1.974523603e-05 1.974523603e-05 -1.988482933e-05 -1.988482933e-05 -0.0001449562577 -0.0001115740901 3.249817562e-05 5.152013416e-05 5.152013416e-05 2.609945455e-05 1.627787232e-05 1.627787232e-05 1.885352858e-06 1.885352858e-06 2.231007689e-05 2.231007689e-05 2.462558539e-05 2.843912747e-05 0.000119831389 0.000119831389 4.575988352e-05 4.575988352e-05 0.0 0.0001619699681 0.0 4.018100641e-06 3.249817562e-05 3.249817562e-05 9.429571804e-06 -0.0001449562577 -0.0001449562577 -0.0002589446454 -0.0003768655773 -0.0002731210444 -0.0003768655773 2.462558539e-05 2.462558539e-05 -3.339348187e-05 -0.0001115740901 -0.0001115740901 -5.203318333e-05 2.609945455e-05 2.609945455e-05 3.149783814e-05 3.42320979e-05 3.149783814e-05 3.149783814e-05 2.72164993e-05 1.550694178e-05 2.72164993e-05 2.72164993e-05 2.843912747e-05 2.843912747e-05 1.76715724e-05 0.0001619699681 0.0001619699681 4.018100641e-06 4.018100641e-06 0.0 8.5587216e-05 0.0 9.429571804e-06 9.429571804e-06 -0.0002589446454 -0.0002589446454 -0.0002731210444 -0.0002731210444 -0.000332289619 -3.339348187e-05 -3.339348187e-05 -5.203318333e-05 -5.203318333e-05 -0.000166686874 -0.0001541702838 2.640586316e-05 3.42320979e-05 3.42320979e-05 2.767437668e-05 1.550694178e-05 1.550694178e-05 1.76715724e-05 1.76715724e-05 8.5587216e-05 8.5587216e-05 0.0 0.0001853279393 0.0 2.640586316e-05 2.640586316e-05 -0.000166686874 -0.000166686874 -0.000332289619 -0.0002566674532 -0.000332289619 3.069341568e-05 2.703589833e-05 -4.117290739e-05 1.995298193e-05 -4.117290739e-05 -4.117290739e-05 -0.0001541702838 -0.0001541702838 -6.815413108e-05 2.767437668e-05 2.767437668e-05 2.24512669e-05 2.596653217e-05 2.24512669e-05 2.24512669e-05 3.069341568e-05 3.069341568e-05 2.389546245e-05 0.0001853279393 0.0001853279393 0.0 0.0 9.258183861e-05 3.437745774e-05 4.728200908e-05 3.437745774e-05 3.437745774e-05 -0.0002566674532 -0.0002566674532 2.703589833e-05 2.703589833e-05 1.995298193e-05 1.995298193e-05 -6.815413108e-05 -6.815413108e-05 1.316761576e-05 2.596653217e-05 2.596653217e-05 1.246006603e-05 2.389546245e-05 2.389546245e-05 2.136396824e-05 4.013003987e-05 3.838094696e-05 9.258183861e-05 9.258183861e-05 0.0 0.0001548561408 0.0 4.728200908e-05 4.728200908e-05 2.02461969e-05 1.316761576e-05 1.316761576e-05 3.710977139e-05 -0.0001397523855 -0.0002287193528 -0.0001722741658 -0.0002287193528 -0.0002287193528 -0.0003007793997 4.013003987e-05 4.013003987e-05 -1.644955072e-05 2.924066945e-05 -1.644955072e-05 -1.644955072e-05 -0.0001397523855 -0.0001397523855 -5.727871676e-05 1.246006603e-05 1.246006603e-05 2.666457281e-05 2.136396824e-05 2.136396824e-05 2.626754849e-05 3.838094696e-05 3.838094696e-05 0.0001548561408 0.0001548561408 0.0 0.0 0.0001428268403 2.02461969e-05 2.02461969e-05 7.965114522e-05 3.710977139e-05 3.710977139e-05 -0.0001722741658 -0.0001722741658 -0.0002158184997 -0.0003007793997 -0.0002257528572 -0.0003007793997 2.924066945e-05 2.924066945e-05 -5.727871676e-05 -5.727871676e-05 2.666457281e-05 2.666457281e-05 2.626754849e-05 2.626754849e-05 3.128591852e-05 3.632749166e-05 2.579569384e-05 3.632749166e-05 3.632749166e-05 1.070935957e-05 3.796228422e-05 0.0001428268403 0.0001428268403 0.0 0.0001195385714 0.0 5.508384843e-05 4.915769941e-05 3.184866897e-05 7.965114522e-05 7.965114522e-05 5.508384843e-05 5.508384843e-05 -0.0002158184997 -0.0002158184997 -0.0002257528572 -0.0002257528572 -0.0002887562231 1.070935957e-05 1.070935957e-05 -9.035139746e-05 -1.789463508e-05 -9.035139746e-05 -9.035139746e-05 -0.0001598811298 -0.0001337336638 4.915769941e-05 4.915769941e-05 3.128591852e-05 3.128591852e-05 8.879106689e-06 2.579569384e-05 2.579569384e-05 3.796228422e-05 3.796228422e-05 0.0001195385714 0.0001195385714 0.0 0.0001222501613 6.992879695e-05 0.0 4.66386192e-05 3.184866897e-05 3.184866897e-05 3.94147793e-05 6.992879695e-05 6.992879695e-05 4.66386192e-05 4.66386192e-05 1.937409104e-05 -0.0001598811298 -0.0001598811298 -0.0002887562231 -0.0002220156851 -0.0002887562231 -1.789463508e-05 -1.789463508e-05 -0.0001337336638 -0.0001337336638 8.879106689e-06 8.879106689e-06 2.272105524e-05 2.166163705e-05 1.663351944e-05 2.166163705e-05 2.166163705e-05 1.187655559e-05 3.546731457e-05 1.187655559e-05 1.187655559e-05 -3.741156823e-05 8.470982179e-06 0.0 0.0001222501613 0.0001222501613 0.0002093343347 0.0 3.94147793e-05 3.94147793e-05 1.937409104e-05 1.937409104e-05 -0.0002220156851 -0.0002220156851 -3.741156823e-05 -3.741156823e-05 -0.000121016667 -7.844195242e-05 -0.000121016667 -0.000121016667 -0.0002021940308 -0.0001536111259 2.272105524e-05 2.272105524e-05 1.663351944e-05 1.663351944e-05 3.546731457e-05 3.546731457e-05 8.470982179e-06 8.470982179e-06 3.590941877e-05 0.0 0.0 0.0001585875097 0.0 0.0 0.000107049518 4.745029512e-05 -0.0002021940308 -0.0002021940308 -7.844195242e-05 -7.844195242e-05 -0.0001536111259 -0.0001536111259 2.707997783e-05 1.837046577e-05 -3.074170491e-05 6.793876891e-06 4.106849615e-05 0.0001226956185 0.0001637979895 0.0 0.0 7.997869428e-05 0.0 0.0 0.0 0.0 3.518526189e-05 0.0001389640016 0.0 0.0 0.0 0.0 -0.0002047625897 -0.0002961277416 -0.000126150996 2.247138693e-05 7.435020826e-06 -6.569221414e-05 -1.364567002e-05 6.011601529e-05 9.885638086e-05 0.0001084336342 3.958566374e-05 0.0001296162142 0.0 0.0 0.0001123249378 0.0 0.0 -0.0001659304421 -0.0002112717877 -0.0001167609254 -7.172732005e-05 1.388749197e-05 -3.239980988e-05 6.289143413e-05 8.569873761e-05 8.844032901e-05 3.262825448e-05 0.0001301271937 0.0 0.0 0.0001034852525 0.0 0.0 -0.0001566972152 -0.0002006577703 -0.000113676642 -6.639765434e-05 -6.528347897e-06 -3.421670805e-05 5.832949829e-05 6.836482512e-05 3.157449666e-05 7.396664916e-06 0.0001138704462 0.0 0.0 0.0 0.0 0.0001012507691 0.0 0.0 0.0 0.0 8.434692733e-05 0.0 0.0 0.0 0.0 0.0001003721406 0.0 0.0 -0.0001761491547 -0.0001274246671 -9.535743466e-05 -5.494275954e-05 -2.23850945e-05 5.650998064e-05 4.478321793e-05 1.631171212e-05 -9.455689918e-06 8.659073103e-05 8.82493528e-05 6.434619432e-05 4.433551835e-05 7.452777689e-05 0.0 8.884157808e-05 7.203856391e-05 0.0 0.0 0.0 0.0 0.0 -0.0001112289028 -0.0001466082185 0.0 8.046472135e-05 0.0 -7.235130499e-05 -4.164581138e-05 2.833987473e-05 2.89275097e-05 -1.722623991e-06 -2.471578195e-05 0.0 0.0 1.918184163e-05 6.248561717e-05 4.161890277e-05 6.289672728e-05 6.47012512e-05 5.864997053e-05 -8.49567439e-05 -0.0001087215198 -0.0001324535394 6.982656188e-05 0.0 0.0 -7.264104512e-05 -5.08333572e-05 4.815210239e-06 -2.070711957e-05 4.790692175e-06 0.0 0.0 5.556535303e-05 2.083666033e-05 4.68833605e-05 5.166127049e-05 4.324289442e-05 -8.876121504e-05 -0.0001249237513 0.0 0.0 5.751789536e-05 0.0 0.0 0.0 -5.948161326e-05 -7.293787842e-05 -3.742533499e-05 -1.458933251e-05 -5.867071943e-06 8.625107124e-06 4.3960115e-05 4.272008941e-05 2.324410115e-05 3.343618637e-05 -6.999643211e-05 -8.64693497e-05 -0.0001096864493 5.111557579e-05 4.356255493e-05 0.0 0.0 0.0 0.0 0.0 0.0 0.0 3.828787452e-05 0.0 0.0 3.549730597e-05 -5.409757615e-05 -3.069704738e-05 -5.246602783e-06 -1.981207059e-05 3.950173487e-06 3.560093415e-05 2.89830658e-05 1.709728007e-05 0.0 2.11766758e-05 0.0 0.0 0.0 1.126932276e-05 -5.901212383e-05 -8.173921279e-05 -0.0001003704494 3.28797988e-05 3.043039196e-05 2.969377186e-05 0.0 0.0 0.0 0.0 0.0 2.531157576e-05 -3.745630832e-05 -1.655456353e-05 3.780979312e-06 -9.395890986e-06 2.535591127e-05 1.436281014e-05 1.534167191e-05 7.914742348e-06 4.418266502e-06 -5.011164879e-05 -6.674771748e-05 -9.320911444e-05 1.813003071e-05 1.676912439e-05 1.524184901e-05 -3.224364773e-05 1.647187044e-07 -1.166501996e-05 -2.201885432e-05 1.001157287e-05 1.018903389e-05 4.095487209e-06 1.143459742e-06 -5.123601231e-05 -6.381555047e-05 -7.642415584e-05 1.123904417e-05 8.319977404e-06 8.462629385e-06 1.144606666e-05 7.899047261e-06 -4.995305668e-06 -3.34870167e-05 -1.434600587e-05 -2.253109338e-05 -1.395308109e-05 1.056152922e-06 3.841737488e-06 4.188452166e-06 -1.317684032e-07 -4.04943512e-05 -5.417026886e-05 -7.125639437e-05 2.859071254e-06 5.290341352e-06 3.140747733e-06 -9.366961673e-06 -2.651430158e-05 -1.792740787e-05 -5.560733234e-06 2.044235966e-06 1.251694052e-06 1.910495587e-07 -3.436563215e-05 -4.628855228e-05 -5.993425512e-05 -2.99077072e-07 -3.085322489e-06 -5.749493201e-07 -1.356601449e-05 -2.404601207e-05 -9.160868491e-06 -2.406412031e-06 -2.24471113e-07 2.684044649e-07 -2.850279111e-05 -3.873221882e-05 -5.048726696e-05 -5.243257749e-06 -1.833435839e-05 -1.149021926e-05 -3.761482263e-06 -1.26456177e-06 -1.976274937e-07 -2.229973749e-05 -2.994702764e-05 -3.982679599e-05 -8.254668674e-06 -1.493254878e-05 -4.48983503e-06 -2.358967245e-07 -2.062884321e-05 -3.188803325e-05 -1.0620427e-05 -4.218995123e-06 1.395946172e-07 -1.348703786e-05 -1.710390409e-05 -6.949959232e-06 -1.425782761e-06 -1.342386363e-05 -3.023133834e-06 
SCALARS εyy float64 1
LOOKUP_TABLE default
0.0 -1.716523862e-06 0.0 -1.716523862e-06 -1.716523862e-06 0.0 0.0 7.149243098e-06 0.0 0.0 0.0 -4.864276837e-05 -4.864276837e-05 -4.864276837e-05 0.0 0.0 7.149243098e-06 7.149243098e-06 6.997775891e-05 0.0 -3.810871823e-06 0.0 -3.810871823e-06 -3.810871823e-06 -4.037662362e-05 -9.561156889e-05 -4.037662362e-05 -4.037662362e-05 -5.609923009e-05 -3.722343549e-05 -5.307498321e-05 -3.722343549e-05 -3.722343549e-05 1.040781841e-06 -3.913767712e-05 6.997775891e-05 6.997775891e-05 1.040781841e-06 1.040781841e-06 -2.343866933e-05 0.0 0.0 0.0002097327439 0.0 1.561309735e-05 0.0 0.0 0.0 5.756986709e-07 0.0 0.0 0.0 0.0 -5.940318012e-06 0.0 -9.561156889e-05 -9.561156889e-05 -6.499404577e-05 -5.609923009e-05 -5.609923009e-05 -5.006620881e-05 -5.307498321e-05 -5.307498321e-05 -3.913767712e-05 -3.913767712e-05 -2.343866933e-05 -2.343866933e-05 2.927508717e-05 0.0002097327439 5.883076721e-05 0.0002097327439 0.0 -5.316866713e-06 0.0 1.561309735e-05 1.561309735e-05 5.756986709e-07 5.756986709e-07 -5.940318012e-06 -5.940318012e-06 2.086287418e-06 -1.830050119e-05 -6.499404577e-05 -6.499404577e-05 -5.006620881e-05 -5.006620881e-05 0.0 0.0 0.0 -4.085663846e-05 -5.021284167e-05 -4.085663846e-05 -4.085663846e-05 -2.675062787e-05 -5.967390693e-05 -2.675062787e-05 -2.675062787e-05 -4.748724589e-05 2.927508717e-05 2.927508717e-05 2.658122567e-05 5.883076721e-05 5.883076721e-05 0.0001972636015 0.0 0.0 -8.992378307e-06 -5.316866713e-06 -5.316866713e-06 -2.223098578e-06 -8.992378307e-06 -8.992378307e-06 -3.594427326e-05 2.086287418e-06 2.086287418e-06 -3.483174683e-05 -1.830050119e-05 -1.830050119e-05 -5.145671083e-05 -0.0001025852089 -5.145671083e-05 -5.145671083e-05 -3.690840701e-05 -5.023590786e-05 -3.690840701e-05 -3.690840701e-05 8.389003691e-06 -1.499572752e-05 0.0 -1.829834088e-05 0.0 8.389003691e-06 8.389003691e-06 -5.021284167e-05 -5.021284167e-05 1.021634109e-05 -5.967390693e-05 -5.967390693e-05 -4.500121261e-05 -4.748724589e-05 -4.748724589e-05 2.658122567e-05 2.658122567e-05 0.0001972636015 1.401791481e-05 0.0001972636015 -1.829834088e-05 -1.829834088e-05 -2.223098578e-06 -2.223098578e-06 -8.325472553e-06 -3.594427326e-05 -3.594427326e-05 -3.483174683e-05 -3.483174683e-05 -9.064828418e-05 -0.0001025852089 -0.0001025852089 -3.179483363e-05 -5.023590786e-05 -5.023590786e-05 -1.499572752e-05 -1.499572752e-05 1.560423747e-05 3.197071901e-05 3.695175605e-05 0.0 -8.076571588e-05 0.0 1.560423747e-05 1.560423747e-05 2.638128863e-05 1.021634109e-05 1.021634109e-05 -5.118997119e-07 -4.500121261e-05 -4.500121261e-05 -2.675606708e-05 -2.838532516e-05 -2.675606708e-05 -2.675606708e-05 1.401791481e-05 1.401791481e-05 0.0001273952226 -8.076571588e-05 -8.076571588e-05 -8.325472553e-06 -8.325472553e-06 8.007634128e-06 -4.669024286e-05 -1.102887893e-05 -4.669024286e-05 -4.669024286e-05 -9.064828418e-05 -9.064828418e-05 -4.746213264e-06 -3.179483363e-05 -3.179483363e-05 2.714881288e-06 -1.310321233e-05 2.714881288e-06 2.714881288e-06 3.197071901e-05 3.197071901e-05 1.158953035e-05 3.695175605e-05 3.695175605e-05 0.0 -1.787931607e-05 0.0 1.889302216e-05 2.378306682e-05 2.638128863e-05 2.638128863e-05 2.120614324e-05 -5.118997119e-07 -5.118997119e-07 -2.838532516e-05 -2.838532516e-05 3.054966696e-05 5.868209239e-05 -1.454047904e-05 5.868209239e-05 5.868209239e-05 0.0001273952226 2.731256598e-05 0.0001273952226 -1.787931607e-05 -1.787931607e-05 8.007634128e-06 8.007634128e-06 -1.102887893e-05 -1.102887893e-05 -4.746213264e-06 -4.746213264e-06 -1.310321233e-05 -1.310321233e-05 1.158953035e-05 1.158953035e-05 8.588542378e-06 4.813713262e-05 1.889302216e-05 1.889302216e-05 0.0 -6.366282462e-05 0.0 2.378306682e-05 2.378306682e-05 2.120614324e-05 2.120614324e-05 1.872926268e-05 2.520854119e-05 1.343806558e-05 2.520854119e-05 2.520854119e-05 3.054966696e-05 3.054966696e-05 5.843594449e-06 -1.454047904e-05 -1.454047904e-05 2.731256598e-05 2.731256598e-05 0.000149736712 -6.366282462e-05 -6.366282462e-05 3.701184194e-06 3.701184194e-06 3.701184194e-06 -4.478289716e-06 -1.072528498e-05 -4.478289716e-06 -4.478289716e-06 8.588542378e-06 8.588542378e-06 2.238795258e-05 4.813713262e-05 4.813713262e-05 2.281022963e-05 2.039079049e-05 2.281022963e-05 2.281022963e-05 2.424009661e-05 2.713709837e-05 0.0 -7.060579033e-05 0.0 2.424009661e-05 2.424009661e-05 1.010847965e-05 1.872926268e-05 1.872926268e-05 1.424630042e-05 1.343806558e-05 1.343806558e-05 5.843594449e-06 5.843594449e-06 2.263693196e-05 0.000112880437 -6.815133946e-06 0.000112880437 0.000112880437 0.000149736712 3.293364996e-05 0.000149736712 -7.060579033e-05 -7.060579033e-05 -1.822157769e-05 -1.822157769e-05 -1.822157769e-05 8.62775968e-06 -1.072528498e-05 -1.072528498e-05 3.593308627e-05 2.238795258e-05 2.238795258e-05 1.262316098e-05 2.039079049e-05 2.039079049e-05 2.460453458e-05 2.713709837e-05 2.713709837e-05 0.0 -7.116219327e-05 0.0 1.010847965e-05 1.010847965e-05 1.424630042e-05 1.424630042e-05 8.610257045e-06 6.590939314e-07 8.610257045e-06 8.610257045e-06 2.263693196e-05 2.263693196e-05 1.838624766e-05 -6.815133946e-06 -6.815133946e-06 3.293364996e-05 3.293364996e-05 0.0001671140308 1.07009212e-05 -7.116219327e-05 -7.116219327e-05 8.62775968e-06 8.62775968e-06 3.593308627e-05 3.593308627e-05 -1.800371806e-05 1.262316098e-05 1.262316098e-05 1.255564149e-05 2.460453458e-05 2.460453458e-05 3.209146322e-05 2.790476192e-05 3.209146322e-05 3.209146322e-05 -1.882380902e-05 3.118165787e-05 0.0 -3.004670518e-05 0.0 1.07009212e-05 1.07009212e-05 6.590939314e-07 6.590939314e-07 -1.841436054e-05 1.838624766e-05 1.838624766e-05 3.877913612e-06 0.0001191158148 6.399043704e-06 0.0001191158148 0.0001191158148 0.0001671140308 2.475840796e-05 0.0001671140308 -1.882380902e-05 -1.882380902e-05 -3.004670518e-05 -3.004670518e-05 2.214533208e-05 2.214533208e-05 2.214533208e-05 -2.018977133e-05 -1.800371806e-05 -1.800371806e-05 1.470254144e-05 1.255564149e-05 1.255564149e-05 2.790476192e-05 2.790476192e-05 1.642517185e-05 3.619302392e-05 3.118165787e-05 3.118165787e-05 0.0 -8.283263908e-05 0.0 -1.841436054e-05 -1.841436054e-05 3.877913612e-06 3.877913612e-06 6.399043704e-06 6.399043704e-06 2.475840796e-05 2.475840796e-05 0.0001769909161 -4.431912327e-06 -1.688601458e-05 -2.650767869e-05 -8.423971659e-05 -2.650767869e-05 -2.650767869e-05 -1.462087122e-05 -4.656525705e-05 -8.283263908e-05 -8.283263908e-05 -2.018977133e-05 -2.018977133e-05 1.470254144e-05 1.470254144e-05 1.642517185e-05 1.642517185e-05 3.276851192e-05 3.619302392e-05 3.619302392e-05 -4.431912327e-06 -4.431912327e-06 4.019622758e-05 0.0 -2.944470629e-05 0.0 -1.462087122e-05 -1.462087122e-05 -9.505052609e-06 1.594793234e-06 -9.505052609e-06 -9.505052609e-06 9.767071139e-05 2.658249831e-05 9.767071139e-05 9.767071139e-05 0.0001769909161 3.141475326e-05 0.0001769909161 -1.688601458e-05 -1.688601458e-05 -8.423971659e-05 -8.423971659e-05 -4.656525705e-05 -4.656525705e-05 -2.944470629e-05 -2.944470629e-05 1.850487821e-05 1.850487821e-05 1.850487821e-05 2.509850604e-05 3.276851192e-05 3.276851192e-05 3.2711692e-05 4.019622758e-05 4.019622758e-05 0.0 -8.456779833e-05 0.0 1.594793234e-06 1.594793234e-06 2.658249831e-05 2.658249831e-05 3.141475326e-05 3.141475326e-05 0.0001500379449 1.107858856e-05 -8.708681472e-05 -3.909781249e-05 -8.708681472e-05 -8.708681472e-05 -7.183864325e-05 -2.373476579e-05 -7.183864325e-05 -7.183864325e-05 -6.543199472e-05 -7.978954417e-06 -6.543199472e-05 -6.543199472e-05 1.19709705e-06 -3.379230688e-06 -8.456779833e-05 -8.456779833e-05 2.509850604e-05 2.509850604e-05 3.2711692e-05 3.2711692e-05 4.141937783e-05 1.107858856e-05 1.107858856e-05 2.148279628e-05 0.0 -3.001556416e-05 0.0 1.19709705e-06 1.19709705e-06 2.587934772e-05 -1.403721174e-05 2.587934772e-05 2.587934772e-05 7.567703134e-05 0.0001500379449 3.080022402e-05 0.0001500379449 -3.909781249e-05 -3.909781249e-05 -2.373476579e-05 -2.373476579e-05 -7.978954417e-06 -7.978954417e-06 -3.379230688e-06 -3.379230688e-06 9.096737192e-06 -3.001556416e-05 -3.001556416e-05 1.225378207e-05 1.225378207e-05 1.225378207e-05 4.141937783e-05 4.141937783e-05 1.906434588e-05 2.148279628e-05 2.148279628e-05 -0.0001423384839 -2.725169302e-05 0.0 -3.9991197e-05 0.0 -1.403721174e-05 -1.403721174e-05 7.567703134e-05 7.567703134e-05 3.080022402e-05 3.080022402e-05 0.000130751976 -0.0001423384839 -0.0001423384839 -0.0001352358117 -7.273868401e-05 -4.956817255e-06 -7.273868401e-05 -7.273868401e-05 9.821362341e-06 9.096737192e-06 9.096737192e-06 -7.447676777e-07 -3.9991197e-05 -3.9991197e-05 1.906434588e-05 1.906434588e-05 -3.644253973e-05 -2.725169302e-05 -2.725169302e-05 -0.0001424234698 0.0 -6.950949692e-05 0.0 7.612493267e-06 7.612493267e-06 7.612493267e-06 2.440509897e-05 8.327015735e-06 2.440509897e-05 2.440509897e-05 0.000130751976 5.894695038e-05 0.000130751976 -0.0001352358117 -0.0001352358117 -4.956817255e-06 -4.956817255e-06 9.821362341e-06 9.821362341e-06 -7.447676777e-07 -7.447676777e-07 -6.950949692e-05 -6.950949692e-05 -3.644253973e-05 -3.644253973e-05 -0.0001058293865 -0.0001424234698 -0.0001424234698 -9.133846093e-06 -7.357786977e-05 0.0 -6.046778502e-05 0.0 2.519928558e-06 -2.055676259e-05 -2.443456735e-05 -2.055676259e-05 -2.055676259e-05 8.327015735e-06 8.327015735e-06 -2.838367014e-05 5.894695038e-05 5.894695038e-05 9.427250992e-05 -9.133846093e-06 -9.133846093e-06 7.974799067e-06 5.737088136e-06 4.835551037e-05 5.737088136e-06 5.737088136e-06 1.895123237e-05 4.858367593e-05 1.895123237e-05 1.895123237e-05 2.519928558e-06 2.519928558e-06 1.679648225e-05 -6.046778502e-05 -6.046778502e-05 -0.0001058293865 -0.0001058293865 1.211702157e-05 -7.357786977e-05 -7.357786977e-05 -1.265148896e-05 0.0 -3.877027113e-05 0.0 -2.443456735e-05 -2.443456735e-05 -2.838367014e-05 -2.838367014e-05 2.634329504e-05 9.427250992e-05 3.39494404e-05 9.427250992e-05 7.974799067e-06 7.974799067e-06 4.835551037e-05 4.835551037e-05 4.858367593e-05 4.858367593e-05 5.062614021e-05 4.10140831e-05 1.679648225e-05 1.679648225e-05 -3.877027113e-05 -3.877027113e-05 1.211702157e-05 1.211702157e-05 -1.265148896e-05 -1.265148896e-05 4.452740785e-05 2.651494321e-05 0.0 -9.038920274e-06 0.0 1.771804457e-05 1.527567827e-05 -8.340641503e-06 1.437515073e-05 -8.340641503e-06 -8.340641503e-06 2.634329504e-05 2.634329504e-05 -3.941728185e-06 3.39494404e-05 3.39494404e-05 4.452740785e-05 4.452740785e-05 5.062614021e-05 5.062614021e-05 4.456560639e-05 4.10140831e-05 4.10140831e-05 1.771804457e-05 1.771804457e-05 3.431772421e-05 -9.038920274e-06 -9.038920274e-06 2.651494321e-05 2.651494321e-05 0.0 -8.223711699e-05 0.0 4.605149863e-05 0.0001178877858 1.527567827e-05 1.527567827e-05 1.437515073e-05 1.437515073e-05 -3.941728185e-06 -3.941728185e-06 2.95180432e-05 4.605149863e-05 4.605149863e-05 2.679553803e-05 4.456560639e-05 4.456560639e-05 3.431772421e-05 3.431772421e-05 3.200029106e-05 1.760454375e-05 1.398599193e-05 -8.223711699e-05 -8.223711699e-05 3.347499344e-05 3.621145319e-05 3.347499344e-05 3.347499344e-05 4.16618063e-05 4.249599381e-05 0.0 -3.413964833e-06 0.0 0.0001178877858 0.0001178877858 1.760454375e-05 1.760454375e-05 1.043874208e-05 1.894633633e-06 1.043874208e-05 1.043874208e-05 2.95180432e-05 2.95180432e-05 6.199162948e-06 2.679553803e-05 2.679553803e-05 4.151359954e-05 9.58074284e-05 4.16618063e-05 4.16618063e-05 3.793779166e-05 3.200029106e-05 3.200029106e-05 2.196448399e-05 1.398599193e-05 1.398599193e-05 -3.413964833e-06 -3.413964833e-06 3.621145319e-05 3.621145319e-05 1.395644602e-05 4.249599381e-05 4.249599381e-05 4.221432186e-05 0.0 -4.001474433e-05 0.0 4.151359954e-05 4.151359954e-05 0.0001313736155 1.894633633e-06 1.894633633e-06 6.199162948e-06 6.199162948e-06 9.58074284e-05 9.58074284e-05 3.793779166e-05 3.793779166e-05 2.196448399e-05 2.196448399e-05 1.713664256e-05 1.209308231e-05 -2.232165481e-05 1.209308231e-05 1.209308231e-05 6.870762779e-06 -8.214567211e-06 -4.001474433e-05 -4.001474433e-05 1.395644602e-05 1.395644602e-05 1.584244414e-06 4.221432186e-05 4.221432186e-05 0.0 -5.291312035e-05 0.0 3.325798409e-05 2.002864745e-05 -8.104073739e-06 3.609493358e-05 0.0001313736155 6.473123128e-05 0.0001313736155 6.870762779e-06 6.870762779e-06 -2.225694638e-06 1.379746995e-05 -2.225694638e-06 -2.225694638e-06 3.609493358e-05 3.609493358e-05 4.078064255e-05 2.002864745e-05 2.002864745e-05 1.713664256e-05 1.713664256e-05 -7.522681862e-05 -2.232165481e-05 -2.232165481e-05 -8.214567211e-06 -8.214567211e-06 -5.291312035e-05 -5.291312035e-05 1.584244414e-06 1.584244414e-06 3.325798409e-05 3.325798409e-05 0.0 -3.083430726e-05 0.0 1.950403264e-07 -8.104073739e-06 -8.104073739e-06 -0.0001042799154 6.473123128e-05 6.473123128e-05 1.379746995e-05 1.379746995e-05 4.078064255e-05 4.078064255e-05 -7.522681862e-05 -7.522681862e-05 -0.0001223322403 -9.386041475e-05 -3.2301734e-05 -9.386041475e-05 -9.386041475e-05 -5.141729426e-05 -1.074902176e-05 -5.141729426e-05 -5.141729426e-05 1.094750936e-05 7.4831061e-06 -3.083430726e-05 -3.083430726e-05 1.970378979e-05 1.970378979e-05 1.970378979e-05 1.950403264e-07 1.950403264e-07 -5.466683891e-05 0.0 -4.419685962e-05 0.0 -0.0001042799154 -0.0001042799154 4.153700956e-05 6.203547932e-05 2.674772432e-05 6.203547932e-05 6.203547932e-05 0.0001068886885 1.094750936e-05 1.094750936e-05 4.153700956e-05 4.153700956e-05 4.853363034e-06 -0.0001167105355 -0.0001223322403 -0.0001223322403 -3.683403273e-05 -3.2301734e-05 -3.2301734e-05 -1.074902176e-05 -1.074902176e-05 7.4831061e-06 7.4831061e-06 -4.419685962e-05 -4.419685962e-05 -5.466683891e-05 -5.466683891e-05 0.0 -4.530445978e-05 0.0 -5.383540184e-05 -0.0001167105355 -0.0001167105355 -1.65313951e-05 2.674772432e-05 2.674772432e-05 6.475751047e-05 0.0001068886885 3.247751648e-05 0.0001068886885 -7.493567948e-06 -2.820608759e-05 4.853363034e-06 4.853363034e-06 -1.868010436e-05 -3.683403273e-05 -3.683403273e-05 -2.431327119e-05 -2.419091082e-05 1.272772465e-05 -2.419091082e-05 -2.419091082e-05 -2.133752469e-05 4.637513001e-06 -2.133752469e-05 -2.133752469e-05 -7.493567948e-06 -7.493567948e-06 -1.915160068e-05 -4.530445978e-05 -4.530445978e-05 -5.383540184e-05 -5.383540184e-05 -3.011524478e-05 0.0 -4.108439569e-05 0.0 -1.65313951e-05 -1.65313951e-05 6.475751047e-05 6.475751047e-05 3.247751648e-05 3.247751648e-05 9.547516503e-05 -2.820608759e-05 -2.820608759e-05 -1.868010436e-05 -1.868010436e-05 5.750665337e-06 1.131180685e-05 -1.860131807e-05 -2.431327119e-05 -2.431327119e-05 2.354830663e-05 1.272772465e-05 1.272772465e-05 4.637513001e-06 4.637513001e-06 -1.915160068e-05 -1.915160068e-05 -3.533589064e-05 -1.454683459e-05 -4.108439569e-05 -4.108439569e-05 -3.011524478e-05 -3.011524478e-05 0.0 -5.188559085e-05 0.0 -7.226815798e-06 -1.860131807e-05 -1.860131807e-05 3.106923916e-05 5.750665337e-06 5.750665337e-06 5.784711515e-05 9.547516503e-05 3.038603974e-05 9.547516503e-05 -3.533589064e-05 -3.533589064e-05 4.495390763e-07 1.131180685e-05 1.131180685e-05 -1.917514723e-05 2.354830663e-05 2.354830663e-05 1.552425071e-05 2.920237861e-05 1.552425071e-05 1.552425071e-05 2.439633474e-06 2.91724035e-05 2.439633474e-06 2.439633474e-06 -1.454683459e-05 -1.454683459e-05 9.603488757e-06 -5.188559085e-05 -5.188559085e-05 -7.226815798e-06 -7.226815798e-06 0.0 5.193122205e-06 0.0 3.106923916e-05 3.106923916e-05 5.784711515e-05 5.784711515e-05 3.038603974e-05 3.038603974e-05 8.195306785e-05 4.495390763e-07 4.495390763e-07 -1.917514723e-05 -1.917514723e-05 8.309053509e-06 2.883418394e-05 2.182236789e-05 2.920237861e-05 2.920237861e-05 2.620822228e-05 2.91724035e-05 2.91724035e-05 9.603488757e-06 9.603488757e-06 5.193122205e-06 5.193122205e-06 0.0 -7.056115e-05 0.0 2.182236789e-05 2.182236789e-05 8.309053509e-06 8.309053509e-06 8.195306785e-05 4.633004953e-05 8.195306785e-05 1.295407646e-05 1.236109515e-05 1.005912854e-05 -5.162315659e-06 1.005912854e-05 1.005912854e-05 2.883418394e-05 2.883418394e-05 1.977140673e-06 2.620822228e-05 2.620822228e-05 2.96523114e-05 2.970965842e-05 2.96523114e-05 2.96523114e-05 1.295407646e-05 1.295407646e-05 2.365810922e-05 -7.056115e-05 -7.056115e-05 0.0 0.0 8.699195769e-06 2.406978511e-05 2.832914839e-05 2.406978511e-05 2.406978511e-05 4.633004953e-05 4.633004953e-05 1.236109515e-05 1.236109515e-05 -5.162315659e-06 -5.162315659e-06 1.977140673e-06 1.977140673e-06 2.969316834e-05 2.970965842e-05 2.970965842e-05 2.757020229e-05 2.365810922e-05 2.365810922e-05 1.564823311e-05 6.538456329e-06 4.898620291e-06 8.699195769e-06 8.699195769e-06 0.0 -3.348646735e-05 0.0 2.832914839e-05 2.832914839e-05 2.453362792e-05 2.969316834e-05 2.969316834e-05 -2.054346592e-05 4.298889681e-05 4.559779581e-05 3.03654216e-05 4.559779581e-05 4.559779581e-05 7.119156812e-05 6.538456329e-06 6.538456329e-06 2.5395499e-05 2.052769581e-05 2.5395499e-05 2.5395499e-05 4.298889681e-05 4.298889681e-05 1.998497934e-05 2.757020229e-05 2.757020229e-05 -1.893625333e-06 1.564823311e-05 1.564823311e-05 -3.412907557e-06 4.898620291e-06 4.898620291e-06 -3.348646735e-05 -3.348646735e-05 0.0 0.0 -2.064296151e-05 2.453362792e-05 2.453362792e-05 -4.391463544e-05 -2.054346592e-05 -2.054346592e-05 3.03654216e-05 3.03654216e-05 6.311504089e-05 7.119156812e-05 3.689814754e-05 7.119156812e-05 2.052769581e-05 2.052769581e-05 1.998497934e-05 1.998497934e-05 -1.893625333e-06 -1.893625333e-06 -3.412907557e-06 -3.412907557e-06 -3.61505696e-05 7.756446548e-06 2.056992967e-06 7.756446548e-06 7.756446548e-06 2.862070364e-05 1.027621069e-05 -2.064296151e-05 -2.064296151e-05 0.0 -1.703027176e-05 0.0 -0.0001012339798 -8.152119977e-05 -5.090831178e-05 -4.391463544e-05 -4.391463544e-05 -0.0001012339798 -0.0001012339798 6.311504089e-05 6.311504089e-05 3.689814754e-05 3.689814754e-05 7.117743743e-05 2.862070364e-05 2.862070364e-05 3.919623752e-05 1.365301273e-05 3.919623752e-05 3.919623752e-05 3.130984811e-05 3.622130387e-05 -8.152119977e-05 -8.152119977e-05 -3.61505696e-05 -3.61505696e-05 -7.698927961e-06 2.056992967e-06 2.056992967e-06 1.027621069e-05 1.027621069e-05 -1.703027176e-05 -1.703027176e-05 0.0 -5.572103098e-05 -7.176003205e-05 0.0 -6.568113455e-05 -5.090831178e-05 -5.090831178e-05 -1.677400265e-05 -7.176003205e-05 -7.176003205e-05 -6.568113455e-05 -6.568113455e-05 -1.303597905e-05 3.130984811e-05 3.130984811e-05 7.117743743e-05 4.354933558e-05 7.117743743e-05 1.365301273e-05 1.365301273e-05 3.622130387e-05 3.622130387e-05 -7.698927961e-06 -7.698927961e-06 2.311283282e-06 2.391592483e-07 3.154922993e-06 2.391592483e-07 2.391592483e-07 6.737016577e-06 -1.191661942e-05 6.737016577e-06 6.737016577e-06 1.385411381e-05 -6.915398717e-06 0.0 -5.572103098e-05 -5.572103098e-05 -3.65715084e-05 0.0 -1.677400265e-05 -1.677400265e-05 -1.303597905e-05 -1.303597905e-05 4.354933558e-05 4.354933558e-05 1.385411381e-05 1.385411381e-05 2.906596765e-05 1.392825968e-05 2.906596765e-05 2.906596765e-05 4.122924251e-05 2.929829333e-05 2.311283282e-06 2.311283282e-06 3.154922993e-06 3.154922993e-06 -1.191661942e-05 -1.191661942e-05 -6.915398717e-06 -6.915398717e-06 1.176150532e-05 0.0 0.0 -3.126004571e-05 0.0 0.0 2.41712576e-06 2.053215147e-05 4.122924251e-05 4.122924251e-05 1.392825968e-05 1.392825968e-05 2.929829333e-05 2.929829333e-05 3.118229973e-06 -1.484435262e-06 -2.558954381e-06 -9.116268443e-06 8.194554676e-06 -1.720465542e-05 -3.172254016e-05 0.0 0.0 1.859755196e-06 0.0 0.0 0.0 0.0 2.405249895e-06 -2.870063069e-05 0.0 0.0 0.0 0.0 4.644824826e-05 6.77489461e-05 2.554672909e-05 -2.708871039e-06 -7.228371981e-06 5.548928557e-06 -7.585387718e-06 -7.654050778e-07 -1.428800415e-05 -2.048063437e-05 -3.096085998e-06 -2.558239241e-05 0.0 0.0 -2.301130447e-05 0.0 0.0 3.174856824e-05 4.208254927e-05 1.829056373e-05 7.199150725e-06 -6.805170639e-06 -1.925103478e-06 -7.969083597e-06 -1.463744652e-05 -1.755656687e-05 -7.656473414e-06 -2.824743015e-05 0.0 0.0 -2.203507075e-05 0.0 0.0 2.599563781e-05 3.714055927e-05 1.615158247e-05 5.777168256e-06 -2.659743045e-06 -4.298158613e-07 -1.032057861e-05 -1.343209764e-05 -7.453618425e-06 -4.965577829e-06 -2.331563877e-05 0.0 0.0 0.0 0.0 -2.020560524e-05 0.0 0.0 0.0 0.0 -1.597931887e-05 0.0 0.0 0.0 0.0 -2.050459928e-05 0.0 0.0 3.753603059e-05 2.533239238e-05 1.552408357e-05 4.937771951e-06 -8.626100849e-07 -1.285095348e-05 -9.958196998e-06 -5.364567968e-06 -2.230232624e-06 -1.706737641e-05 -1.831607061e-05 -1.315336589e-05 -1.007135596e-05 -1.481547271e-05 0.0 -1.750594854e-05 -1.261599007e-05 0.0 0.0 0.0 0.0 0.0 2.151875957e-05 3.063084507e-05 0.0 -1.861865698e-05 0.0 1.098682699e-05 5.15033581e-06 -7.647564528e-06 -6.798266522e-06 -1.989302794e-06 1.758126212e-06 0.0 0.0 -4.969719754e-06 -1.403976513e-05 -8.021937795e-06 -1.145677239e-05 -1.360569603e-05 -1.132552434e-05 1.676683361e-05 2.137975782e-05 2.823193606e-05 -1.566177374e-05 0.0 0.0 1.442640088e-05 7.824706812e-06 -3.523624804e-06 1.869656629e-06 -2.657643796e-06 0.0 0.0 -1.213704941e-05 -5.680229034e-06 -1.091959918e-05 -1.030573417e-05 -9.410435523e-06 1.802663338e-05 2.432913738e-05 0.0 0.0 -1.161935159e-05 0.0 0.0 0.0 1.07222061e-05 1.359203538e-05 6.897438167e-06 5.969363822e-07 1.006412456e-06 -2.064016929e-06 -8.336701893e-06 -8.794076362e-06 -5.289745025e-06 -6.956512403e-06 1.410807639e-05 1.745947799e-05 2.375332738e-05 -1.010859072e-05 -8.440333436e-06 0.0 0.0 0.0 0.0 0.0 0.0 0.0 -8.592874942e-06 0.0 0.0 -6.753606203e-06 1.042361914e-05 5.310714931e-06 1.099724912e-06 3.441749839e-06 -1.194582521e-06 -6.609663655e-06 -5.848713786e-06 -3.518681855e-06 0.0 -5.094643739e-06 0.0 0.0 0.0 -2.615433802e-06 1.112031525e-05 1.610932595e-05 1.907762916e-05 -6.311990147e-06 -6.077711406e-06 -5.706763056e-06 0.0 0.0 0.0 0.0 0.0 -4.576358806e-06 6.822382971e-06 2.875547243e-06 -1.309823195e-06 1.200845134e-06 -4.969625057e-06 -3.351480104e-06 -2.618896521e-06 -1.410972047e-06 -9.227209478e-07 1.004122293e-05 1.310555501e-05 1.985762166e-05 -3.51685634e-06 -3.063146548e-06 -2.811021136e-06 5.605722084e-06 -1.854775144e-07 2.334958281e-06 4.005871628e-06 -2.111038764e-06 -1.686970941e-06 -6.860116197e-07 -2.191011135e-07 1.075920879e-05 1.309030867e-05 1.490205171e-05 -2.025064703e-06 -1.552059557e-06 -1.666735236e-06 -2.424539458e-06 -1.636640757e-06 1.307039506e-06 6.395018997e-06 2.990395077e-06 4.528009966e-06 2.565128729e-06 -1.931734006e-07 -5.810101401e-07 -5.039957074e-07 -7.411562472e-09 8.379187215e-06 1.15199688e-05 1.41512107e-05 -5.212206595e-07 -7.263854363e-07 -5.58060964e-07 2.076462496e-06 5.157486509e-06 3.355206229e-06 1.144024103e-06 -2.274992354e-07 -3.061633693e-07 -1.409186806e-08 7.065055727e-06 9.276871552e-06 1.148631516e-05 8.0294878e-08 6.324187552e-07 6.003435011e-08 2.905932381e-06 4.823990198e-06 1.960328779e-06 4.168176391e-07 1.2783723e-07 -1.573110253e-07 5.297817794e-06 7.506477715e-06 9.84376934e-06 8.458186615e-07 3.533824747e-06 2.480887166e-06 7.189157022e-07 4.073822648e-07 2.069483082e-07 4.163081842e-06 5.747605459e-06 7.951988587e-06 1.863773125e-06 3.097575125e-06 6.482823871e-07 4.36404439e-08 3.790114949e-06 6.805979542e-06 2.209567162e-06 8.955616087e-07 6.64133752e-08 2.692126855e-06 3.611945675e-06 1.754108289e-06 3.388144837e-07 2.068734236e-06 5.574647619e-07 
SCALARS εzz float64 1
LOOKUP_TABLE default
0.0 0.0 0.0 0.0 0.0 0.0 0.0 0.0 0.0 0.0 0.0 0.0 0.0 0.0 0.0 0.0 0.0 0.0 0.0 0.0 0.0 0.0 0.0 0.0 0.0 0.0 0.0 0.0 0.0 0.0 0.0 0.0 0.0 0.0 0.0 0.0 0.0 0.0 0.0 0.0 0.0 0.0 0.0 0.0 0.0 0.0 0.0 0.0 0.0 0.0 0.0 0.0 0.0 0.0 0.0 0.0 0.0 0.0 0.0 0.0 0.0 0.0 0.0 0.0 0.0 0.0 0.0 0.0 0.0 0.0 0.0 0.0 0.0 0.0 0.0 0.0 0.0 0.0 0.0 0.0 0.0 0.0 0.0 0.0 0.0 0.0 0.0 0.0 0.0 0.0 0.0 0.0 0.0 0.0 0.0 0.0 0.0 0.0 0.0 0.0 0.0 0.0 0.0 0.0 0.0 0.0 0.0 0.0 0.0 0.0 0.0 0.0 0.0 0.0 0.0 0.0 0.0 0.0 0.0 0.0 0.0 0.0 0.0 0.0 0.0 0.0 0.0 0.0 0.0 0.0 0.0 0.0 0.0 0.0 0.0 0.0 0.0 0.0 0.0 0.0 0.0 0.0 0.0 0.0 0.0 0.0 0.0 0.0 0.0 0.0 0.0 0.0 0.0 0.0 0.0 0.0 0.0 0.0 0.0 0.0 0.0 0.0 0.0 0.0 0.0 0.0 0.0 0.0 0.0 0.0 0.0 0.0 0.0 0.0 0.0 0.0 0.0 0.0 0.0 0.0 0.0 0.0 0.0 0.0 0.0 0.0 0.0 0.0 0.0 0.0 0.0 0.0 0.0 0.0 0.0 0.0 0.0 0.0 0.0 0.0 0.0 0.0 0.0 0.0 0.0 0.0 0.0 0.0 0.0 0.0 0.0 0.0 0.0 0.0 0.0 0.0 0.0 0.0 0.0 0.0 0.0 0.0 0.0 0.0 0.0 0.0 0.0 0.0 0.0 0.0 0.0 0.0 0.0 0.0 0.0 0.0 0.0 0.0 0.0 0.0 0.0 0.0 0.0 0.0 0.0 0.0 0.0 0.0 0.0 0.0 0.0 0.0 0.0 0.0 0.0 0.0 0.0 0.0 0.0 0.0 0.0 0.0 0.0 0.0 0.0 0.0 0.0 0.0 0.0 0.0 0.0 0.0 0.0 0.0 0.0 0.0 0.0 0.0 0.0 0.0 0.0 0.0 0.0 0.0 0.0 0.0 0.0 0.0 0.0 0.0 0.0 0.0 0.0 0.0 0.0 0.0 0.0 0.0 0.0 0.0 0.0 0.0 0.0 0.0 0.0 0.0 0.0 0.0 0.0 0.0 0.0 0.0 0.0 0.0 0.0 0.0 0.0 0.0 0.0 0.0 0.0 0.0 0.0 0.0 0.0 0.0 0.0 0.0 0.0 0.0 0.0 0.0 0.0 0.0 0.0 0.0 0.0 0.0 0.0 0.0 0.0 0.0 0.0 0.0 0.0 0.0 0.0 0.0 0.0 0.0 0.0 0.0 0.0 0.0 0.0 0.0 0.0 0.0 0.0 0.0 0.0 0.0 0.0 0.0 0.0 0.0 0.0 0.0 0.0 0.0 0.0 0.0 0.0 0.0 0.0 0.0 0.0 0.0 0.0 0.0 0.0 0.0 0.0 0.0 0.0 0.0 0.0 0.0 0.0 0.0 0.0 0.0 0.0 0.0 0.0 0.0 0.0 0.0 0.0 0.0 0.0 0.0 0.0 0.0 0.0 0.0 0.0 0.0 0.0 0.0 0.0 0.0 0.0 0.0 0.0 0.0 0.0 0.0 0.0 0.0 0.0 0.0 0.0 0.0 0.0 0.0 0.0 0.0 0.0 0.0 0.0 0.0 0.0 0.0 0.0 0.0 0.0 0.0 0.0 0.0 0.0 0.0 0.0 0.0 0.0 0.0 0.0 0.0 0.0 0.0 0.0 0.0 0.0 0.0 0.0 0.0 0.0 0.0 0.0 0.0 0.0 0.0 0.0 0.0 0.0 0.0 0.0 0.0 0.0 0.0 0.0 0.0 0.0 0.0 0.0 0.0 0.0 0.0 0.0 0.0 0.0 0.0 0.0 0.0 0.0 0.0 0.0 0.0 0.0 0.0 0.0 0.0 0.0 0.0 0.0 0.0 0.0 0.0 0.0 0.0 0.0 0.0 0.0 0.0 0.0 0.0 0.0 0.0 0.0 0.0 0.0 0.0 0.0 0.0 0.0 0.0 0.0 0.0 0.0 0.0 0.0 0.0 0.0 0.0 0.0 0.0 0.0 0.0 0.0 0.0 0.0 0.0 0.0 0.0 0.0 0.0 0.0 0.0 0.0 0.0 0.0 0.0 0.0 0.0 0.0 0.0 0.0 0.0 0.0 0.0 0.0 0.0 0.0 0.0 0.0 0.0 0.0 0.0 0.0 0.0 0.0 0.0 0.0 0.0 0.0 0.0 0.0 0.0 0.0 0.0 0.0 0.0 0.0 0.0 0.0 0.0 0.0 0.0 0.0 0.0 0.0 0.0 0.0 0.0 0.0 0.0 0.0 0.0 0.0 0.0 0.0 0.0 0.0 0.0 0.0 0.0 0.0 0.0 0.0 0.0 0.0 0.0 0.0 0.0 0.0 0.0 0.0 0.0 0.0 0.0 0.0 0.0 0.0 0.0 0.0 0.0 0.0 0.0 0.0 0.0 0.0 0.0 0.0 0.0 0.0 0.0 0.0 0.0 0.0 0.0 0.0 0.0 0.0 0.0 0.0 0.0 0.0 0.0 0.0 0.0 0.0 0.0 0.0 0.0 0.0 0.0 0.0 0.0 0.0 0.0 0.0 0.0 0.0 0.0 0.0 0.0 0.0 0.0 0.0 0.0 0.0 0.0 0.0 0.0 0.0 0.0 0.0 0.0 0.0 0.0 0.0 0.0 0.0 0.0 0.0 0.0 0.0 0.0 0.0 0.0 0.0 0.0 0.0 0.0 0.0 0.0 0.0 0.0 0.0 0.0 0.0 0.0 0.0 0.0 0.0 0.0 0.0 0.0 0.0 0.0 0.0 0.0 0.0 0.0 0.0 0.0 0.0 0.0 0.0 0.0 0.0 0.0 0.0 0.0 0.0 0.0 0.0 0.0 0.0 0.0 0.0 0.0 0.0 0.0 0.0 0.0 0.0 0.0 0.0 0.0 0.0 0.0 0.0 0.0 0.0 0.0 0.0 0.0 0.0 0.0 0.0 0.0 0.0 0.0 0.0 0.0 0.0 0.0 0.0 0.0 0.0 0.0 0.0 0.0 0.0 0.0 0.0 0.0 0.0 0.0 0.0 0.0 0.0 0.0 0.0 0.0 0.0 0.0 0.0 0.0 0.0 0.0 0.0 0.0 0.0 0.0 0.0 0.0 0.0 0.0 0.0 0.0 0.0 0.0 0.0 0.0 0.0 0.0 0.0 0.0 0.0 0.0 0.0 0.0 0.0 0.0 0.0 0.0 0.0 0.0 0.0 0.0 0.0 0.0 0.0 0.0 0.0 0.0 0.0 0.0 0.0 0.0 0.0 0.0 0.0 0.0 0.0 0.0 0.0 0.0 0.0 0.0 0.0 0.0 0.0 0.0 0.0 0.0 0.0 0.0 0.0 0.0 0.0 0.0 0.0 0.0 0.0 0.0 0.0 0.0 0.0 0.0 0.0 0.0 0.0 0.0 0.0 0.0 0.0 0.0 0.0 0.0 0.0 0.0 0.0 0.0 0.0 0.0 0.0 0.0 0.0 0.0 0.0 0.0 0.0 0.0 0.0 0.0 0.0 0.0 0.0 0.0 0.0 0.0 0.0 0.0 0.0 0.0 0.0 0.0 0.0 0.0 0.0 0.0 0.0 0.0 0.0 0.0 0.0 0.0 0.0 0.0 0.0 0.0 0.0 0.0 0.0 0.0 0.0 0.0 0.0 0.0 0.0 0.0 0.0 0.0 0.0 0.0 0.0 0.0 0.0 0.0 0.0 0.0 0.0 0.0 0.0 0.0 0.0 0.0 0.0 0.0 0.0 0.0 0.0 0.0 0.0 0.0 0.0 0.0 0.0 0.0 0.0 0.0 0.0 0.0 0.0 0.0 0.0 0.0 0.0 0.0 0.0 0.0 0.0 0.0 0.0 0.0 0.0 0.0 0.0 0.0 0.0 0.0 0.0 0.0 0.0 0.0 0.0 0.0 0.0 0.0 0.0 0.0 0.0 0.0 0.0 0.0 0.0 0.0 0.0 0.0 0.0 0.0 0.0 0.0 0.0 0.0 0.0 0.0 0.0 0.0 0.0 0.0 0.0 0.0 0.0 0.0 0.0 0.0 0.0 0.0 0.0 0.0 0.0 0.0 0.0 0.0 0.0 0.0 0.0 0.0 0.0 0.0 0.0 0.0 0.0 0.0 0.0 0.0 0.0 0.0 0.0 0.0 0.0 0.0 0.0 0.0 0.0 0.0 0.0 0.0 0.0 0.0 0.0 0.0 0.0 0.0 0.0 0.0 0.0 0.0 0.0 0.0 0.0 0.0 0.0 0.0 0.0 0.0 0.0 0.0 0.0 0.0 0.0 0.0 0.0 0.0 0.0 0.0 0.0 0.0 0.0 0.0 0.0 0.0 0.0 0.0 0.0 0.0 0.0 0.0 0.0 0.0 0.0 0.0 0.0 0.0 0.0 0.0 0.0 0.0 0.0 0.0 0.0 0.0 0.0 0.0 0.0 0.0 0.0 0.0 0.0 0.0 0.0 0.0 0.0 0.0 0.0 0.0 0.0 0.0 0.0 0.0 0.0 0.0 0.0 0.0 0.0 0.0 0.0 0.0 0.0 0.0 0.0 0.0 0.0 0.0 0.0 0.0 0.0 0.0 0.0 0.0 0.0 0.0 0.0 0.0 0.0 0.0 0.0 0.0 0.0 0.0 0.0 0.0 0.0 0.0 0.0 0.0 0.0 0.0 0.0 0.0 0.0 0.0 0.0 0.0 0.0 0.0 0.0 0.0 0.0 0.0 0.0 0.0 0.0 0.0 0.0 0.0 0.0 0.0 0.0 0.0 0.0 0.0 0.0 0.0 0.0 0.0 0.0 0.0 0.0 0.0 0.0 0.0 0.0 0.0 0.0 0.0 0.0 0.0 0.0 0.0 0.0 0.0 0.0 0.0 0.0 0.0 0.0 0.0 0.0 0.0 0.0 0.0 0.0 0.0 0.0 0.0 0.0 0.0 0.0 0.0 0.0 0.0 0.0 0.0 0.0 0.0 0.0 0.0 0.0 0.0 0.0 0.0 0.0 0.0 0.0 0.0 0.0 0.0 0.0 0.0 0.0 0.0 0.0 0.0 0.0 0.0 0.0 0.0 0.0 0.0 0.0 0.0 0.0 0.0 0.0 0.0 0.0 0.0 0.0 0.0 0.0 0.0 0.0 0.0 0.0 0.0 0.0 0.0 0.0 0.0 0.0 0.0 0.0 0.0 0.0 0.0 0.0 0.0 0.0 0.0 0.0 0.0 0.0 0.0 0.0 0.0 0.0 0.0 0.0 0.0 0.0 0.0 0.0 0.0 0.0 0.0 0.0 0.0 0.0 0.0 0.0 0.0 0.0 0.0 0.0 0.0 0.0 0.0 0.0 0.0 0.0 0.0 0.0 0.0 0.0 0.0 0.0 0.0 0.0 0.0 0.0 0.0 0.0 0.0 0.0 0.0 0.0 0.0 0.0 0.0 0.0 0.0 0.0 0.0 0.0 0.0 0.0 0.0 0.0 0.0 0.0 0.0 0.0 0.0 0.0 0.0 0.0 0.0 0.0 0.0 0.0 0.0 0.0 0.0 0.0 0.0 0.0 0.0 0.0 0.0 0.0 0.0 0.0 0.0 0.0 0.0 0.0 0.0 0.0 0.0 0.0 0.0 0.0 0.0 0.0 0.0 0.0 0.0 0.0 0.0 0.0 0.0 0.0 0.0 0.0 0.0 0.0 0.0 0.0 0.0 0.0 0.0 0.0 0.0 0.0 0.0 0.0 0.0 0.0 0.0 0.0 0.0 0.0 0.0 0.0 0.0 0.0 0.0 0.0 0.0 0.0 0.0 0.0 0.0 0.0 0.0 0.0 0.0 0.0 0.0 0.0 0.0 0.0 0.0 0.0 0.0 0.0 0.0 0.0 0.0 0.0 0.0 0.0 0.0 0.0 0.0 0.0 0.0 0.0 0.0 0.0 0.0 0.0 0.0 0.0 0.0 0.0 0.0 0.0 0.0 0.0 0.0 0.0 0.0 0.0 0.0 0.0 0.0 0.0 0.0 0.0 0.0 0.0 0.0 0.0 0.0 0.0 0.0 0.0 0.0 0.0 0.0 0.0 0.0 0.0 0.0 0.0 0.0 0.0 0.0 0.0 0.0 0.0 0.0 0.0 0.0 0.0 0.0 0.0 0.0 0.0 0.0 0.0 0.0 0.0 0.0 0.0 0.0 0.0 0.0 0.0 0.0 0.0 0.0 0.0 0.0 0.0 0.0 0.0 0.0 0.0 0.0 0.0 0.0 0.0 0.0 0.0 0.0 0.0 0.0 0.0 0.0 0.0 0.0 0.0 0.0 0.0 0.0 0.0 0.0 0.0 0.0 0.0 0.0 0.0 0.0 0.0 0.0 0.0 0.0 0.0 0.0 0.0 0.0 0.0 0.0 0.0 0.0 0.0 0.0 0.0 0.0 0.0 0.0 0.0 0.0 
SCALARS εxy float64 1
LOOKUP_TABLE default
-7.227715226e-06 -8.73047188e-06 -4.524129884e-06 -8.73047188e-06 -8.73047188e-06 -7.227715226e-06 -7.227715226e-06 -4.646074381e-06 -1.863798665e-05 -4.524129884e-06 -4.524129884e-06 2.597658504e-05 2.597658504e-05 2.597658504e-05 -1.863798665e-05 -1.863798665e-05 -4.646074381e-06 -4.646074381e-06 6.734392116e-06 -0.0001808546108 -3.288470306e-06 -4.886646627e-07 -3.288470306e-06 -3.288470306e-06 1.007636481e-05 -1.452657548e-05 1.007636481e-05 1.007636481e-05 2.43375296e-05 2.91243751e-05 3.005476534e-05 2.91243751e-05 2.91243751e-05 1.299333763e-05 5.463938592e-06 6.734392116e-06 6.734392116e-06 1.299333763e-05 1.299333763e-05 -7.967216957e-05 -0.0001808546108 -0.0001808546108 -9.519949926e-05 1.044180792e-05 4.599454954e-06 -3.22989871e-06 -3.22989871e-06 -3.22989871e-06 1.968430123e-06 -4.813767656e-06 -4.813767656e-06 -4.813767656e-06 -4.886646627e-07 -2.073471733e-06 -4.886646627e-07 -1.452657548e-05 -1.452657548e-05 1.559324855e-05 2.43375296e-05 2.43375296e-05 6.205217355e-06 3.005476534e-05 3.005476534e-05 5.463938592e-06 5.463938592e-06 -7.967216957e-05 -7.967216957e-05 -2.214802728e-05 -9.519949926e-05 -0.000185078151 -9.519949926e-05 1.044180792e-05 4.073097202e-05 1.044180792e-05 4.599454954e-06 4.599454954e-06 1.968430123e-06 1.968430123e-06 -2.073471733e-06 -2.073471733e-06 -6.335216519e-06 -1.518136303e-05 1.559324855e-05 1.559324855e-05 6.205217355e-06 6.205217355e-06 2.213732099e-05 0.0 0.0 1.901576121e-05 6.499971056e-06 1.901576121e-05 1.901576121e-05 -1.7560497e-05 3.576645539e-05 -1.7560497e-05 -1.7560497e-05 2.478518774e-06 -2.214802728e-05 -2.214802728e-05 -0.0001252392239 -0.000185078151 -0.000185078151 -9.481900081e-05 2.213732099e-05 2.213732099e-05 -1.788138269e-06 4.073097202e-05 4.073097202e-05 3.931229818e-05 -1.788138269e-06 -1.788138269e-06 8.204662149e-06 -6.335216519e-06 -6.335216519e-06 -2.369678071e-05 -1.518136303e-05 -1.518136303e-05 -1.891340826e-05 -3.012153683e-05 -1.891340826e-05 -1.891340826e-05 1.944657473e-05 -1.690745347e-05 1.944657473e-05 1.944657473e-05 7.851846069e-06 -8.741532263e-06 0.0 -8.99658025e-05 0.0 7.851846069e-06 7.851846069e-06 6.499971056e-06 6.499971056e-06 -2.689557581e-06 3.576645539e-05 3.576645539e-05 -2.809643933e-05 2.478518774e-06 2.478518774e-06 -0.0001252392239 -0.0001252392239 -9.481900081e-05 -3.272869436e-05 -9.481900081e-05 -8.99658025e-05 -8.99658025e-05 3.931229818e-05 3.931229818e-05 4.62079718e-06 8.204662149e-06 8.204662149e-06 -2.369678071e-05 -2.369678071e-05 -5.257674537e-05 -3.012153683e-05 -3.012153683e-05 -1.706301252e-05 -1.690745347e-05 -1.690745347e-05 -8.741532263e-06 -8.741532263e-06 -2.461430079e-05 -2.261112238e-06 -1.264401171e-05 0.0 -2.774793785e-05 0.0 -2.461430079e-05 -2.461430079e-05 -2.136801908e-05 -2.689557581e-06 -2.689557581e-06 -3.731974685e-05 -2.809643933e-05 -2.809643933e-05 -6.946124123e-05 2.588760188e-05 -6.946124123e-05 -6.946124123e-05 -3.272869436e-05 -3.272869436e-05 -4.495434647e-05 -2.774793785e-05 -2.774793785e-05 4.62079718e-06 4.62079718e-06 -5.187909854e-05 -5.673298441e-05 -1.554007719e-05 -5.673298441e-05 -5.673298441e-05 -5.257674537e-05 -5.257674537e-05 -3.38080566e-05 -1.706301252e-05 -1.706301252e-05 -5.725451281e-06 -3.749311787e-05 -5.725451281e-06 -5.725451281e-06 -2.261112238e-06 -2.261112238e-06 -1.086833876e-05 -1.264401171e-05 -1.264401171e-05 0.0 -2.973527857e-05 0.0 -1.168588727e-05 -1.70762571e-05 -2.136801908e-05 -2.136801908e-05 -2.868350174e-05 -3.731974685e-05 -3.731974685e-05 2.588760188e-05 2.588760188e-05 -5.095060755e-05 1.921711922e-05 4.356398133e-06 1.921711922e-05 1.921711922e-05 -4.495434647e-05 -2.393361817e-05 -4.495434647e-05 -2.973527857e-05 -2.973527857e-05 -5.187909854e-05 -5.187909854e-05 -1.554007719e-05 -1.554007719e-05 -3.38080566e-05 -3.38080566e-05 -3.749311787e-05 -3.749311787e-05 -1.086833876e-05 -1.086833876e-05 -9.397236582e-06 -1.012843397e-05 -1.168588727e-05 -1.168588727e-05 0.0 -8.377775376e-06 0.0 -1.70762571e-05 -1.70762571e-05 -2.868350174e-05 -2.868350174e-05 -4.234577839e-05 -5.161884271e-05 -5.566080831e-05 -5.161884271e-05 -5.161884271e-05 -5.095060755e-05 -5.095060755e-05 -3.350485079e-05 4.356398133e-06 4.356398133e-06 -2.393361817e-05 -2.393361817e-05 3.843274749e-07 -8.377775376e-06 -8.377775376e-06 -5.460605214e-05 -5.460605214e-05 -5.460605214e-05 -2.965691877e-05 -4.446602545e-05 -2.965691877e-05 -2.965691877e-05 -9.397236582e-06 -9.397236582e-06 -2.606866208e-05 -1.012843397e-05 -1.012843397e-05 -4.314591003e-06 1.231230226e-06 -4.314591003e-06 -4.314591003e-06 -2.148517422e-05 -5.756405052e-06 0.0 -1.156174892e-05 0.0 -2.148517422e-05 -2.148517422e-05 -3.04505835e-05 -4.234577839e-05 -4.234577839e-05 -5.766013111e-05 -5.566080831e-05 -5.566080831e-05 -3.350485079e-05 -3.350485079e-05 -5.97232947e-05 -2.305471303e-06 8.336252619e-06 -2.305471303e-06 -2.305471303e-06 3.843274749e-07 1.063595523e-05 3.843274749e-07 -1.156174892e-05 -1.156174892e-05 -1.662903276e-05 -1.662903276e-05 -1.662903276e-05 -4.049433472e-05 -4.446602545e-05 -4.446602545e-05 -2.376639434e-05 -2.606866208e-05 -2.606866208e-05 -4.012394139e-06 1.231230226e-06 1.231230226e-06 1.635483502e-06 -5.756405052e-06 -5.756405052e-06 0.0 -2.846822804e-05 0.0 -3.04505835e-05 -3.04505835e-05 -5.766013111e-05 -5.766013111e-05 -7.124001388e-05 -5.247062803e-05 -7.124001388e-05 -7.124001388e-05 -5.97232947e-05 -5.97232947e-05 -3.646152701e-05 8.336252619e-06 8.336252619e-06 1.063595523e-05 1.063595523e-05 2.444300823e-06 -5.106038964e-05 -2.846822804e-05 -2.846822804e-05 -4.049433472e-05 -4.049433472e-05 -2.376639434e-05 -2.376639434e-05 -2.46734494e-05 -4.012394139e-06 -4.012394139e-06 -7.860206858e-06 1.635483502e-06 1.635483502e-06 -2.734048735e-06 5.300518803e-06 -2.734048735e-06 -2.734048735e-06 -5.999365752e-05 -1.102555776e-05 0.0 -1.537349668e-05 0.0 -5.106038964e-05 -5.106038964e-05 -5.247062803e-05 -5.247062803e-05 -7.138340258e-05 -3.646152701e-05 -3.646152701e-05 -2.561879231e-05 -2.449183313e-06 -9.153801637e-06 -2.449183313e-06 -2.449183313e-06 2.444300823e-06 -3.194428028e-06 2.444300823e-06 -5.999365752e-05 -5.999365752e-05 -1.537349668e-05 -1.537349668e-05 -3.296347217e-05 -3.296347217e-05 -3.296347217e-05 -6.172171742e-05 -2.46734494e-05 -2.46734494e-05 -9.787393058e-07 -7.860206858e-06 -7.860206858e-06 5.300518803e-06 5.300518803e-06 4.870564241e-06 1.850255721e-05 -1.102555776e-05 -1.102555776e-05 0.0 -1.365139803e-05 0.0 -7.138340258e-05 -7.138340258e-05 -2.561879231e-05 -2.561879231e-05 -9.153801637e-06 -9.153801637e-06 -3.194428028e-06 -3.194428028e-06 -3.555694617e-06 -2.490755054e-05 -2.69659674e-05 -4.909300172e-05 -8.490305312e-05 -4.909300172e-05 -4.909300172e-05 -6.907653755e-05 -6.570669565e-05 -1.365139803e-05 -1.365139803e-05 -6.172171742e-05 -6.172171742e-05 -9.787393058e-07 -9.787393058e-07 4.870564241e-06 4.870564241e-06 -8.495274072e-06 1.850255721e-05 1.850255721e-05 -2.490755054e-05 -2.490755054e-05 5.754401754e-06 0.0 9.960533835e-06 0.0 -6.907653755e-05 -6.907653755e-05 -2.085045402e-05 -1.336970116e-05 -2.085045402e-05 -2.085045402e-05 -7.287928048e-05 3.243955862e-05 -7.287928048e-05 -7.287928048e-05 -3.555694617e-06 8.716372839e-06 -3.555694617e-06 -2.69659674e-05 -2.69659674e-05 -8.490305312e-05 -8.490305312e-05 -6.570669565e-05 -6.570669565e-05 9.960533835e-06 9.960533835e-06 -1.381444448e-05 -1.381444448e-05 -1.381444448e-05 -9.734305473e-06 -8.495274072e-06 -8.495274072e-06 7.495389377e-08 5.754401754e-06 5.754401754e-06 0.0 -4.477713904e-05 0.0 -1.336970116e-05 -1.336970116e-05 3.243955862e-05 3.243955862e-05 8.716372839e-06 8.716372839e-06 -1.848547176e-05 -1.728577572e-05 -9.28045175e-05 -1.909850492e-05 -9.28045175e-05 -9.28045175e-05 -4.753433713e-05 -5.769864216e-05 -4.753433713e-05 -4.753433713e-05 -1.220247748e-05 -8.953005525e-06 -1.220247748e-05 -1.220247748e-05 1.414613943e-05 7.556197312e-06 -4.477713904e-05 -4.477713904e-05 -9.734305473e-06 -9.734305473e-06 7.495389377e-08 7.495389377e-08 1.203068033e-05 -1.728577572e-05 -1.728577572e-05 7.261779006e-06 0.0 -4.332103819e-06 0.0 1.414613943e-05 1.414613943e-05 -7.107953431e-05 1.56581288e-05 -7.107953431e-05 -7.107953431e-05 1.293036992e-06 -1.848547176e-05 -2.387643222e-05 -1.848547176e-05 -1.909850492e-05 -1.909850492e-05 -5.769864216e-05 -5.769864216e-05 -8.953005525e-06 -8.953005525e-06 7.556197312e-06 7.556197312e-06 6.479763292e-07 -4.332103819e-06 -4.332103819e-06 3.312568657e-06 3.312568657e-06 3.312568657e-06 1.203068033e-05 1.203068033e-05 2.251542168e-05 7.261779006e-06 7.261779006e-06 -9.624832254e-05 -7.842283111e-06 0.0 2.403807212e-05 0.0 1.56581288e-05 1.56581288e-05 1.293036992e-06 1.293036992e-06 -2.387643222e-05 -2.387643222e-05 -3.485980402e-05 -9.624832254e-05 -9.624832254e-05 -5.096705073e-05 2.32518711e-05 -1.336762426e-05 2.32518711e-05 2.32518711e-05 -8.740032486e-06 6.479763292e-07 6.479763292e-07 2.209987956e-05 2.403807212e-05 2.403807212e-05 2.251542168e-05 2.251542168e-05 -1.815543813e-06 -7.842283111e-06 -7.842283111e-06 -2.721719735e-05 0.0 1.557747977e-05 0.0 -1.886754819e-05 -1.886754819e-05 -1.886754819e-05 -8.322978975e-05 1.174544529e-05 -8.322978975e-05 -8.322978975e-05 -3.485980402e-05 2.80597912e-05 -3.485980402e-05 -5.096705073e-05 -5.096705073e-05 -1.336762426e-05 -1.336762426e-05 -8.740032486e-06 -8.740032486e-06 2.209987956e-05 2.209987956e-05 1.557747977e-05 1.557747977e-05 -1.815543813e-06 -1.815543813e-06 6.463990369e-05 -2.721719735e-05 -2.721719735e-05 -2.922826962e-05 -8.413556378e-05 0.0 6.843219891e-08 0.0 1.785787058e-06 -3.985671686e-05 -6.389334277e-06 -3.985671686e-05 -3.985671686e-05 1.174544529e-05 1.174544529e-05 -3.909435172e-06 2.80597912e-05 2.80597912e-05 -2.865601377e-05 -2.922826962e-05 -2.922826962e-05 -2.458608365e-05 4.367008727e-07 6.046444893e-06 4.367008727e-07 4.367008727e-07 1.122946557e-05 5.594463412e-06 1.122946557e-05 1.122946557e-05 1.785787058e-06 1.785787058e-06 1.588526131e-06 6.843219891e-08 6.843219891e-08 6.463990369e-05 6.463990369e-05 -7.623577824e-05 -8.413556378e-05 -8.413556378e-05 -6.027128921e-05 0.0 -4.391088198e-05 0.0 -6.389334277e-06 -6.389334277e-06 -3.909435172e-06 -3.909435172e-06 -2.885750215e-05 -2.865601377e-05 3.525443453e-05 -2.865601377e-05 -2.458608365e-05 -2.458608365e-05 6.046444893e-06 6.046444893e-06 5.594463412e-06 5.594463412e-06 -1.139345364e-06 -1.743941345e-05 1.588526131e-06 1.588526131e-06 -4.391088198e-05 -4.391088198e-05 -7.623577824e-05 -7.623577824e-05 -6.027128921e-05 -6.027128921e-05 -5.578797445e-06 -4.057411742e-05 0.0 -1.916217903e-05 0.0 -2.121478662e-05 -3.014698647e-05 -4.92354468e-05 -3.322615266e-05 -4.92354468e-05 -4.92354468e-05 -2.885750215e-05 -2.885750215e-05 4.87418204e-06 3.525443453e-05 3.525443453e-05 -5.578797445e-06 -5.578797445e-06 -1.139345364e-06 -1.139345364e-06 1.757277487e-06 -1.743941345e-05 -1.743941345e-05 -2.121478662e-05 -2.121478662e-05 -1.805933147e-05 -1.916217903e-05 -1.916217903e-05 -4.057411742e-05 -4.057411742e-05 0.0 -2.204556638e-05 0.0 -4.701791334e-05 1.712339842e-05 -3.014698647e-05 -3.014698647e-05 -3.322615266e-05 -3.322615266e-05 4.87418204e-06 4.87418204e-06 -4.298155488e-05 -4.701791334e-05 -4.701791334e-05 4.715980426e-05 1.757277487e-06 1.757277487e-06 -1.805933147e-05 -1.805933147e-05 -3.220609765e-05 -3.371425872e-05 -3.651263841e-05 -2.204556638e-05 -2.204556638e-05 -2.277863232e-05 -2.947402077e-05 -2.277863232e-05 -2.277863232e-05 -5.450966897e-06 7.291389144e-06 0.0 -4.306470339e-05 0.0 1.712339842e-05 1.712339842e-05 -3.371425872e-05 -3.371425872e-05 -3.570551011e-05 -3.638159978e-05 -3.570551011e-05 -3.570551011e-05 -4.298155488e-05 -4.298155488e-05 -1.985089539e-05 4.715980426e-05 4.715980426e-05 -2.885832485e-05 -7.398969255e-06 -5.450966897e-06 -5.450966897e-06 -1.81554107e-05 -3.220609765e-05 -3.220609765e-05 -3.527286815e-05 -3.651263841e-05 -3.651263841e-05 -4.306470339e-05 -4.306470339e-05 -2.947402077e-05 -2.947402077e-05 -1.472505091e-05 7.291389144e-06 7.291389144e-06 1.10223704e-05 0.0 8.341508073e-06 0.0 -2.885832485e-05 -2.885832485e-05 -2.044121283e-05 -3.638159978e-05 -3.638159978e-05 -1.985089539e-05 -1.985089539e-05 -7.398969255e-06 -7.398969255e-06 -1.81554107e-05 -1.81554107e-05 -3.527286815e-05 -3.527286815e-05 -4.392816153e-05 -3.704734389e-05 -4.046764334e-05 -3.704734389e-05 -3.704734389e-05 -4.578958e-05 -4.315102177e-05 8.341508073e-06 8.341508073e-06 -1.472505091e-05 -1.472505091e-05 1.566877265e-05 1.10223704e-05 1.10223704e-05 0.0 -2.731024886e-05 0.0 6.074074529e-06 -4.365462794e-05 1.195574968e-05 -4.848071615e-05 -2.044121283e-05 1.274128266e-05 -2.044121283e-05 -4.578958e-05 -4.578958e-05 -2.743407e-05 -1.986220807e-05 -2.743407e-05 -2.743407e-05 -4.848071615e-05 -4.848071615e-05 7.8562264e-06 -4.365462794e-05 -4.365462794e-05 -4.392816153e-05 -4.392816153e-05 -3.719115098e-05 -4.046764334e-05 -4.046764334e-05 -4.315102177e-05 -4.315102177e-05 -2.731024886e-05 -2.731024886e-05 1.566877265e-05 1.566877265e-05 6.074074529e-06 6.074074529e-06 0.0 -7.185860502e-07 0.0 -8.670111642e-06 1.195574968e-05 1.195574968e-05 -6.759285899e-05 1.274128266e-05 1.274128266e-05 -1.986220807e-05 -1.986220807e-05 7.8562264e-06 7.8562264e-06 -3.719115098e-05 -3.719115098e-05 -2.106248101e-05 -8.046814401e-06 -2.249721556e-06 -8.046814401e-06 -8.046814401e-06 9.662290621e-07 -2.892223773e-06 9.662290621e-07 9.662290621e-07 1.115018861e-05 4.002265915e-06 -7.185860502e-07 -7.185860502e-07 1.805828752e-06 1.805828752e-06 1.805828752e-06 -8.670111642e-06 -8.670111642e-06 1.79731308e-05 0.0 4.106759957e-05 0.0 -6.759285899e-05 -6.759285899e-05 -7.668412678e-05 -7.391762814e-05 4.708113112e-06 -7.391762814e-05 -7.391762814e-05 -9.410889492e-06 1.115018861e-05 1.115018861e-05 -7.668412678e-05 -7.668412678e-05 8.326699503e-06 -6.446715908e-05 -2.106248101e-05 -2.106248101e-05 -2.325776761e-05 -2.249721556e-06 -2.249721556e-06 -2.892223773e-06 -2.892223773e-06 4.002265915e-06 4.002265915e-06 4.106759957e-05 4.106759957e-05 1.79731308e-05 1.79731308e-05 0.0 5.933299021e-06 0.0 -6.843996718e-05 -6.446715908e-05 -6.446715908e-05 -5.236541774e-05 4.708113112e-06 4.708113112e-06 -4.481135768e-05 -9.410889492e-06 -4.362743933e-05 -9.410889492e-06 2.238948753e-05 2.604610137e-05 8.326699503e-06 8.326699503e-06 -3.937788908e-05 -2.325776761e-05 -2.325776761e-05 -2.450141271e-05 -3.717020213e-06 -5.778005925e-06 -3.717020213e-06 -3.717020213e-06 1.964927287e-05 6.264473643e-06 1.964927287e-05 1.964927287e-05 2.238948753e-05 2.238948753e-05 2.055238497e-05 5.933299021e-06 5.933299021e-06 -6.843996718e-05 -6.843996718e-05 -2.497522558e-05 0.0 -5.370069261e-05 0.0 -5.236541774e-05 -5.236541774e-05 -4.481135768e-05 -4.481135768e-05 -4.362743933e-05 -4.362743933e-05 -2.066198236e-05 2.604610137e-05 2.604610137e-05 -3.937788908e-05 -3.937788908e-05 -4.496034719e-05 -6.700471982e-06 -3.229125146e-05 -2.450141271e-05 -2.450141271e-05 -1.195250321e-05 -5.778005925e-06 -5.778005925e-06 6.264473643e-06 6.264473643e-06 2.055238497e-05 2.055238497e-05 4.484161514e-06 1.86219879e-06 -5.370069261e-05 -5.370069261e-05 -2.497522558e-05 -2.497522558e-05 0.0 -1.757000721e-05 0.0 -8.895515443e-05 -3.229125146e-05 -3.229125146e-05 -2.487695519e-05 -4.496034719e-05 -4.496034719e-05 -3.067964405e-05 -2.066198236e-05 -1.151448175e-05 -2.066198236e-05 4.484161514e-06 4.484161514e-06 1.355783187e-05 -6.700471982e-06 -6.700471982e-06 -2.236967591e-05 -1.195250321e-05 -1.195250321e-05 -2.437545513e-05 -2.109164912e-05 -2.437545513e-05 -2.437545513e-05 -8.815193584e-06 -1.99705419e-05 -8.815193584e-06 -8.815193584e-06 1.86219879e-06 1.86219879e-06 -3.494754211e-06 -1.757000721e-05 -1.757000721e-05 -8.895515443e-05 -8.895515443e-05 0.0 -3.522893857e-05 0.0 -2.487695519e-05 -2.487695519e-05 -3.067964405e-05 -3.067964405e-05 -1.151448175e-05 -1.151448175e-05 -1.166495908e-05 1.355783187e-05 1.355783187e-05 -2.236967591e-05 -2.236967591e-05 -2.695302423e-05 -1.445339252e-05 -1.543204871e-05 -2.109164912e-05 -2.109164912e-05 -1.77453155e-05 -1.99705419e-05 -1.99705419e-05 -3.494754211e-06 -3.494754211e-06 -3.522893857e-05 -3.522893857e-05 0.0 -2.740160137e-05 0.0 -1.543204871e-05 -1.543204871e-05 -2.695302423e-05 -2.695302423e-05 -1.166495908e-05 7.21881283e-06 -1.166495908e-05 -2.203574214e-05 -2.460824945e-05 -2.956690839e-05 -1.101543985e-05 -2.956690839e-05 -2.956690839e-05 -1.445339252e-05 -1.445339252e-05 1.11360197e-06 -1.77453155e-05 -1.77453155e-05 -2.757346022e-05 -1.932855888e-05 -2.757346022e-05 -2.757346022e-05 -2.203574214e-05 -2.203574214e-05 -2.850581324e-05 -2.740160137e-05 -2.740160137e-05 0.0 0.0 -2.890034726e-05 -8.87627571e-06 2.655198652e-06 -8.87627571e-06 -8.87627571e-06 7.21881283e-06 7.21881283e-06 -2.460824945e-05 -2.460824945e-05 -1.101543985e-05 -1.101543985e-05 1.11360197e-06 1.11360197e-06 -4.807527064e-06 -1.932855888e-05 -1.932855888e-05 -2.597124088e-05 -2.850581324e-05 -2.850581324e-05 -3.117399219e-05 -2.955174933e-05 -3.293301162e-05 -2.890034726e-05 -2.890034726e-05 0.0 -6.022841606e-06 0.0 2.655198652e-06 2.655198652e-06 -3.235382906e-06 -4.807527064e-06 -4.807527064e-06 -3.132364676e-05 -3.663001217e-05 -3.24365874e-05 6.476506095e-06 -3.24365874e-05 -3.24365874e-05 1.827432076e-06 -2.955174933e-05 -2.955174933e-05 -3.433406537e-05 -1.555709993e-05 -3.433406537e-05 -3.433406537e-05 -3.663001217e-05 -3.663001217e-05 8.07500652e-07 -2.597124088e-05 -2.597124088e-05 -2.293733281e-05 -3.117399219e-05 -3.117399219e-05 -3.630561372e-05 -3.293301162e-05 -3.293301162e-05 -6.022841606e-06 -6.022841606e-06 0.0 0.0 7.237077197e-06 -3.235382906e-06 -3.235382906e-06 2.193489317e-05 -3.132364676e-05 -3.132364676e-05 6.476506095e-06 6.476506095e-06 -1.881946469e-05 1.827432076e-06 -1.829153454e-05 1.827432076e-06 -1.555709993e-05 -1.555709993e-05 8.07500652e-07 8.07500652e-07 -2.293733281e-05 -2.293733281e-05 -3.630561372e-05 -3.630561372e-05 9.082828682e-07 -3.802395737e-06 -5.691726798e-06 -3.802395737e-06 -3.802395737e-06 -2.929785197e-05 -8.737258524e-06 7.237077197e-06 7.237077197e-06 0.0 6.179293601e-06 0.0 -4.19420498e-05 7.183055056e-06 -1.876217936e-05 2.193489317e-05 2.193489317e-05 -4.19420498e-05 -4.19420498e-05 -1.881946469e-05 -1.881946469e-05 -1.829153454e-05 -1.829153454e-05 -1.643789509e-05 -2.929785197e-05 -2.929785197e-05 -5.795840022e-05 -1.882079623e-05 -5.795840022e-05 -5.795840022e-05 -4.337037765e-05 -1.46404995e-05 7.183055056e-06 7.183055056e-06 9.082828682e-07 9.082828682e-07 8.115611493e-06 -5.691726798e-06 -5.691726798e-06 -8.737258524e-06 -8.737258524e-06 6.179293601e-06 6.179293601e-06 0.0 -4.601452685e-05 -6.543022003e-05 0.0 -8.766791616e-06 -1.876217936e-05 -1.876217936e-05 5.390856039e-06 -6.543022003e-05 -6.543022003e-05 -8.766791616e-06 -8.766791616e-06 -2.615717812e-05 -4.337037765e-05 -4.337037765e-05 -1.643789509e-05 -2.31682813e-06 -1.643789509e-05 -1.882079623e-05 -1.882079623e-05 -1.46404995e-05 -1.46404995e-05 8.115611493e-06 8.115611493e-06 3.716589382e-06 1.560721046e-05 1.176667331e-05 1.560721046e-05 1.560721046e-05 -1.552471714e-05 1.722626213e-06 -1.552471714e-05 -1.552471714e-05 -5.674259444e-05 -1.554660037e-05 0.0 -4.601452685e-05 -4.601452685e-05 -3.84361732e-05 0.0 5.390856039e-06 5.390856039e-06 -2.615717812e-05 -2.615717812e-05 -2.31682813e-06 -2.31682813e-06 -5.674259444e-05 -5.674259444e-05 -5.668625892e-05 -2.852575543e-05 -5.668625892e-05 -5.668625892e-05 -3.240195432e-05 -1.63208236e-05 3.716589382e-06 3.716589382e-06 1.176667331e-05 1.176667331e-05 1.722626213e-06 1.722626213e-06 -1.554660037e-05 -1.554660037e-05 4.649388154e-06 0.0 0.0 -3.099175145e-05 0.0 0.0 -3.854704518e-05 -2.01029083e-05 -3.240195432e-05 -3.240195432e-05 -2.852575543e-05 -2.852575543e-05 -1.63208236e-05 -1.63208236e-05 3.814277982e-06 1.374398638e-06 -4.312058322e-05 -1.969705714e-05 -3.844693608e-06 -2.276350854e-05 -7.646650442e-06 0.0 0.0 -2.080530449e-05 0.0 0.0 0.0 0.0 -6.072118216e-06 -9.273316014e-06 0.0 0.0 0.0 0.0 -2.693100102e-05 -4.301765577e-06 -4.249145124e-05 -1.589408451e-06 -8.104199364e-06 -3.283067481e-05 -2.039589551e-05 -1.395642103e-05 -1.518354793e-05 -8.786331187e-06 -1.184310826e-05 -6.365090031e-06 0.0 0.0 -7.304979029e-06 0.0 0.0 -2.759472632e-05 -1.568681712e-05 -3.382531061e-05 -3.220753454e-05 -1.479991411e-05 -2.531502586e-05 -1.653832225e-05 -1.406112543e-05 -1.415743554e-05 -1.815547555e-05 1.017078266e-06 0.0 0.0 -9.962587673e-06 0.0 0.0 -1.751706134e-05 -3.022798288e-06 -1.950026422e-05 -2.964977096e-05 -2.178721716e-05 -2.640528982e-05 -1.668478686e-05 -1.7374935e-05 -2.166444991e-05 -2.315428309e-05 -5.84300446e-06 0.0 0.0 0.0 0.0 -6.158680834e-06 0.0 0.0 0.0 0.0 -1.101554694e-05 0.0 0.0 0.0 0.0 -4.464681796e-06 0.0 0.0 -1.189323141e-05 -1.468314859e-05 -2.372541019e-05 -2.647613421e-05 -2.68332484e-05 -1.942603884e-05 -2.204954806e-05 -2.423495607e-05 -2.607633729e-05 -9.617794657e-06 -8.699171798e-06 -1.602048437e-05 -2.133241169e-05 -1.219238073e-05 0.0 -4.054701939e-06 -1.002828131e-05 0.0 0.0 0.0 0.0 0.0 -1.505876701e-05 -5.430099623e-06 0.0 -4.619254048e-06 0.0 -2.411274386e-05 -2.654883909e-05 -2.496396014e-05 -2.398127856e-05 -2.665100255e-05 -2.603981139e-05 0.0 0.0 -2.594979349e-05 -1.761995644e-05 -2.114599051e-05 -1.448781422e-05 -9.533746265e-06 -1.477888209e-05 -1.791953271e-05 -1.064097431e-05 -9.000699287e-06 -2.544183363e-06 0.0 0.0 -1.971941668e-05 -2.443060689e-05 -2.70601578e-05 -2.582720759e-05 -2.755584389e-05 0.0 0.0 -1.130072653e-05 -2.562090399e-05 -2.179513553e-05 -1.570264999e-05 -2.097325186e-05 -1.302548295e-05 -5.563731162e-07 0.0 0.0 -6.593772111e-06 0.0 0.0 0.0 -2.175876761e-05 -1.55111834e-05 -2.388929292e-05 -2.72313911e-05 -2.850913212e-05 -2.644666486e-05 -1.360587802e-05 -1.737267984e-05 -2.378002929e-05 -2.255434915e-05 -1.529449902e-05 -1.070205319e-05 -6.086363982e-06 -5.681376082e-06 -1.009810709e-05 0.0 0.0 0.0 0.0 0.0 0.0 0.0 -4.145451085e-06 0.0 0.0 -8.869290197e-06 -2.050766557e-05 -2.461620971e-05 -2.744729008e-05 -2.53217096e-05 -2.823773174e-05 -1.558300946e-05 -2.136232236e-05 -2.565771176e-05 0.0 -4.870283576e-06 0.0 0.0 0.0 -2.671214944e-06 -1.75537694e-05 -8.329218241e-06 -3.770199254e-06 -1.41984112e-05 -5.769243726e-06 -9.41014487e-06 0.0 0.0 0.0 0.0 0.0 -1.602992752e-05 -2.342263878e-05 -2.597185588e-05 -2.577595612e-05 -2.721025605e-05 -2.163238041e-05 -2.53713674e-05 -9.481868304e-06 -1.046431086e-05 -4.849418047e-06 -1.81435753e-05 -1.117351962e-05 -1.332398645e-06 -2.319576202e-05 -1.550721856e-05 -2.180844512e-05 -2.120482102e-05 -2.702046824e-05 -2.627189448e-05 -2.493364016e-05 -2.63087577e-05 -1.524716941e-05 -1.599752943e-05 -1.259354146e-05 -1.628429527e-05 -9.121448365e-06 -5.388901757e-06 -2.502580003e-05 -2.598882971e-05 -2.191801493e-05 -2.253738359e-05 -2.536252338e-05 -2.659877768e-05 -1.989099141e-05 -2.573183765e-05 -2.40889731e-05 -2.50405055e-05 -2.683093386e-05 -2.484060137e-05 -2.197136266e-05 -1.839473888e-05 -1.515879899e-05 -1.216264914e-05 -8.860180998e-07 -2.700916646e-05 -2.558384749e-05 -2.669110395e-05 -2.588972597e-05 -2.166241814e-05 -2.298291076e-05 -2.638995082e-05 -2.639561382e-05 -2.603778711e-05 -2.405956122e-05 -1.572738771e-05 -8.950940694e-06 -2.316123326e-06 -2.733311831e-05 -2.645888165e-05 -2.688330097e-05 -2.416520434e-05 -1.970155232e-05 -2.450579187e-05 -2.614599119e-05 -2.696207869e-05 -2.650030094e-05 -1.449825226e-05 -8.750970307e-06 -2.549129031e-06 -2.532165327e-05 -1.998091495e-05 -2.212207038e-05 -2.471467983e-05 -2.571346446e-05 -2.629237837e-05 -1.457507228e-05 -8.26945959e-06 -2.529476278e-06 -2.114485365e-05 -1.774112236e-05 -2.162991594e-05 -2.375377476e-05 -1.053557549e-05 -1.962328133e-06 -1.485922802e-05 -1.567891717e-05 -1.789394633e-05 -7.966943959e-06 -3.085929889e-06 -9.907019468e-06 -1.211715448e-05 -2.24688602e-06 -3.222832794e-06 
SCALARS εv float64 1
LOOKUP_TABLE default
1.595977665e-05 1.520188588e-05 9.271343552e-06 1.520188588e-05 1.520188588e-05 1.595977665e-05 1.595977665e-05 2.553438522e-05 6.93916793e-06 9.271343552e-06 9.271343552e-06 -1.396390283e-05 -1.396390283e-05 -1.396390283e-05 6.93916793e-06 6.93916793e-06 2.553438522e-05 2.553438522e-05 -0.0001444741329 -0.0002431236802 6.799239752e-06 2.171119586e-06 6.799239752e-06 6.799239752e-06 -3.084311308e-05 -5.128692753e-05 -3.084311308e-05 -3.084311308e-05 -1.1021302e-05 -1.92712675e-05 -1.608120818e-05 -1.92712675e-05 -1.92712675e-05 4.348937786e-06 -2.52064719e-05 -0.0001444741329 -0.0001444741329 4.348937786e-06 4.348937786e-06 -0.0001113483232 -0.0002431236802 -0.0002431236802 -0.0007501470815 2.757067396e-05 3.850685415e-05 1.700142391e-05 1.700142391e-05 1.700142391e-05 8.524499184e-06 -9.379808801e-07 -9.379808801e-07 -9.379808801e-07 2.171119586e-06 -4.555304712e-06 2.171119586e-06 -5.128692753e-05 -5.128692753e-05 -3.79236007e-05 -1.1021302e-05 -1.1021302e-05 -1.222627539e-05 -1.608120818e-05 -1.608120818e-05 -2.52064719e-05 -2.52064719e-05 -0.0001113483232 -0.0001113483232 -0.0001996833898 -0.0007501470815 -0.0003696557901 -0.0007501470815 2.757067396e-05 7.656732786e-05 2.757067396e-05 3.850685415e-05 3.850685415e-05 8.524499184e-06 8.524499184e-06 -4.555304712e-06 -4.555304712e-06 -7.263882601e-06 -1.007806772e-05 -3.79236007e-05 -3.79236007e-05 -1.222627539e-05 -1.222627539e-05 0.0002068128788 0.0 0.0 -2.458504477e-05 -1.88520982e-06 -2.458504477e-05 -2.458504477e-05 -9.620176684e-05 -6.100737941e-05 -9.620176684e-05 -9.620176684e-05 -0.0001638874653 -0.0001996833898 -0.0001996833898 -0.0002688517971 -0.0003696557901 -0.0003696557901 -0.0005842883209 0.0002068128788 0.0002068128788 -1.35755124e-06 7.656732786e-05 7.656732786e-05 -7.21051973e-06 -1.35755124e-06 -1.35755124e-06 -1.735695355e-05 -7.263882601e-06 -7.263882601e-06 -1.557345496e-05 -1.007806772e-05 -1.007806772e-05 -3.930590815e-05 -6.472732736e-05 -3.930590815e-05 -3.930590815e-05 6.094913444e-06 -7.478725846e-07 6.094913444e-06 6.094913444e-06 4.21448269e-05 3.648786195e-05 0.0 0.000356803427 0.0 4.21448269e-05 4.21448269e-05 -1.88520982e-06 -1.88520982e-06 -1.412263493e-06 -6.100737941e-05 -6.100737941e-05 -7.01635645e-05 -0.0001638874653 -0.0001638874653 -0.0002688517971 -0.0002688517971 -0.0005842883209 -0.0003595786164 -0.0005842883209 0.000356803427 0.000356803427 -7.21051973e-06 -7.21051973e-06 2.45375445e-05 -1.735695355e-05 -1.735695355e-05 -1.557345496e-05 -1.557345496e-05 -6.281595066e-05 -6.472732736e-05 -6.472732736e-05 -3.166123604e-05 -7.478725846e-07 -7.478725846e-07 3.648786195e-05 3.648786195e-05 5.539052526e-05 6.834113255e-05 7.525549352e-05 0.0 0.0002406632366 0.0 5.539052526e-05 5.539052526e-05 5.283319742e-05 -1.412263493e-06 -1.412263493e-06 1.428571036e-05 -7.01635645e-05 -7.01635645e-05 -0.000200099441 -0.0001099579339 -0.000200099441 -0.000200099441 -0.0003595786164 -0.0003595786164 -0.0004374000214 0.0002406632366 0.0002406632366 2.45375445e-05 2.45375445e-05 -2.904445509e-05 -4.567928443e-05 1.157340254e-05 -4.567928443e-05 -4.567928443e-05 -6.281595066e-05 -6.281595066e-05 -3.465915316e-06 -3.166123604e-05 -3.166123604e-05 1.765629163e-05 5.378835047e-06 1.765629163e-05 1.765629163e-05 6.834113255e-05 6.834113255e-05 5.044141235e-05 7.525549352e-05 7.525549352e-05 0.0 0.0001255023527 0.0 4.977862175e-05 5.705871433e-05 5.283319742e-05 5.283319742e-05 5.006736161e-05 1.428571036e-05 1.428571036e-05 -0.0001099579339 -0.0001099579339 -0.0001137072121 -0.0002748298902 -0.0001877372348 -0.0002748298902 -0.0002748298902 -0.0004374000214 -0.0003445547845 -0.0004374000214 0.0001255023527 0.0001255023527 -2.904445509e-05 -2.904445509e-05 1.157340254e-05 1.157340254e-05 -3.465915316e-06 -3.465915316e-06 5.378835047e-06 5.378835047e-06 5.044141235e-05 5.044141235e-05 2.988934041e-05 5.894017846e-05 4.977862175e-05 4.977862175e-05 0.0 0.0003160115256 0.0 5.705871433e-05 5.705871433e-05 5.006736161e-05 5.006736161e-05 2.218219549e-05 -5.909267747e-06 1.325454585e-06 -5.909267747e-06 -5.909267747e-06 -0.0001137072121 -0.0001137072121 -3.182819669e-05 -0.0001877372348 -0.0001877372348 -0.0003445547845 -0.0003445547845 -0.0004228305567 0.0003160115256 0.0003160115256 -1.083961218e-05 -1.083961218e-05 -1.083961218e-05 1.286415942e-05 -5.103660199e-06 1.286415942e-05 1.286415942e-05 2.988934041e-05 2.988934041e-05 2.99351887e-05 5.894017846e-05 5.894017846e-05 5.319583153e-05 4.533871959e-05 5.319583153e-05 5.319583153e-05 4.139888181e-05 4.614039704e-05 0.0 0.0002105413288 0.0 4.139888181e-05 4.139888181e-05 2.826982403e-05 2.218219549e-05 2.218219549e-05 8.232580786e-06 1.325454585e-06 1.325454585e-06 -3.182819669e-05 -3.182819669e-05 -6.49821325e-05 -0.0002555514221 -0.0001349639776 -0.0002555514221 -0.0002555514221 -0.0004228305567 -0.0003556466553 -0.0004228305567 0.0002105413288 0.0002105413288 2.433044388e-05 2.433044388e-05 2.433044388e-05 -1.414716467e-05 -5.103660199e-06 -5.103660199e-06 2.454763091e-05 2.99351887e-05 2.99351887e-05 3.876134767e-05 4.533871959e-05 4.533871959e-05 4.647577829e-05 4.614039704e-05 4.614039704e-05 0.0 0.000293729358 0.0 2.826982403e-05 2.826982403e-05 8.232580786e-06 8.232580786e-06 -2.133410856e-05 -1.290995277e-05 -2.133410856e-05 -2.133410856e-05 -6.49821325e-05 -6.49821325e-05 1.272905899e-05 -0.0001349639776 -0.0001349639776 -0.0003556466553 -0.0003556466553 -0.0004128379248 -6.033434185e-08 0.000293729358 0.000293729358 -1.414716467e-05 -1.414716467e-05 2.454763091e-05 2.454763091e-05 1.324253462e-05 3.876134767e-05 3.876134767e-05 3.744698676e-05 4.647577829e-05 4.647577829e-05 4.708346326e-05 4.671312739e-05 4.708346326e-05 4.708346326e-05 -9.207347307e-06 1.878124104e-05 0.0 0.0001124017888 0.0 -6.033434185e-08 -6.033434185e-08 -1.290995277e-05 -1.290995277e-05 -2.19540691e-05 1.272905899e-05 1.272905899e-05 -1.235167156e-05 -0.0002331533424 -0.0001142093274 -0.0002331533424 -0.0002331533424 -0.0004128379248 -0.0003525708215 -0.0004128379248 -9.207347307e-06 -9.207347307e-06 0.0001124017888 0.0001124017888 1.003611729e-05 1.003611729e-05 1.003611729e-05 -1.2124786e-05 1.324253462e-05 1.324253462e-05 2.942587288e-05 3.744698676e-05 3.744698676e-05 4.671312739e-05 4.671312739e-05 5.753110575e-05 6.23826481e-05 1.878124104e-05 1.878124104e-05 0.0 0.0003879002939 0.0 -2.19540691e-05 -2.19540691e-05 -1.235167156e-05 -1.235167156e-05 -0.0001142093274 -0.0001142093274 -0.0003525708215 -0.0003525708215 -0.000418463584 1.078933458e-07 -3.88810497e-05 -4.17123835e-05 -8.630896642e-05 -4.17123835e-05 -4.17123835e-05 -3.864119331e-05 -4.082673449e-05 0.0003879002939 0.0003879002939 -1.2124786e-05 -1.2124786e-05 2.942587288e-05 2.942587288e-05 5.753110575e-05 5.753110575e-05 6.095386436e-05 6.23826481e-05 6.23826481e-05 1.078933458e-07 1.078933458e-07 5.164036805e-05 0.0 0.0001520616809 0.0 -3.864119331e-05 -3.864119331e-05 2.108657106e-05 4.227771983e-05 2.108657106e-05 2.108657106e-05 -0.0002124652736 -8.018771704e-05 -0.0002124652736 -0.0002124652736 -0.000418463584 -0.0003287623434 -0.000418463584 -3.88810497e-05 -3.88810497e-05 -8.630896642e-05 -8.630896642e-05 -4.082673449e-05 -4.082673449e-05 0.0001520616809 0.0001520616809 5.932483582e-05 5.932483582e-05 5.932483582e-05 5.205347639e-05 6.095386436e-05 6.095386436e-05 6.322785014e-05 5.164036805e-05 5.164036805e-05 0.0 0.0002734371229 0.0 4.227771983e-05 4.227771983e-05 -8.018771704e-05 -8.018771704e-05 -0.0003287623434 -0.0003287623434 -0.000385035434 3.973239811e-05 -0.0001009697922 -3.299560423e-05 -0.0001009697922 -0.0001009697922 -4.732319183e-05 -3.345781833e-05 -4.732319183e-05 -4.732319183e-05 -2.490058936e-05 -1.210566833e-05 -2.490058936e-05 -2.490058936e-05 3.07812829e-05 2.536670689e-05 0.0002734371229 0.0002734371229 5.205347639e-05 5.205347639e-05 6.322785014e-05 6.322785014e-05 7.943892833e-05 3.973239811e-05 3.973239811e-05 6.565232775e-05 0.0 0.0001291472151 0.0 3.07812829e-05 3.07812829e-05 -9.659469169e-05 1.319533196e-05 -9.659469169e-05 -9.659469169e-05 -0.0002056280314 -0.000385035434 -0.00029653821 -0.000385035434 -3.299560423e-05 -3.299560423e-05 -3.345781833e-05 -3.345781833e-05 -1.210566833e-05 -1.210566833e-05 2.536670689e-05 2.536670689e-05 3.842144185e-05 0.0001291472151 0.0001291472151 7.054854561e-05 7.054854561e-05 7.054854561e-05 7.943892833e-05 7.943892833e-05 5.099623138e-05 6.565232775e-05 6.565232775e-05 -0.0001021821568 -2.682944334e-05 0.0 0.0002450234633 0.0 1.319533196e-05 1.319533196e-05 -0.0002056280314 -0.0002056280314 -0.00029653821 -0.00029653821 -0.0003777686025 -0.0001021821568 -0.0001021821568 -7.269363285e-05 -5.155089141e-05 -2.943712777e-05 -5.155089141e-05 -5.155089141e-05 3.334802786e-06 3.842144185e-05 3.842144185e-05 1.827067403e-05 0.0002450234633 0.0002450234633 5.099623138e-05 5.099623138e-05 5.622694049e-06 -2.682944334e-05 -2.682944334e-05 -7.65419578e-05 0.0 0.0001732853939 0.0 -3.738026553e-05 -3.738026553e-05 -3.738026553e-05 -0.0001824434948 -0.0001112781134 -0.0001824434948 -0.0001824434948 -0.0003777686025 -0.0002636508141 -0.0003777686025 -7.269363285e-05 -7.269363285e-05 -2.943712777e-05 -2.943712777e-05 3.334802786e-06 3.334802786e-06 1.827067403e-05 1.827067403e-05 0.0001732853939 0.0001732853939 5.622694049e-06 5.622694049e-06 -1.279028267e-05 -7.65419578e-05 -7.65419578e-05 -1.833383141e-05 -7.608401644e-05 0.0 0.000135765216 0.0 2.6961346e-05 -2.272584141e-05 9.3846687e-06 -2.272584141e-05 -2.272584141e-05 -0.0001112781134 -0.0001112781134 -7.195630452e-05 -0.0002636508141 -0.0002636508141 -0.0003373074216 -1.833383141e-05 -1.833383141e-05 4.570165711e-05 3.480356387e-05 6.576042724e-05 3.480356387e-05 3.480356387e-05 1.311986149e-05 3.257166258e-05 1.311986149e-05 1.311986149e-05 2.6961346e-05 2.6961346e-05 2.224524579e-05 0.000135765216 0.000135765216 -1.279028267e-05 -1.279028267e-05 -3.992171579e-06 -7.608401644e-05 -7.608401644e-05 -1.595838857e-05 0.0 0.000117238904 0.0 9.3846687e-06 9.3846687e-06 -7.195630452e-05 -7.195630452e-05 -0.0001477619051 -0.0003373074216 -0.0002126703089 -0.0003373074216 4.570165711e-05 4.570165711e-05 6.576042724e-05 6.576042724e-05 3.257166258e-05 3.257166258e-05 6.927848892e-05 3.988510331e-05 2.224524579e-05 2.224524579e-05 0.000117238904 0.000117238904 -3.992171579e-06 -3.992171579e-06 -1.595838857e-05 -1.595838857e-05 6.448169627e-05 2.694181068e-05 0.0 0.0001800382757 0.0 1.611883423e-05 2.223738807e-05 2.976757462e-06 2.409333931e-05 2.976757462e-06 2.976757462e-06 -0.0001477619051 -0.0001477619051 -2.48422486e-05 -0.0002126703089 -0.0002126703089 6.448169627e-05 6.448169627e-05 6.927848892e-05 6.927848892e-05 8.243975014e-05 3.988510331e-05 3.988510331e-05 1.611883423e-05 1.611883423e-05 2.771477682e-05 0.0001800382757 0.0001800382757 2.694181068e-05 2.694181068e-05 0.0 0.0001715835506 0.0 -0.0002612604611 -0.0003527447523 2.223738807e-05 2.223738807e-05 2.409333931e-05 2.409333931e-05 -2.48422486e-05 -2.48422486e-05 -4.50803367e-05 -0.0002612604611 -0.0002612604611 -0.0001398607521 8.243975014e-05 8.243975014e-05 2.771477682e-05 2.771477682e-05 1.932972402e-05 1.639513238e-05 1.141829594e-05 0.0001715835506 0.0001715835506 3.374066315e-05 3.174491707e-05 3.374066315e-05 3.374066315e-05 7.379907131e-05 7.831078589e-05 0.0 0.000155574096 0.0 -0.0003527447523 -0.0003527447523 1.639513238e-05 1.639513238e-05 2.15605898e-05 1.275838513e-05 2.15605898e-05 2.15605898e-05 -4.50803367e-05 -4.50803367e-05 2.561533858e-05 -0.0001398607521 -0.0001398607521 -0.0002766691487 -0.0001873621775 7.379907131e-05 7.379907131e-05 4.818242724e-05 1.932972402e-05 1.932972402e-05 1.759296126e-05 1.141829594e-05 1.141829594e-05 0.000155574096 0.000155574096 3.174491707e-05 3.174491707e-05 4.027057896e-05 7.831078589e-05 7.831078589e-05 6.683794535e-05 0.0 0.0001602973487 0.0 -0.0002766691487 -0.0002766691487 -0.0003505170506 1.275838513e-05 1.275838513e-05 2.561533858e-05 2.561533858e-05 -0.0001873621775 -0.0001873621775 4.818242724e-05 4.818242724e-05 1.759296126e-05 1.759296126e-05 3.524191303e-06 4.652363288e-06 -1.608778975e-05 4.652363288e-06 4.652363288e-06 1.907925841e-06 3.92108085e-07 0.0001602973487 0.0001602973487 4.027057896e-05 4.027057896e-05 4.554228374e-05 6.683794535e-05 6.683794535e-05 0.0 0.0001647959544 0.0 6.098129001e-05 -3.079244592e-06 4.928307132e-06 -0.0001355820887 -0.0003505170506 -0.0002666303119 -0.0003505170506 1.907925841e-06 1.907925841e-06 3.310344282e-05 5.097043703e-05 3.310344282e-05 3.310344282e-05 -0.0001355820887 -0.0001355820887 -3.011612887e-05 -3.079244592e-06 -3.079244592e-06 3.524191303e-06 3.524191303e-06 -4.125502855e-05 -1.608778975e-05 -1.608778975e-05 3.92108085e-07 3.92108085e-07 0.0001647959544 0.0001647959544 4.554228374e-05 4.554228374e-05 6.098129001e-05 6.098129001e-05 0.0 0.0001048172728 0.0 2.284951958e-05 4.928307132e-06 4.928307132e-06 -5.546127998e-05 -0.0002666303119 -0.0002666303119 5.097043703e-05 5.097043703e-05 -3.011612887e-05 -3.011612887e-05 -4.125502855e-05 -4.125502855e-05 -7.307787714e-05 -6.496290314e-05 -3.359068731e-05 -6.496290314e-05 -6.496290314e-05 -1.440175489e-05 -2.008278671e-05 -1.440175489e-05 -1.440175489e-05 4.440428076e-05 1.928636075e-05 0.0001048172728 0.0001048172728 5.474997706e-05 5.474997706e-05 5.474997706e-05 2.284951958e-05 2.284951958e-05 -2.328655999e-05 0.0 0.0001417732335 0.0 -5.546127998e-05 -5.546127998e-05 -6.3325819e-05 -0.0002268470974 -0.000144650281 -0.0002268470974 -0.0002268470974 -0.0003111764504 4.440428076e-05 4.440428076e-05 -6.3325819e-05 -6.3325819e-05 4.221160701e-06 -7.477751346e-05 -7.307787714e-05 -7.307787714e-05 -2.73281661e-05 -3.359068731e-05 -3.359068731e-05 -2.008278671e-05 -2.008278671e-05 1.928636075e-05 1.928636075e-05 0.0001417732335 0.0001417732335 -2.328655999e-05 -2.328655999e-05 0.0 0.0001875950557 0.0 -5.998877152e-05 -7.477751346e-05 -7.477751346e-05 -1.854216597e-05 -0.000144650281 -0.000144650281 -0.0001920389616 -0.0003111764504 -0.0002444181805 -0.0003111764504 1.266636472e-05 -8.460851552e-06 4.221160701e-06 4.221160701e-06 -3.856493369e-05 -2.73281661e-05 -2.73281661e-05 2.720686298e-05 -1.635657371e-06 2.900559697e-05 -1.635657371e-06 -1.635657371e-06 7.636347746e-07 6.522865858e-06 7.636347746e-07 7.636347746e-07 1.266636472e-05 1.266636472e-05 3.158476203e-06 0.0001875950557 0.0001875950557 -5.998877152e-05 -5.998877152e-05 1.564463875e-05 0.0 7.874699335e-05 0.0 -1.854216597e-05 -1.854216597e-05 -0.0001920389616 -0.0001920389616 -0.0002444181805 -0.0002444181805 -0.0002813904123 -8.460851552e-06 -8.460851552e-06 -3.856493369e-05 -3.856493369e-05 -0.0001392055924 -0.0001002622832 1.389685755e-05 2.720686298e-05 2.720686298e-05 4.964776118e-05 2.900559697e-05 2.900559697e-05 6.522865858e-06 6.522865858e-06 3.158476203e-06 3.158476203e-06 -1.071030525e-05 1.389229288e-05 7.874699335e-05 7.874699335e-05 1.564463875e-05 1.564463875e-05 0.0 0.0001100843773 0.0 -3.208715157e-06 1.389685755e-05 1.389685755e-05 4.049881096e-05 -0.0001392055924 -0.0001392055924 -0.0002010975302 -0.0002813904123 -0.0002427350046 -0.0002813904123 -1.071030525e-05 -1.071030525e-05 -3.29439428e-05 -0.0001002622832 -0.0001002622832 -7.120833055e-05 4.964776118e-05 4.964776118e-05 4.702208885e-05 6.343447652e-05 4.702208885e-05 4.702208885e-05 2.965613278e-05 4.467934527e-05 2.965613278e-05 2.965613278e-05 1.389229288e-05 1.389229288e-05 2.727506116e-05 0.0001100843773 0.0001100843773 -3.208715157e-06 -3.208715157e-06 0.0 9.07803382e-05 0.0 4.049881096e-05 4.049881096e-05 -0.0002010975302 -0.0002010975302 -0.0002427350046 -0.0002427350046 -0.0002503365511 -3.29439428e-05 -3.29439428e-05 -7.120833055e-05 -7.120833055e-05 -0.0001583778205 -0.0001253360998 4.822823105e-05 6.343447652e-05 6.343447652e-05 5.388259896e-05 4.467934527e-05 4.467934527e-05 2.727506116e-05 2.727506116e-05 9.07803382e-05 9.07803382e-05 0.0 0.0001147667893 0.0 4.822823105e-05 4.822823105e-05 -0.0001583778205 -0.0001583778205 -0.0002503365511 -0.0002103374037 -0.0002503365511 4.364749214e-05 3.939699348e-05 -3.111377885e-05 1.479066627e-05 -3.111377885e-05 -3.111377885e-05 -0.0001253360998 -0.0001253360998 -6.61769904e-05 5.388259896e-05 5.388259896e-05 5.21035783e-05 5.567619059e-05 5.21035783e-05 5.21035783e-05 4.364749214e-05 4.364749214e-05 4.755357166e-05 0.0001147667893 0.0001147667893 0.0 0.0 0.0001012810344 5.844724285e-05 7.561115747e-05 5.844724285e-05 5.844724285e-05 -0.0002103374037 -0.0002103374037 3.939699348e-05 3.939699348e-05 1.479066627e-05 1.479066627e-05 -6.61769904e-05 -6.61769904e-05 4.28607841e-05 5.567619059e-05 5.567619059e-05 4.003026832e-05 4.755357166e-05 4.755357166e-05 3.701220135e-05 4.66684962e-05 4.327956725e-05 0.0001012810344 0.0001012810344 0.0 0.0001213696735 0.0 7.561115747e-05 7.561115747e-05 4.477982482e-05 4.28607841e-05 4.28607841e-05 1.656630548e-05 -9.676348869e-05 -0.000183121557 -0.0001419087442 -0.000183121557 -0.000183121557 -0.0002295878315 4.66684962e-05 4.66684962e-05 8.945948279e-06 4.976836526e-05 8.945948279e-06 8.945948279e-06 -9.676348869e-05 -9.676348869e-05 -3.729373742e-05 4.003026832e-05 4.003026832e-05 2.477094748e-05 3.701220135e-05 3.701220135e-05 2.285464094e-05 4.327956725e-05 4.327956725e-05 0.0001213696735 0.0001213696735 0.0 0.0 0.0001221838788 4.477982482e-05 4.477982482e-05 3.573650978e-05 1.656630548e-05 1.656630548e-05 -0.0001419087442 -0.0001419087442 -0.0001527034588 -0.0002295878315 -0.0001888547097 -0.0002295878315 4.976836526e-05 4.976836526e-05 -3.729373742e-05 -3.729373742e-05 2.477094748e-05 2.477094748e-05 2.285464094e-05 2.285464094e-05 -4.864651075e-06 4.408393821e-05 2.78526868e-05 4.408393821e-05 4.408393821e-05 3.933006321e-05 4.82384949e-05 0.0001221838788 0.0001221838788 0.0 0.0001025082996 0.0 -4.615013138e-05 -3.236350036e-05 -1.905964282e-05 3.573650978e-05 3.573650978e-05 -4.615013138e-05 -4.615013138e-05 -0.0001527034588 -0.0001527034588 -0.0001888547097 -0.0001888547097 -0.0002175787857 3.933006321e-05 3.933006321e-05 -5.115515994e-05 -4.241622345e-06 -5.115515994e-05 -5.115515994e-05 -0.0001285712817 -9.751235992e-05 -3.236350036e-05 -3.236350036e-05 -4.864651075e-06 -4.864651075e-06 1.180178727e-06 2.78526868e-05 2.78526868e-05 4.82384949e-05 4.82384949e-05 0.0001025082996 0.0001025082996 0.0 6.65291303e-05 -1.831235101e-06 0.0 -1.904251535e-05 -1.905964282e-05 -1.905964282e-05 2.264077665e-05 -1.831235101e-06 -1.831235101e-06 -1.904251535e-05 -1.904251535e-05 6.338111987e-06 -0.0001285712817 -0.0001285712817 -0.0002175787857 -0.0001784663495 -0.0002175787857 -4.241622345e-06 -4.241622345e-06 -9.751235992e-05 -9.751235992e-05 1.180178727e-06 1.180178727e-06 2.503233852e-05 2.19007963e-05 1.978844244e-05 2.19007963e-05 2.19007963e-05 1.861357217e-05 2.355069515e-05 1.861357217e-05 1.861357217e-05 -2.355745442e-05 1.555583462e-06 0.0 6.65291303e-05 6.65291303e-05 0.0001727628263 0.0 2.264077665e-05 2.264077665e-05 6.338111987e-06 6.338111987e-06 -0.0001784663495 -0.0001784663495 -2.355745442e-05 -2.355745442e-05 -9.195069931e-05 -6.451369274e-05 -9.195069931e-05 -9.195069931e-05 -0.0001609647883 -0.0001243128326 2.503233852e-05 2.503233852e-05 1.978844244e-05 1.978844244e-05 2.355069515e-05 2.355069515e-05 1.555583462e-06 1.555583462e-06 4.76709241e-05 0.0 0.0 0.000127327464 0.0 0.0 0.0001094666437 6.798244659e-05 -0.0001609647883 -0.0001609647883 -6.451369274e-05 -6.451369274e-05 -0.0001243128326 -0.0001243128326 3.01982078e-05 1.68860305e-05 -3.330065929e-05 -2.322391552e-06 4.926305083e-05 0.0001054909631 0.0001320754493 0.0 0.0 8.183844948e-05 0.0 0.0 0.0 0.0 3.759051178e-05 0.0001102633709 0.0 0.0 0.0 0.0 -0.0001583143414 -0.0002283787955 -0.0001006042669 1.976251589e-05 2.066488457e-07 -6.014328558e-05 -2.123105774e-05 5.935061021e-05 8.456837671e-05 8.795299978e-05 3.648957775e-05 0.0001040338218 0.0 0.0 8.931363331e-05 0.0 0.0 -0.0001341818738 -0.0001691892384 -9.847036163e-05 -6.452816932e-05 7.082321333e-06 -3.432491335e-05 5.492235054e-05 7.10612911e-05 7.088376215e-05 2.497178106e-05 0.0001018797636 0.0 0.0 8.145018175e-05 0.0 0.0 -0.0001307015774 -0.0001635172111 -9.752505951e-05 -6.062048608e-05 -9.188090942e-06 -3.464652391e-05 4.800891968e-05 5.493272748e-05 2.412087824e-05 2.431087087e-06 9.055480738e-05 0.0 0.0 0.0 0.0 8.104516382e-05 0.0 0.0 0.0 0.0 6.836760846e-05 0.0 0.0 0.0 0.0 7.986754134e-05 0.0 0.0 -0.0001386131241 -0.0001020922748 -7.983335109e-05 -5.000498758e-05 -2.324770459e-05 4.365902716e-05 3.482502094e-05 1.094714416e-05 -1.168592254e-05 6.952335462e-05 6.993328219e-05 5.119282843e-05 3.426416239e-05 5.971230419e-05 0.0 7.133562954e-05 5.942257384e-05 0.0 0.0 0.0 0.0 0.0 -8.971014326e-05 -0.0001159773734 0.0 6.184606437e-05 0.0 -6.136447799e-05 -3.649547557e-05 2.06923102e-05 2.212924317e-05 -3.711926785e-06 -2.295765574e-05 0.0 0.0 1.421212187e-05 4.844585205e-05 3.359696498e-05 5.143995489e-05 5.109555517e-05 4.732444619e-05 -6.818991029e-05 -8.7341762e-05 -0.0001042216033 5.416478813e-05 0.0 0.0 -5.821464424e-05 -4.300865039e-05 1.291585436e-06 -1.883746294e-05 2.133048378e-06 0.0 0.0 4.342830362e-05 1.51564313e-05 3.596376132e-05 4.135553632e-05 3.383245889e-05 -7.073458165e-05 -0.000100594614 0.0 0.0 4.589854377e-05 0.0 0.0 0.0 -4.875940716e-05 -5.934584304e-05 -3.052789682e-05 -1.399239613e-05 -4.860659487e-06 6.561090195e-06 3.562341311e-05 3.392601305e-05 1.795435613e-05 2.647967396e-05 -5.588835572e-05 -6.900987172e-05 -8.593312195e-05 4.100698507e-05 3.51222215e-05 0.0 0.0 0.0 0.0 0.0 0.0 0.0 2.969499958e-05 0.0 0.0 2.874369977e-05 -4.367395702e-05 -2.538633245e-05 -4.146877871e-06 -1.637032075e-05 2.755590966e-06 2.89912705e-05 2.313435201e-05 1.357859821e-05 0.0 1.608203206e-05 0.0 0.0 0.0 8.653888963e-06 -4.789180858e-05 -6.562988684e-05 -8.129282029e-05 2.656780866e-05 2.435268056e-05 2.398700881e-05 0.0 0.0 0.0 0.0 0.0 2.073521695e-05 -3.063392535e-05 -1.367901629e-05 2.471156117e-06 -8.195045852e-06 2.038628622e-05 1.101133004e-05 1.272277539e-05 6.503770301e-06 3.495545554e-06 -4.007042586e-05 -5.364216247e-05 -7.335149278e-05 1.461317437e-05 1.370597784e-05 1.243082787e-05 -2.663792565e-05 -2.075880999e-08 -9.33006168e-06 -1.80129827e-05 7.900534105e-06 8.502062949e-06 3.409475589e-06 9.243586285e-07 -4.047680352e-05 -5.07252418e-05 -6.152210413e-05 9.213979462e-06 6.767917847e-06 6.795894149e-06 9.021527201e-06 6.262406504e-06 -3.688266162e-06 -2.70919977e-05 -1.135561079e-05 -1.800308342e-05 -1.138795236e-05 8.629795214e-07 3.260727348e-06 3.684456458e-06 -1.391799657e-07 -3.211516398e-05 -4.265030005e-05 -5.710518368e-05 2.337850594e-06 4.563955916e-06 2.582686769e-06 -7.290499177e-06 -2.135681507e-05 -1.457220164e-05 -4.416709132e-06 1.816736731e-06 9.455306825e-07 1.769576907e-07 -2.730057643e-05 -3.701168073e-05 -4.844793996e-05 -2.18782194e-07 -2.452903734e-06 -5.1491497e-07 -1.06600821e-05 -1.922202188e-05 -7.200539712e-06 -1.989594392e-06 -9.663388302e-08 1.110934396e-07 -2.320497332e-05 -3.122574111e-05 -4.064349762e-05 -4.397439087e-06 -1.480053364e-05 -9.009332091e-06 -3.042566561e-06 -8.571795051e-07 9.320814452e-09 -1.813665564e-05 -2.419942218e-05 -3.18748074e-05 -6.390895549e-06 -1.183497365e-05 -3.841552643e-06 -1.922562806e-07 -1.683872826e-05 -2.508205371e-05 -8.410859834e-06 -3.323433514e-06 2.060079924e-07 -1.0794911e-05 -1.349195842e-05 -5.195850943e-06 -1.086968277e-06 -1.13551294e-05 -2.465669072e-06 
SCALARS w float64 1
LOOKUP_TABLE default
-1.158052858e-23 4.135903063e-24 1.98523347e-23 2.086306131e-05 9.670495906e-06 2.983570286e-08 0.0 -2.812414083e-23 -5.624828165e-23 1.033201644e-07 -6.6174449e-24 2.076052698e-05 -8.394807227e-08 1.008978421e-05 1.023151642e-06 1.058791184e-22 9.36351483e-06 2.472217033e-06 5.29395592e-23 0.0 -4.135903063e-24 -1.654361225e-24 2.054459213e-05 3.144037068e-05 -8.9431296e-08 2.045437499e-05 4.894861381e-08 -4.314837453e-09 -1.580319443e-08 8.382560804e-09 8.902864592e-08 -7.575698668e-08 4.889488801e-07 1.045961656e-05 1.208928832e-06 3.364105312e-06 -9.169029424e-07 2.726716973e-06 -4.113607248e-07 2.679382341e-06 -7.804401806e-08 1.158052858e-23 1.158052858e-23 2.316105715e-23 1.98523347e-23 1.654361225e-23 2.373687937e-08 -2.481541838e-24 -2.274746685e-24 -2.067951531e-24 -3.517049546e-09 2.274746685e-24 1.351612968e-08 -3.101927297e-25 -2.895132144e-24 3.164312288e-05 -7.927559386e-09 -4.730041165e-09 -1.643297054e-08 -1.136517631e-08 -2.137537e-08 4.871822256e-10 -3.690105656e-08 -6.359234177e-08 -3.146219864e-07 -9.557796791e-07 7.197751189e-08 4.469199248e-07 1.000260619e-07 6.638667414e-07 -1.368825591e-06 5.425939705e-08 6.6174449e-24 -6.6174449e-24 6.065424971e-07 -1.0114824e-07 2.042881952e-08 -1.161400039e-08 -1.849949624e-08 7.878676315e-08 1.01403886e-08 -5.507190069e-09 1.634889585e-07 -3.665415455e-09 -3.346041479e-09 1.953523108e-08 1.98523347e-23 0.0 0.0 4.009221923e-08 1.783645401e-08 -3.270792988e-08 -3.727181107e-08 -6.350412348e-09 -1.888581177e-08 -7.761294221e-08 -1.229648385e-08 -3.866134001e-08 1.780931784e-07 -5.114557668e-07 -1.920367191e-08 -1.904775032e-07 -9.920637754e-07 -6.153019599e-07 1.743358133e-05 0.0 5.85455013e-07 1.262272977e-06 6.054694943e-07 5.784640297e-07 -6.760281969e-08 -5.590426403e-09 1.146488021e-07 2.205616011e-08 -5.089233639e-08 1.890776916e-08 3.093774681e-05 4.203761561e-05 -9.314420514e-08 3.081859521e-05 7.14722585e-09 1.737900697e-08 -3.293903035e-08 -1.819419042e-08 5.311598176e-08 1.668010554e-08 -4.057152317e-08 -3.302324202e-08 0.0 0.0 0.0 3.155575984e-07 -2.652670323e-08 5.478005007e-08 -4.840103376e-08 -5.451024196e-08 9.495998363e-09 -1.214754193e-07 2.722042802e-08 -1.146535767e-08 -2.976772354e-07 -9.626850322e-08 -2.788308143e-07 -1.159987052e-08 -8.980657898e-08 -6.863710015e-07 1.11579695e-05 5.345125226e-05 -3.345139457e-06 1.361547251e-05 1.652859888e-05 4.453690937e-05 4.430304006e-05 4.822767955e-05 4.050969493e-05 4.048613433e-05 4.19664153e-05 1.32435284e-08 -1.456532506e-07 -9.136093057e-09 2.13497718e-08 5.994624482e-09 2.369465398e-07 3.183316091e-07 3.172739121e-07 1.372273858e-07 0.0 -2.100212477e-06 0.0 -5.708691601e-08 2.486318547e-07 -9.238633481e-09 5.574289205e-08 -3.687853602e-08 2.228442128e-08 -8.001346973e-09 -1.139882755e-07 1.11961309e-09 -5.754082763e-08 -2.855039878e-07 -5.222872122e-08 -4.364775071e-08 -6.451383869e-07 -6.039057724e-07 3.051139124e-05 9.228182059e-06 2.260716802e-05 5.187181525e-05 5.024953966e-05 4.458271581e-05 -4.939654032e-06 4.897989419e-06 4.297754281e-05 4.846411723e-05 -2.376553525e-08 -1.144854803e-06 3.881701837e-08 1.422538404e-08 -4.152124376e-08 -2.425606921e-08 2.888237581e-08 3.896300735e-08 -7.072766159e-08 1.506248496e-06 -5.993068765e-09 1.547292799e-06 4.792882213e-06 0.0 7.571530218e-06 0.0 1.572045793e-06 4.002689909e-08 1.656797201e-06 -2.064961935e-07 1.423439252e-06 7.173336222e-07 -1.898341301e-07 3.306995603e-08 -1.645293593e-07 -1.401675768e-07 -3.412509301e-08 -6.052288287e-08 -1.99300265e-07 -1.052205917e-07 -1.26357055e-07 -1.164233347e-07 -4.765983637e-07 2.702276615e-05 -6.541365531e-06 1.686443675e-05 2.964917462e-05 1.906597252e-05 1.306159636e-07 4.999513013e-06 1.393037905e-08 2.776090641e-08 3.267148975e-08 4.353858677e-11 1.994162161e-07 1.974434242e-08 1.238896044e-09 3.47091721e-06 2.030209471e-08 0.0 2.260322585e-05 0.0 1.935169196e-08 2.323508478e-08 1.449589995e-07 5.477482274e-07 7.649637658e-07 6.909536073e-07 -1.566066994e-08 -4.607118275e-09 -1.719954234e-07 1.236507246e-08 -4.315182886e-08 -1.822234995e-08 -1.259621913e-08 -3.408016876e-07 -9.313010105e-08 -4.819492845e-07 -4.873002053e-07 2.051375243e-05 -7.64594404e-06 5.616185808e-07 1.055519504e-05 4.980601981e-06 5.099717194e-08 4.799459595e-06 6.531828196e-08 1.696453059e-08 -9.241141457e-09 5.496805405e-08 -1.406582696e-08 4.625088658e-06 8.763148615e-06 3.232983234e-08 4.609156986e-06 2.755253774e-08 2.540685958e-08 1.913113622e-08 3.153063642e-08 0.0 4.756887039e-05 0.0 2.141281194e-07 -1.610250097e-08 2.069005859e-07 2.228448779e-07 -4.2087008e-08 9.389342974e-08 6.856411171e-09 -1.651227382e-08 9.199480818e-07 -3.07583329e-07 -2.591401827e-07 -8.180969752e-09 9.706566865e-09 -1.709916003e-07 -1.583422919e-07 -1.529118552e-07 -7.662262341e-08 -4.533836174e-07 1.067069282e-05 2.22238762e-06 2.571825557e-06 1.92536023e-05 1.943665225e-05 1.926169721e-05 1.993497439e-05 1.344119328e-05 9.358167076e-06 1.305180083e-05 8.703196212e-06 8.687405255e-06 8.744862799e-06 2.576565949e-08 2.089128133e-08 2.465388036e-08 3.348171142e-08 0.0 1.928879303e-05 0.0 -1.68838651e-08 -3.210021851e-08 -7.40944517e-09 -2.912230678e-10 1.368840265e-08 2.951539529e-08 8.298139938e-07 2.522812097e-06 8.425087849e-07 5.37281585e-08 7.642798524e-07 6.057937409e-08 -3.696978755e-07 -4.981074716e-08 -4.750722758e-07 -4.967609342e-07 1.55978231e-08 2.064263875e-05 7.540563791e-07 1.994759441e-05 4.984875227e-07 7.93914519e-06 1.191626234e-05 -1.512745444e-06 1.303466863e-05 2.773010982e-08 1.936539313e-08 2.907742708e-08 2.922166196e-08 2.220492826e-08 2.641390995e-08 -5.361401004e-08 3.855662225e-07 9.065188116e-08 1.341188619e-08 0.0 3.906288988e-05 0.0 -4.764533098e-08 1.390906665e-08 1.509339441e-08 -7.90127973e-08 1.841363052e-08 4.778068566e-06 -5.439732511e-07 -2.714732598e-07 3.774311786e-08 3.033918936e-07 -1.475007242e-07 -1.935929591e-07 -1.052558808e-07 -5.033181749e-08 -4.915555783e-07 -3.954032731e-08 -2.627197556e-08 1.665376865e-05 -3.258883804e-06 9.874257315e-07 1.664312196e-05 7.993198612e-06 7.760655188e-06 7.590764895e-06 3.577767391e-08 -8.243619697e-08 1.456939391e-08 3.941594973e-08 2.895401839e-08 5.461813845e-08 2.482487974e-08 1.301563114e-08 3.786580705e-07 -5.904052478e-08 0.0 1.61931459e-05 0.0 -1.056419193e-10 3.584392717e-09 2.245553271e-06 -1.103747802e-07 -3.451950732e-08 -3.797305848e-07 -4.244937905e-08 -4.897741931e-07 -4.879928079e-07 -2.254965262e-08 3.829431735e-08 -2.409995143e-08 1.724382108e-08 -2.820082831e-08 2.286726214e-08 -2.359325443e-08 -2.199370579e-08 2.13738652e-05 -2.093919537e-06 1.684322419e-05 4.144179437e-09 7.410063115e-08 4.596817854e-08 -5.215742477e-09 1.601513604e-07 -1.304237997e-08 3.804779591e-07 1.202683899e-06 5.497160968e-08 1.586675827e-08 3.877395824e-07 0.0 4.60066142e-05 0.0 8.834421316e-06 4.323384017e-06 1.409371548e-08 4.264583741e-06 6.52880107e-07 -2.212371312e-07 8.736594495e-08 -1.462960335e-07 -7.314179083e-08 -2.449968514e-07 -1.080217982e-07 -7.833940991e-08 -4.974832468e-07 2.892343811e-08 -1.737090451e-07 2.23650469e-05 1.774796042e-05 1.744396063e-05 1.017012672e-05 1.320225178e-05 -5.552625463e-06 -9.80715711e-08 1.059231388e-06 4.81337244e-08 9.213350909e-08 -6.817451072e-09 3.7698263e-07 -3.277411809e-08 1.769782143e-06 -1.018630497e-07 0.0 1.499799751e-05 0.0 1.268594174e-05 2.740875465e-07 7.02650544e-07 -2.896641462e-07 8.557042918e-09 -5.261785034e-07 -5.5487376e-07 -7.542188712e-08 3.457091219e-08 4.795539488e-08 2.664734397e-05 2.297419773e-05 2.242384133e-05 2.298580669e-05 3.534698986e-07 1.766821157e-05 1.73695133e-05 -1.823969994e-07 2.027552904e-07 1.014658848e-05 3.813978845e-06 -6.107982291e-08 3.040340674e-06 8.115765244e-06 1.132945687e-05 5.54563427e-06 4.093128127e-06 1.685205882e-06 1.448768874e-06 6.287505827e-07 9.350650988e-08 4.204660134e-08 0.0 1.163330681e-05 0.0 2.703130656e-07 1.573032752e-08 6.513046436e-07 5.977597257e-07 -1.365283549e-07 -2.625585234e-07 -6.810612146e-08 -8.046516816e-08 -3.6491237e-08 -4.622896629e-07 8.240983459e-08 -1.771949292e-07 3.382934446e-05 2.709980674e-06 7.984946509e-07 1.834862744e-07 1.101439957e-07 3.971649953e-07 9.087497966e-08 1.099094973e-05 2.341646622e-05 1.075519361e-05 2.124812805e-06 5.773914567e-06 6.888906437e-06 -6.152860138e-07 3.070513068e-06 1.350632453e-06 -2.201160279e-07 4.10582062e-07 1.686507497e-07 0.0 3.360152615e-06 0.0 3.913226436e-08 -2.466130524e-07 6.746960294e-08 -2.247507584e-07 -7.688820321e-08 -5.3067672e-07 -5.99063777e-07 4.049065812e-05 3.345714408e-05 3.345865578e-05 6.962328043e-06 -1.826847385e-07 2.850342571e-08 2.81056323e-06 7.573616788e-08 2.695392538e-06 -1.891714944e-07 2.216508617e-06 1.340086077e-05 1.51438957e-05 1.819261081e-07 1.038497249e-06 1.671000336e-06 1.386925292e-06 -3.622313077e-07 5.350991193e-08 0.0 3.38525532e-06 0.0 2.130394296e-07 -9.547700747e-08 -4.142373088e-08 -1.506348258e-08 -1.387211892e-08 -2.911868303e-08 -2.468889615e-07 -1.104281734e-07 -9.665268441e-08 -3.18026103e-07 4.059142179e-05 8.196056605e-08 5.370555795e-08 5.116912941e-08 -2.89431029e-08 4.374622202e-08 -7.196632559e-08 -1.096228214e-07 7.925915708e-06 4.137469936e-05 -3.811650356e-06 1.404542709e-05 1.378393091e-05 4.183481639e-05 4.051178751e-05 -3.496084584e-07 4.042364669e-05 0.0 -5.045145786e-06 0.0 4.705945403e-07 1.986125199e-07 2.174353252e-08 -9.495344246e-08 -4.476031505e-08 8.437620751e-09 -1.688090655e-07 8.961185759e-09 -2.777426702e-08 -4.778948317e-07 -6.377635603e-07 8.057123935e-07 1.130363314e-07 -7.545942243e-08 1.944531683e-08 -1.407954289e-07 2.542088375e-07 -6.367472045e-08 5.401623255e-09 -5.199569799e-08 -7.963004729e-09 3.010192204e-08 -4.896355993e-08 -1.492269349e-08 5.383740542e-08 3.036203754e-05 5.237742672e-06 2.225350329e-05 3.918666363e-05 4.062152764e-05 4.184175839e-05 6.046616809e-07 -2.369844342e-06 0.0 1.934937571e-05 0.0 3.482014397e-08 -4.855863707e-08 2.26159211e-08 -2.287824734e-07 -1.559248735e-07 -6.56627215e-08 -8.541424407e-08 -3.158828856e-07 1.655946899e-07 7.405681008e-07 6.113498934e-07 5.937102202e-08 2.224871207e-07 4.384580756e-09 2.319712875e-07 2.280026169e-07 1.471608778e-08 -1.137711918e-08 2.47537566e-05 -8.41017244e-06 8.652446434e-06 2.241589618e-05 1.006056478e-05 7.379478436e-07 -8.681453604e-08 6.865893303e-07 0.0 1.961081728e-05 0.0 1.945972828e-08 8.374150089e-09 1.786075981e-08 -1.882820133e-08 2.127714429e-07 -9.271851018e-08 4.305455785e-08 2.793812689e-09 -6.848155141e-08 6.890324827e-08 -4.676823491e-07 2.6266101e-06 4.90440664e-07 5.020040651e-07 1.043580601e-06 8.022459092e-07 -6.55567932e-09 1.190197052e-06 2.085603263e-08 9.888316292e-09 2.530160682e-08 8.605530679e-06 -3.543469265e-06 1.555573462e-06 5.168341518e-07 0.0 2.56212338e-05 0.0 -4.554363821e-07 -2.913909516e-07 1.281289026e-08 8.648564808e-09 -1.327662925e-09 8.350771453e-08 6.961947539e-07 -3.25015795e-07 -3.052204427e-07 7.266162061e-08 -1.010788094e-07 2.634753738e-08 2.45441968e-06 -1.137945555e-07 3.666473097e-08 -8.594313195e-09 2.380419551e-08 -1.018441454e-09 2.845549328e-08 3.21792319e-06 1.400655054e-05 2.170680211e-07 4.175735204e-06 5.367052012e-06 2.736166772e-06 1.641622541e-07 2.555685294e-06 0.0 1.086751475e-05 0.0 -8.087072458e-08 -5.426938259e-07 4.261409361e-08 1.319589467e-08 -5.082864396e-09 1.682526596e-08 2.408991684e-06 5.415017882e-07 4.765162385e-07 1.714331755e-07 4.510870011e-07 1.918508833e-07 -2.464776632e-07 -7.077787133e-08 -1.760501792e-07 1.363520195e-06 -3.365222488e-07 1.062306879e-06 -1.144401909e-08 8.185586773e-09 1.383542273e-06 9.435822154e-09 -9.235258175e-09 1.710808255e-05 1.210962631e-06 1.226068454e-05 7.232408093e-06 7.235949772e-06 8.71069784e-06 -3.625099525e-07 3.37029463e-06 0.0 2.020961457e-05 0.0 -5.383599809e-08 -4.618628228e-07 -3.810318196e-07 3.566603902e-08 6.959885555e-08 3.30741437e-06 -2.261860123e-07 9.667698069e-09 -1.243644563e-07 1.438475766e-06 1.916012802e-07 2.816811602e-07 -2.22935316e-08 1.486374011e-08 -1.415560421e-08 2.175143212e-08 5.070203897e-08 1.064414958e-07 -2.722190799e-08 3.966344374e-08 1.254360721e-05 1.428852251e-06 3.559497717e-06 1.238901542e-05 -1.158676938e-06 8.878704061e-08 1.133747638e-06 0.0 1.004563676e-05 0.0 1.587043673e-06 4.563122897e-07 4.116375203e-07 -2.330631332e-07 -1.088073439e-07 -1.668697417e-07 -2.965888049e-07 5.780466745e-06 3.028645487e-06 8.637671497e-07 2.924391096e-06 -4.787188853e-07 1.024518063e-06 3.621307135e-07 -4.345717649e-08 1.157403919e-07 -2.692756866e-07 2.696715213e-07 6.175609625e-08 -4.772443154e-08 3.397420878e-07 2.303879108e-05 1.585037595e-05 1.608108535e-05 7.845169716e-06 9.632307569e-06 4.581165235e-06 7.384462895e-06 3.458877303e-06 9.481432839e-07 -1.509317568e-08 0.0 1.783576289e-05 0.0 2.546500021e-08 7.630934588e-08 -2.384295671e-07 1.168675218e-07 6.361452384e-08 -3.720742137e-07 1.011398223e-05 -1.812929983e-07 1.162726813e-06 -3.325391161e-07 2.929815126e-05 2.33152134e-05 2.331373302e-05 2.295453412e-05 -1.33461773e-07 4.804070277e-09 1.589291132e-05 1.591945551e-05 -1.265298188e-08 -6.5238651e-08 8.258559163e-06 4.450652393e-06 5.305263503e-07 7.342895392e-06 1.915547189e-05 8.608639962e-06 -5.689341753e-07 -5.023330129e-08 -8.743331241e-07 3.737761092e-06 2.87061883e-06 0.0 5.415934311e-06 0.0 3.174327465e-05 2.90940089e-05 -2.072990666e-07 -1.550009991e-08 2.66824921e-09 -8.248021838e-08 -3.538016633e-07 -2.600437043e-07 -1.852349907e-07 7.601452276e-07 3.715744703e-07 -8.051011383e-08 1.174803946e-06 2.912527492e-05 2.932904073e-05 3.317032872e-08 -1.507676593e-07 1.097527146e-08 1.623918456e-08 -2.00705876e-08 5.111340591e-08 -6.266406711e-08 9.566371281e-08 1.666807614e-05 3.412377904e-06 2.145117022e-05 3.150575535e-05 0.0 1.41806804e-05 0.0 3.03443948e-05 3.1681727e-05 1.074697743e-07 -2.097241326e-06 1.901351204e-08 -2.343641612e-07 -1.742661622e-07 -8.280985838e-08 -9.512447917e-08 -4.367181835e-07 8.713945149e-08 1.618826751e-09 1.451990178e-09 -2.059667095e-07 1.96830069e-07 4.575806012e-07 -6.820721618e-08 -9.58544482e-08 -1.274414193e-08 -1.81963167e-08 3.063519401e-08 -1.890774786e-08 -2.034489311e-08 -3.061716766e-08 1.220273154e-08 2.77556294e-10 4.408877877e-08 -1.173073408e-08 -9.321654744e-09 2.343782618e-05 -4.445602194e-06 7.137536814e-06 2.145684716e-05 -3.521078911e-08 0.0 1.948553059e-05 0.0 8.638537223e-06 5.942117181e-07 -2.9478593e-08 -1.053366368e-07 -3.025762408e-08 -3.373023756e-07 -2.378865678e-07 2.705311754e-08 -6.410651543e-08 -3.350128049e-08 -1.282729712e-07 -4.634101105e-08 -2.880819233e-08 4.715069746e-07 4.259707867e-07 4.384018583e-08 -4.684478365e-08 4.467388977e-08 1.26071101e-08 3.110288482e-08 1.678131627e-08 1.439578016e-08 1.296081337e-12 2.567711651e-08 -1.292655347e-08 1.500041245e-05 -2.733908958e-06 1.037878107e-05 5.324285889e-06 0.0 3.444642709e-05 0.0 4.427689498e-06 1.395384381e-06 2.036567671e-07 -1.00221242e-06 -3.875360754e-08 -2.084355238e-07 -1.119010809e-07 -9.62479714e-08 -7.479254129e-08 -2.092238308e-07 -5.125252825e-08 -8.3683857e-10 -2.725510946e-08 5.575944219e-10 -1.115117558e-07 -6.050221743e-09 7.050297896e-07 1.241621609e-08 3.967180996e-08 5.051650708e-09 6.653002627e-08 -9.344632663e-11 1.112422093e-08 -2.0440263e-09 -8.033434076e-09 4.822724889e-08 1.974269335e-08 2.473991565e-09 -7.265105606e-09 1.042614084e-05 -2.464731993e-06 3.41694326e-06 1.037240561e-05 0.0 1.314922498e-05 0.0 6.624606061e-06 1.095063009e-06 -6.619125315e-08 -1.088407368e-07 -4.777740093e-08 -2.248786424e-07 -2.40533454e-07 3.506572279e-08 -6.918395693e-08 -1.204442038e-08 -1.637465662e-07 -5.753363788e-08 -8.23308027e-08 1.064089828e-06 1.028040332e-06 1.158647339e-07 4.95694129e-07 1.644300202e-07 3.93303404e-09 4.144425502e-08 3.244064971e-08 7.018462266e-06 -2.247475651e-06 0.0 1.650165653e-05 0.0 3.46466638e-06 1.419134901e-07 -1.990810783e-08 -1.793360682e-07 -1.004620535e-07 -1.227651945e-07 -1.84038339e-07 -1.573214052e-07 -1.669422221e-07 4.499001756e-08 2.943329742e-08 -8.564626531e-09 -7.491352893e-08 -4.178805461e-10 -9.385402256e-08 -2.797928928e-08 3.214106018e-08 1.46165077e-07 1.248850963e-07 5.728544553e-08 1.476091387e-07 -9.837860273e-09 7.812775722e-09 8.184006149e-07 8.248752821e-10 5.132604423e-06 6.070688094e-06 0.0 0.0 7.572128314e-06 2.999744651e-07 2.35019126e-07 6.120417198e-08 1.401292308e-07 -6.852083542e-08 -2.366758312e-07 8.013347923e-07 1.495989279e-08 4.025037731e-08 -6.447242536e-08 2.440934085e-08 -1.908145418e-07 4.458576631e-08 1.170452387e-07 2.015782924e-08 1.312742042e-07 3.353680982e-07 8.274053708e-08 8.658769176e-07 -3.617647379e-09 7.965845558e-07 5.597020987e-06 5.299563572e-06 0.0 5.123353881e-06 0.0 5.876263796e-07 3.159159521e-08 1.008308204e-07 6.676473905e-08 -2.752106239e-08 1.191153054e-07 -1.11745608e-07 -6.450747303e-08 -2.253983834e-08 -6.279663705e-08 -2.320276899e-07 -1.747420564e-07 2.834182886e-07 -2.678469404e-08 4.664926115e-08 -4.068621062e-08 2.352173672e-07 -9.460278914e-08 1.709710139e-08 -5.457502455e-08 -4.600722977e-08 7.506107722e-07 3.198072258e-07 3.351818962e-07 2.045458948e-07 1.622541372e-06 2.532519072e-08 5.663230335e-06 9.514176976e-07 4.579184746e-06 1.647070638e-05 0.0 0.0 -7.432758914e-07 -1.37552896e-06 5.480955149e-06 4.870431704e-06 1.384440558e-05 1.143966796e-05 -9.459237155e-09 -1.460325045e-07 -1.119193429e-07 -8.526005659e-08 -6.962479636e-08 -3.108979032e-07 1.337438593e-06 -2.59206767e-07 2.364090295e-07 -1.442649454e-07 1.049389935e-05 7.231566577e-06 8.378123554e-06 5.034986842e-06 5.050123441e-06 4.016950309e-06 -8.602055789e-09 -6.672166983e-08 1.360451061e-06 1.095507239e-06 4.505202992e-07 1.314757936e-05 3.554019539e-06 0.0 9.824452335e-06 0.0 1.141570442e-05 9.69485768e-06 -8.574711049e-08 8.966899819e-06 1.323973748e-05 1.386209266e-05 3.109585582e-08 -5.777146898e-08 -8.385139405e-08 -4.73001895e-08 -2.67968986e-07 -2.250400688e-07 -7.437125008e-08 5.234493608e-08 1.330051088e-08 3.236605518e-07 -1.9679848e-08 -8.954812377e-08 -4.481194472e-08 -1.386033579e-08 1.441201147e-08 7.20866429e-06 8.349802036e-06 2.435827078e-08 -8.081962242e-08 -6.194752325e-09 5.214960493e-08 -3.510586784e-08 -2.691602998e-08 9.904050567e-06 1.28977673e-07 0.0 6.287090133e-06 8.930550409e-06 0.0 -3.579238518e-09 -3.455736233e-08 1.794978791e-07 -6.923245667e-08 3.818103425e-08 1.450948921e-05 2.638588079e-08 -9.473241294e-08 -1.029522626e-07 -2.263853996e-08 -1.29556214e-07 -9.799663809e-08 -9.825069163e-08 -1.551584374e-07 -2.392324497e-08 -9.654105274e-08 5.352543026e-09 -1.533340857e-07 2.181314647e-08 3.360664833e-08 8.116173424e-10 6.157484258e-09 3.915476382e-09 3.803478613e-09 3.048505888e-08 7.184142819e-08 1.856108015e-08 -9.076547866e-09 3.525071473e-09 3.803269707e-08 1.802579341e-08 0.0 4.030072999e-06 1.800045165e-06 7.931168326e-06 0.0 7.458100498e-07 1.625024684e-09 2.022588699e-06 7.539607198e-07 -4.114874408e-08 -2.032148988e-07 -1.81144636e-08 -5.108465368e-08 -2.473991029e-08 -4.31590226e-09 -3.204837828e-08 -1.317647546e-07 -6.661422372e-08 -2.653468844e-08 3.171812833e-08 1.377425742e-08 2.6080259e-08 8.930096985e-09 1.04151043e-08 -1.521425022e-09 7.180563948e-09 -4.072964273e-08 -1.535558611e-07 0.0 0.0 0.0 0.0 0.0 3.78445283e-06 1.473384889e-06 -6.314572883e-08 -1.850948662e-07 -1.509917711e-08 -9.306290001e-08 -5.436192647e-08 -8.503333044e-08 2.098106114e-08 1.554172267e-08 -3.771435624e-08 1.473568679e-08 0.0 0.0 0.0 0.0 0.0 0.0 0.0 0.0 0.0 0.0 0.0 0.0 0.0 0.0 0.0 0.0 -9.34168811e-08 -1.189183722e-07 -1.153764482e-07 0.0 0.0 0.0 0.0 0.0 0.0 0.0 0.0 0.0 0.0 0.0 0.0 0.0 0.0 0.0 0.0 0.0 0.0 0.0 0.0 0.0 0.0 0.0 0.0 0.0 0.0 0.0 0.0 0.0 0.0 0.0 0.0 0.0 0.0 0.0 0.0 0.0 0.0 0.0 0.0 0.0 0.0 0.0 0.0 0.0 0.0 0.0 0.0 0.0 0.0 0.0 0.0 0.0 0.0 0.0 0.0 0.0 0.0 0.0 0.0 0.0 0.0 0.0 0.0 0.0 0.0 0.0 0.0 0.0 0.0 0.0 0.0 0.0 0.0 0.0 0.0 0.0 0.0 0.0 0.0 0.0 0.0 0.0 0.0 0.0 0.0 0.0 0.0 0.0 0.0 0.0 0.0 0.0 0.0 0.0 0.0 0.0 0.0 0.0 0.0 0.0 0.0 0.0 0.0 0.0 0.0 0.0 0.0 0.0 0.0 0.0 0.0 0.0 0.0 0.0 0.0 0.0 0.0 0.0 0.0 0.0 0.0 0.0 0.0 0.0 0.0 0.0 0.0 0.0 0.0 0.0 0.0 0.0 0.0 0.0 0.0 0.0 0.0 0.0 0.0 0.0 0.0 0.0 0.0 0.0 0.0 0.0 0.0 0.0 0.0 0.0 0.0 0.0 0.0 0.0 0.0 0.0 0.0 0.0 0.0 0.0 0.0 0.0 0.0 0.0 0.0 0.0 0.0 0.0 0.0 0.0 0.0 0.0 0.0 0.0 0.0 0.0 0.0 0.0 0.0 0.0 0.0 0.0 0.0 0.0 0.0 0.0 0.0 0.0 0.0 0.0 0.0 0.0 0.0 0.0 0.0 0.0 0.0 0.0 0.0 0.0 0.0 0.0 0.0 0.0 0.0 0.0 0.0 0.0 0.0 0.0 0.0 0.0 0.0 0.0 0.0 0.0 0.0 0.0 0.0 0.0 0.0 0.0 0.0 0.0 0.0 0.0 0.0 0.0 0.0 0.0 0.0 0.0 0.0 0.0 0.0 0.0 0.0 0.0 0.0 0.0 0.0 0.0 0.0 0.0 0.0 0.0 0.0 0.0 0.0 0.0 0.0 0.0 0.0 0.0 0.0 0.0 0.0 0.0 0.0 0.0 0.0 0.0 0.0 0.0 0.0 0.0 0.0 0.0 
SCALARS σn float64 1
LOOKUP_TABLE default
-0.0379982091 477.4072783 954.8525548 293.3521273 -46.32928264 -400.8191491 911.8077292 599.1009041 286.3940789 68.6670107 1019.465251 -2080.518787 1238.705068 -79.06784353 1718.332318 1428.06003 267.215273 1576.024212 714.0300148 1.591615728e-12 765.5984491 511.7316477 78.42799412 -56.42492411 -4014.827252 -1631.195355 1887.766728 -102.9511269 -901.6046916 650.6602668 -713.9605575 -1393.943373 602.3211643 1643.492155 2138.76148 4301.941075 -12087.78857 566.5509735 -1642.037292 3823.0118 -3241.564534 1.932676241e-12 1.932676241e-12 0.1349137216 0.08795033331 0.04098694505 1003.904143 0.02435188762 0.01085985497 -0.00263217768 -129.5311958 -0.01146377356 -407.3651671 -0.01224836689 -0.01303296023 -1509.638473 742.8329163 828.4801985 -771.3686035 -497.0737794 -1078.332301 81.41561656 -461.7105208 -1952.406298 -873.3537935 -12345.14872 -576.3040866 -81.51727571 3632.318756 7049.726166 -52274.56044 2235.754624 120.7256519 63.31143103 1313.832701 1059.491737 908.8756464 -495.5473217 218.2681791 -419.0542511 302.8323823 678.879497 -4320.990312 -126.9074819 -108.3247842 947.8488057 178.1398729 0.0 0.0 1696.182193 627.2778342 -1241.872346 -1518.115851 -156.1650663 -654.1074724 -3421.622465 -520.9863631 -1691.027902 555.9952501 -15241.92159 -885.7741026 -2361.854484 -39752.38003 -27230.19961 -78.9897772 1776.130568 491.3055842 -1420.318937 1733.806678 579.6350261 -1896.389039 1250.095465 987.5627848 969.8845606 -1969.71176 766.0276306 -102.2838421 -815.0538872 -4285.981857 -1508.799852 287.8850993 695.6750505 -1329.979482 -759.5350092 1386.476923 1108.374721 -1842.178843 -1191.237965 0.0 1776.130568 0.0 2309.970641 1238.26453 2108.209097 -1739.923396 -2044.18003 351.2479815 -4893.459911 933.2934772 -600.7537953 -11758.33571 -4223.080683 -10965.17098 -52.28962214 -3463.668973 -25966.42255 -1711.035568 1705.371999 -1612.861764 -393.4485571 1382.638984 -835.7884522 -1077.434285 -1059.368034 -1032.416854 -2276.98144 -2874.802592 419.2358187 -5274.025051 -518.0214148 982.2497233 1470.696016 2089.168132 2353.108236 1980.794717 2345.715143 0.0 -1276.277187 0.0 1509.687496 1181.051913 1221.43594 2084.047131 -1618.475989 925.8510093 -338.7843553 -4749.027779 -20.81841037 -2697.254948 -11132.6928 -2139.353092 -1751.83147 -25032.8437 -24099.26485 920.9801047 80.2890748 -149.0166099 -542.0738709 353.8204733 141.3475304 445.4450006 -329.5757676 -1504.743884 -3810.498182 2435.098099 -5377.832586 1726.32946 457.1232643 -1867.568453 -1023.774494 1206.825984 1696.913739 706.3261202 2315.514605 1336.771043 438.3850737 2052.098638 0.0 136.5882101 0.0 1544.848781 1804.542589 1873.19644 541.3614896 1390.22341 1165.962852 -338.2713894 1400.700727 -6682.484189 -5744.637664 -1307.2736 -2445.780872 -7687.072789 -4583.629853 -4966.957607 -4723.755929 -18615.19507 991.5787355 -1436.234653 -1242.365288 1229.137937 1558.987088 -3043.483072 1570.904691 1662.639963 5.03234243 1639.621197 -8.797583194 2620.985672 1068.389133 26.7849837 1758.229756 913.7644232 0.0 1893.277119 0.0 874.8673776 1056.774747 1363.733356 1339.549496 1228.790418 -19.25148251 -754.6119234 -265.4840646 420.8553403 421.2964267 -2003.511704 -828.0990193 -533.873484 -13680.7931 -3403.838062 -17953.03377 -17290.87248 82.09711137 -3170.451144 1485.274391 -715.5102622 -618.8075843 -159.4016119 364.7934169 464.1267299 633.0072836 -1553.652624 2235.052111 -623.3797438 1967.705453 1698.094746 1445.657787 1344.086169 1135.551879 826.944896 850.051498 1309.837014 0.0 1600.428876 0.0 1495.074642 1482.66024 1164.846725 1292.163125 -1009.831604 654.9765994 -370.5508465 -609.6301595 1494.510949 -3087.409672 -669.5686212 -394.9774805 553.2253501 -6278.311129 -6761.088193 -5684.296312 -3047.826134 -17769.01665 -1227.96413 1389.641352 782.6274117 -264.4766851 -1116.67543 -1023.106393 -1049.345272 639.4124769 -2595.222871 1203.243683 1476.054071 770.8544858 989.5399637 1076.253904 821.2977426 1032.377783 732.5841963 0.0 743.9439369 0.0 1497.674975 -1439.469729 -339.531595 498.6148536 -87.24734875 962.2419156 475.6178994 -1363.93747 -1544.429036 1663.83239 -2219.17599 1893.313559 -13810.03087 -1929.454682 -18702.03634 -19635.05603 745.7762136 926.3803358 -302.9429677 -705.7779961 749.6260134 1689.853976 1765.127323 1691.651143 571.8341155 1137.10474 867.2667822 1116.063116 1136.73285 1108.635047 963.6811062 389.1728875 1367.205112 1422.446287 1507.619725 0.0 463.119319 0.0 -2071.622549 390.0156703 635.7432861 -3835.901445 605.6701673 1208.340779 1862.406381 1024.47505 1436.23902 368.8265198 -6475.166742 -7294.283653 -4177.069004 -2010.17823 -19596.79488 -945.9468003 -1246.966702 683.4213848 -1275.037276 -245.4205004 61.54982835 -250.2969213 -1311.11287 -1469.459322 1345.979976 -3470.503233 426.3804976 1387.760017 1114.346147 2015.4421 759.9929505 507.6207046 1345.022002 -1820.688426 0.0 1182.245163 0.0 279.2234479 -2403.557284 1944.966638 -1337.178383 1737.794206 -15603.65071 -1646.001404 -19362.98252 -19129.17015 -982.1533953 1596.409539 -1168.108662 535.7126462 -3543.712578 1389.850776 -693.1577036 -407.1862228 -445.2706413 322.0237891 -2641.385475 3287.027902 2625.133712 1874.81631 655.6020421 2849.190639 602.497577 756.6449349 2824.587264 2103.898467 -950.5554309 867.2844122 0.0 384.4959935 0.0 -1033.462878 -57.13761923 563.6776694 -298.4924998 2187.640392 -2402.862259 3005.19163 213.970398 -3848.618775 -9406.404392 -4140.416568 -2772.335587 -18726.26342 -441.0767981 -7789.925344 -4393.133789 -2034.279286 -1365.540543 -1199.644253 962.9434576 27.21573065 -3786.717298 1741.851315 2402.036528 1271.806646 1541.294578 2660.465718 1072.958886 2915.360144 -519.7906995 0.0 -442.862326 0.0 1040.901561 1820.084873 4318.698554 -12160.43289 -579.8280265 -20190.64422 -21655.02502 773.7408493 1480.860298 2264.913214 -4304.758693 -3189.710905 -2275.904672 -2215.870504 1069.945724 -1720.641435 -2664.972598 -4529.506782 987.1442595 -449.3923006 553.4869821 -770.6255041 361.3134987 1522.991318 1113.934135 1537.481866 1686.602381 1964.963886 1421.78302 2545.485576 929.807841 1722.806909 0.0 695.4112668 0.0 1742.994678 211.9274793 4709.452626 2501.304269 -1182.734374 -10778.58254 -2803.626653 -3290.702164 -1963.852894 -19385.9644 554.5313443 -7559.30706 -1097.486263 473.411717 1173.295289 995.5410973 1283.705428 1252.112153 1292.102266 849.3967196 629.03125 873.9139632 360.7903546 1199.887368 1631.567777 2093.069494 1336.191583 1594.964616 1558.703855 2160.048833 2812.568546 0.0 828.2365442 0.0 1027.494038 -3720.436101 682.7802657 -8540.70109 -2805.27438 -20539.48764 -21693.01087 -4945.792081 -3059.319993 -2650.07965 -5246.741351 -6736.683568 2200.231175 -417.3557619 -1675.059771 391.3541699 2105.689354 -906.3818367 1157.062654 727.4745076 707.554106 1844.024399 536.1932544 2869.947576 -9856.942563 2060.22131 0.0 1685.094059 0.0 3101.933085 -2455.238536 -1799.81031 -668.0467012 -612.9355502 -1636.238191 -9404.069171 -4268.809388 -3852.723586 -13105.7573 -4468.823004 2929.095697 2165.410164 1785.976739 143.3988326 1501.855001 1712.039938 1942.0368 -1485.148031 1822.394389 -4636.048412 1881.498843 558.8237879 -2493.340552 -4785.678056 -6922.358094 -2328.062664 0.0 -2475.074571 0.0 737.4799155 2575.43618 866.239469 -2432.189442 -1800.421709 439.5032912 -7637.605247 462.5523849 -994.1198248 -18160.66365 -23215.56999 1873.901583 2362.051563 1098.19559 985.9393489 485.7689081 2724.475705 -656.4001645 264.6883803 -120.8561803 -310.0388957 1327.459593 897.7126295 -66.31095512 155.2964462 1120.728199 -1339.817189 -1283.452571 -2037.873794 -20.30122248 -1635.62335 -467.1070904 -1760.758638 0.0 419.0620096 0.0 1144.500012 -1898.744933 1105.354048 -10181.25084 -5722.561553 -2549.045329 -2360.987138 -13275.463 659.4419649 2613.632121 1949.832074 2290.667101 1733.742991 294.9051959 1883.240094 1527.518886 592.2418256 112.8606554 789.8838277 -3391.99283 -1476.956751 795.5126764 1084.949832 -1427.197738 779.487778 1033.856749 0.0 1555.592107 0.0 808.0254479 349.1635486 387.6527166 -824.8606015 2177.306153 -1662.216987 1881.110209 -2664.409407 -788.1376021 -85.61687449 -18390.50072 1825.660548 2450.951403 1680.847941 1668.719612 2218.205496 106.6979674 1473.183005 632.5647216 463.8656719 1179.575261 -662.5260351 -3515.501696 -420.9298055 1449.525717 0.0 2066.940759 0.0 -17943.20438 -12380.87031 524.0456134 319.8075778 403.847663 1514.470351 3943.708177 -7981.992455 -5688.141549 -123.6583597 -2965.509045 -408.5999865 2099.976077 1474.961093 308.1115266 -273.0840195 795.0463297 -17.69739892 990.2530086 -1141.098226 841.2921491 -1402.365758 -93.57865549 1175.42232 1376.275234 2238.384197 1890.818185 0.0 700.3541843 0.0 -3328.33961 -22091.74926 87.6054336 930.827143 276.3063098 1075.954556 -405.6507818 1722.79445 1633.147276 550.2050669 75.06935062 1394.008965 -9091.643304 -2894.461193 -7423.429676 1838.426493 1698.730501 1758.572063 -443.2753547 215.3875105 587.879167 271.0086623 -402.2225786 846.4172637 1502.363115 1277.097299 636.1119961 730.0063587 1544.014762 2147.15978 1383.071877 0.0 851.5423784 0.0 -2341.767372 -19341.72083 -16591.69241 911.9185248 -1086.104092 1864.915906 -29.00979422 345.3648719 -6151.851458 1598.255087 -303.8253236 1468.723853 -670.1662285 1082.717896 -569.3289668 1127.934006 1099.836732 -1088.824 287.5420719 965.288291 923.2398818 1176.727086 2475.108867 -844.5662833 -1530.558153 1776.270657 1760.57674 0.0 11.98219564 0.0 1375.287029 3084.897047 2954.538369 -9475.33829 -4675.341816 -5791.443432 -12586.61847 -664.5579703 445.6291364 910.5550816 171.7216217 256.7450584 2072.305892 250.5827996 -409.4948842 875.1554631 -5259.076666 971.5017584 1645.733528 -3215.951184 2703.150182 -697.6868571 -829.3769452 -135.3467899 -987.6274524 928.4432499 1302.038196 1562.975494 1425.840975 1478.91352 1547.076076 0.0 680.159414 0.0 2204.492502 2219.83276 -6792.426669 2877.249185 -16.44988368 -17109.3066 939.4615652 2080.883296 4078.362908 -7633.204038 -1887.375152 -2399.308163 -2483.601241 -2651.771153 -5254.328557 871.3325834 -1621.851022 -2731.903394 -4477.854681 2317.501984 -349.5627412 389.4882512 -576.4665731 815.5134959 932.7157252 1935.472394 -2278.353525 876.7189723 -5247.829292 2591.524329 2679.934377 0.0 1412.351623 0.0 -2777.829207 -3350.850092 -6331.111041 -857.2255483 51.82244766 -3002.263951 -16320.83175 -11009.66878 1770.138712 1906.965472 4363.060532 -1319.9601 2183.085692 -2436.442425 -3296.137077 1243.528669 -5925.748697 426.2117587 646.3639797 -107.4693489 2372.402788 622.3728116 2122.436262 1108.996393 -501.7393271 -1353.274252 -2291.988708 0.0 1285.277061 0.0 -2121.368454 -4165.532633 1633.916888 -6464.912464 803.8198839 -8981.317026 -6950.4154 -3265.69815 -3810.820872 -17140.44767 484.0295659 55.15812134 2308.753786 -4699.941162 2232.179892 1917.309768 1625.665916 567.1595295 -542.1329631 -783.3224402 1268.599931 -774.8350024 -769.1863642 -1211.583414 445.2066058 -68.60418771 310.9467123 -479.5698835 -434.9310913 743.5333781 222.8198198 479.8939634 -1112.072416 -1388.327989 0.0 155.1539858 0.0 682.1271958 1780.002744 -1397.248282 -4866.240758 -1343.114261 -13857.53812 -10574.62857 858.3302066 -2373.389006 -1322.982981 -3386.410649 -2061.920184 -1084.881742 903.4613258 599.6716 1837.079176 -560.2626993 1963.024734 532.885659 1238.159793 627.7146273 477.4167671 -0.4090104602 840.2825902 -490.9766502 950.2241727 -1371.513473 -9.383493787 -838.8899841 0.0 1677.628526 0.0 19.29863573 -3519.389444 3033.768036 -2863.434057 -1455.482883 -8544.291624 -4105.131482 -4190.277333 -3274.243687 -9031.381941 -1946.21392 -1.367172028 -1112.722236 25.53542986 -4264.850937 -191.3789112 2134.006463 2023.552125 1650.817394 1763.368681 1541.998713 358.5720786 425.3442534 281.4708111 -251.1842997 1668.73781 681.9460851 81.56966572 -229.1630033 -738.4841353 -333.6928484 -294.7303371 -216.9824751 0.0 260.0682293 0.0 1609.498143 2523.944465 -2555.327081 -4330.586955 -1972.866491 -9486.633747 -9941.885553 1347.963421 -2534.157922 -392.8878938 -6152.203359 -2328.285275 -3115.793499 1429.102652 1630.567155 716.1347723 1435.486915 1771.499474 1042.20777 1412.961463 1203.795841 1053.06108 -2742.356666 0.0 2439.815008 0.0 1398.512833 879.4115203 -799.4963405 -7110.842923 -4156.333981 -4942.778717 -7620.718552 1749.482187 1383.836939 1770.576096 1177.82643 -571.3825483 -2681.96398 -24.72381406 -3652.922577 -927.4308123 1154.917473 1666.946816 1177.74391 1899.055193 1492.785598 1533.226166 293.4926001 1736.198974 1040.287342 -1243.050324 1261.22955 0.0 0.0 1079.668246 1104.486152 1190.563703 2079.689433 810.9030547 -3128.8277 -10687.80514 1277.429188 503.4496561 1393.523057 -2463.291287 816.3881465 -7291.021732 1560.182771 1081.814932 761.5413615 1555.588696 1421.863451 1393.383241 1414.348888 -203.6316349 276.1037982 1073.489281 1396.543081 0.0 885.749011 0.0 1564.462201 1484.655575 2280.474204 2304.60593 -1058.103024 2735.283928 -4269.038861 -2915.903484 -866.7600039 -2346.389857 -10557.15278 -7359.413837 511.8183724 1670.42331 1644.217232 1220.629588 1397.986939 -1437.37436 616.8039404 -1845.228115 254.9501726 315.6899447 1363.63302 1872.211049 508.1539728 244.4627839 948.329742 1297.350078 718.2835011 1261.346636 1336.18624 0.0 0.0 1039.936862 -2726.995631 2153.227514 1763.898619 -1344.076931 -454.2501861 -408.1559526 -5928.656059 -4793.797409 -3531.173194 -2876.182262 -12799.94638 1644.924822 698.9498381 1418.719152 -5281.357014 698.9107244 -415.1746923 -169.0203172 108.4685091 708.9305644 104.237004 -348.1882349 1386.182958 1866.310009 2745.670925 2760.590984 1154.525837 -15.45535496 0.0 972.8654327 0.0 -1496.250928 -1995.779185 -3958.978858 -101.7688267 -727.7128089 -1356.032373 1188.159281 -2739.996436 -4147.502471 -2057.351126 -11295.9934 -9792.040428 297.3377517 1106.856265 503.8641789 891.0383923 -714.2708075 -3404.98866 -2189.225765 -570.3408821 621.5998525 -1358.099117 -1270.019287 918.2717486 -3145.000146 -249.2331046 2025.964457 1441.861808 -709.2328212 1148.238277 1026.915936 0.0 -1338.91409 -1501.873119 0.0 -271.4622461 279.0037041 1117.300429 -1180.617823 1549.063227 -1622.159511 1194.26273 -4291.526214 -4573.82875 -1017.536749 -5784.987611 -4217.416169 -3876.43288 -6611.086886 2314.527997 -3800.224469 296.2981138 -5435.554347 860.9522668 1292.383973 35.1001764 247.4616538 157.6827106 146.5368556 1141.296294 1662.135848 721.7888348 -348.2541356 500.2419086 1535.518238 727.8027225 0.0 873.8320003 398.5261166 720.748065 0.0 1296.498712 1679.563065 2297.094674 1306.509216 -1995.847335 -9270.276739 -760.0174663 -2076.484424 -899.3599545 -186.1888315 -1280.611496 -4492.534807 -2913.45598 -992.125854 1200.56184 524.7924548 992.1044983 347.3816049 392.7599858 -60.59350647 310.9401854 -1699.23814 1523.472062 0.0 0.0 0.0 0.0 0.0 1146.557563 1408.745198 -2513.292947 -8502.281231 -558.68677 -3556.497587 -2153.279024 -3272.131818 788.1848879 593.6047351 -1497.907443 598.6008145 0.0 0.0 0.0 0.0 0.0 0.0 0.0 0.0 0.0 0.0 0.0 0.0 0.0 0.0 0.0 0.0 -3811.503857 -5075.09587 -4429.165114 0.0 0.0 0.0 0.0 0.0 0.0 0.0 0.0 0.0 0.0 0.0 0.0 0.0 0.0 0.0 0.0 0.0 0.0 0.0 0.0 0.0 0.0 0.0 0.0 0.0 0.0 0.0 0.0 0.0 0.0 0.0 0.0 0.0 0.0 0.0 0.0 0.0 0.0 0.0 0.0 0.0 0.0 0.0 0.0 0.0 0.0 0.0 0.0 0.0 0.0 0.0 0.0 0.0 0.0 0.0 0.0 0.0 0.0 0.0 0.0 0.0 0.0 0.0 0.0 0.0 0.0 0.0 0.0 0.0 0.0 0.0 0.0 0.0 0.0 0.0 0.0 0.0 0.0 0.0 0.0 0.0 0.0 0.0 0.0 0.0 0.0 0.0 0.0 0.0 0.0 0.0 0.0 0.0 0.0 0.0 0.0 0.0 0.0 0.0 0.0 0.0 0.0 0.0 0.0 0.0 0.0 0.0 0.0 0.0 0.0 0.0 0.0 0.0 0.0 0.0 0.0 0.0 0.0 0.0 0.0 0.0 0.0 0.0 0.0 0.0 0.0 0.0 0.0 0.0 0.0 0.0 0.0 0.0 0.0 0.0 0.0 0.0 0.0 0.0 0.0 0.0 0.0 0.0 0.0 0.0 0.0 0.0 0.0 0.0 0.0 0.0 0.0 0.0 0.0 0.0 0.0 0.0 0.0 0.0 0.0 0.0 0.0 0.0 0.0 0.0 0.0 0.0 0.0 0.0 0.0 0.0 0.0 0.0 0.0 0.0 0.0 0.0 0.0 0.0 0.0 0.0 0.0 0.0 0.0 0.0 0.0 0.0 0.0 0.0 0.0 0.0 0.0 0.0 0.0 0.0 0.0 0.0 0.0 0.0 0.0 0.0 0.0 0.0 0.0 0.0 0.0 0.0 0.0 0.0 0.0 0.0 0.0 0.0 0.0 0.0 0.0 0.0 0.0 0.0 0.0 0.0 0.0 0.0 0.0 0.0 0.0 0.0 0.0 0.0 0.0 0.0 0.0 0.0 0.0 0.0 0.0 0.0 0.0 0.0 0.0 0.0 0.0 0.0 0.0 0.0 0.0 0.0 0.0 0.0 0.0 0.0 0.0 0.0 0.0 0.0 0.0 0.0 0.0 0.0 0.0 0.0 0.0 0.0 0.0 0.0 0.0 0.0 0.0 0.0 
SCALARS τ float64 1
LOOKUP_TABLE default
-0.09096856596 0.1795407681 0.4500501021 191.6786654 532.0586162 649.2896319 15.05938287 2.113412198 -10.83255848 99.11459715 17.74851003 946.6834435 1289.033591 458.2633628 906.6539691 1467.280314 652.7768776 881.29823 733.640157 -2.273736754e-13 16.38324797 15.0179859 211.664704 297.0758592 1284.977386 642.5227149 1481.73716 628.0180419 1423.633124 1416.247856 985.7638987 414.7568466 676.8393265 239.5390431 693.1479483 1078.739676 2590.736852 1197.615121 365.0018393 824.6103298 5698.483756 3628.930103 3628.930103 0.2601424246 0.1179774391 -0.02418754639 307.9601901 0.07216036364 0.03586883918 -0.000422685283 198.808641 0.0553487515 257.6550061 0.03617192147 0.01699509144 1044.280753 1244.159905 1318.570028 500.5747995 1134.983125 957.268364 1018.828049 568.6473964 575.2838869 801.2777324 3310.642473 950.7679708 2358.775683 4098.290635 38.67694116 5809.898716 543.9139608 1681.386245 -3.681635986 763.4977356 45.492278 497.025349 41.54726641 349.7217354 18.53787089 -44.47773869 203.3572526 1104.640377 1232.646081 1175.194442 1368.481269 3366.454127 0.0 0.0 770.9070399 641.2011481 418.7723942 964.9138408 406.1123738 641.8517779 275.3847737 2312.735254 3429.878839 1482.789904 6783.909201 2257.458062 5909.579793 14836.93754 23863.97637 2165.49914 416.300887 891.907105 2031.054975 1404.106656 1618.756572 260.4431504 254.5510911 722.2498134 687.8522197 723.9784221 710.981742 111.1365134 559.2609208 928.8894359 921.7076012 1102.052917 399.4729378 423.2897119 109.6732817 929.6177438 1053.525749 992.1363751 923.0418227 0.0 416.300887 0.0 107.642371 758.1739793 219.3534589 1131.537679 726.069338 445.0693278 -131.7658135 484.4129013 486.0942127 3154.688865 4045.300008 882.6329002 3412.655656 2430.272289 11374.83714 1691.085769 -853.4528256 54.65342776 -6.265784923 688.8093945 394.742822 92.3723989 72.20259708 338.9512893 1129.845858 894.68896 1266.872801 1850.30103 573.6985593 1076.360493 562.6879411 610.2943071 166.3727375 642.1781014 324.4972697 0.0 2251.716784 0.0 841.6143757 281.9701704 1073.158591 -343.1784804 1323.448926 427.1862555 618.3605246 -33.77339948 719.2059227 606.4888978 2649.989041 2482.035326 3847.131553 11788.4501 12202.06306 628.3244394 1264.37636 1216.454717 134.184148 1323.380543 288.8298504 1493.626021 135.8775338 2790.936247 352.0838347 382.9919388 2992.602894 418.6135962 431.1233246 534.5930988 227.1979805 200.3341212 1096.033629 83.83310656 213.7942838 470.4360452 1013.174734 -122.8338774 0.0 2110.101704 0.0 702.764628 237.200379 51.30587176 724.9732833 316.9461861 701.1693527 1381.471735 643.5386413 1810.959805 1590.047287 2407.224405 1451.579559 2485.453856 4218.841106 4004.698836 4658.243587 10090.21431 158.3709502 1079.87777 908.7482453 279.4308998 -282.0266903 2006.647102 -145.2869875 458.5760339 388.1158151 667.2824153 -140.6760504 525.2533146 416.7991953 -9.800703896 14.97569779 137.6348478 0.0 -85.11265406 0.0 170.0095839 541.2117468 662.7540183 628.6290666 1103.478269 764.3523438 1263.005476 328.1646926 1737.114595 1499.039264 616.692747 2754.016312 2001.743119 5541.257013 3611.371963 10348.32226 10606.43021 348.31878 1982.04693 70.83499981 335.0099787 1389.514946 683.1768146 347.2091796 697.7347946 872.8982295 609.8669447 425.3346012 488.4224282 531.6061482 120.5133759 169.8944791 236.9429016 234.9622474 -16.90615099 261.1211249 271.777768 0.0 -383.2402096 0.0 625.3310691 630.5040147 558.0980589 941.5882429 1359.782894 752.8129613 1691.343199 482.7859307 688.6037484 1653.577385 2702.568461 3469.496725 3133.437429 3916.290585 3202.458299 7558.22476 4093.50794 10235.73628 661.4932567 763.0973345 1234.208363 677.0280575 628.5838186 970.9886375 1312.979657 195.282298 1966.343814 449.9709263 533.065469 287.2552254 116.3254266 -25.70313832 175.3364083 -6.644714328 648.3330057 0.0 1150.816068 0.0 892.7911185 1387.052604 784.898297 842.2881499 1861.671671 802.141075 1487.69111 1818.371143 1172.034242 999.8903644 1816.500366 2394.445784 5635.556698 4697.873075 10019.22552 9802.714753 848.9503508 343.7053 1607.695289 282.7859473 1047.609609 789.01151 325.2094325 635.3649236 26.61990871 140.3353884 182.9403265 210.3271787 -41.49029189 -96.76372273 -122.812313 300.5050088 671.2646216 718.0561131 610.1618204 0.0 -75.6867345 0.0 1028.115426 1634.324079 798.6800033 1569.219776 1557.058671 1112.571983 583.8699525 2405.2014 2314.403676 2741.179704 2975.108497 4166.070999 7325.154832 5074.086642 10104.65298 1349.39241 710.2589346 1236.878828 775.967018 1212.53828 76.81036061 900.581902 764.1275031 998.8059814 355.3971099 1120.949682 618.8193585 75.97356097 164.9134117 668.3845008 -50.28858283 -31.3405224 337.4220362 325.4711275 0.0 1235.96393 0.0 1706.849233 1527.203551 939.0875386 -265.5835453 184.7360979 5404.564902 4594.087096 10002.69997 9900.746955 -61.39580407 124.780159 1461.314186 623.5688661 1917.186755 1462.714759 1006.768972 1080.49099 244.6839024 872.319959 266.6213549 493.7573689 669.7860541 81.58284162 308.2971686 142.5002472 44.8007792 462.3634777 97.93265007 37.33975024 1313.833114 165.1613126 0.0 -286.5992132 0.0 374.2723493 1714.092988 661.2143674 772.4368822 493.6983198 362.8289596 1572.383013 1664.773502 4286.501463 2693.197023 8700.237866 4369.891388 9744.698925 784.0733823 3388.170128 2180.467569 1034.873233 1534.533269 473.0179896 809.9618693 1804.641617 3219.095816 89.26169276 431.5039756 364.9017066 325.4557064 259.9931241 82.82475226 -75.24775491 629.8998816 0.0 2966.926732 0.0 403.8512488 477.7631736 191.6668574 3182.202152 4262.062948 9670.457862 9596.216799 459.6165308 152.6661664 512.1425475 1374.308404 1620.130334 268.8702595 179.3550045 567.8378217 1427.08692 937.1170171 1711.984191 1793.103292 686.2911249 462.0479721 645.7422079 1432.248959 334.0594195 23.19270021 225.4264808 174.3493643 666.8435882 381.2782598 135.3398194 1549.369742 140.4477728 0.0 1059.856302 0.0 622.961611 371.7239055 -75.682446 371.5474537 2403.711244 2990.129173 4632.733337 4992.33712 4505.085833 8989.638733 2633.200377 2224.16761 478.2317604 1382.010437 481.9634563 1005.598855 1430.556068 960.4746983 643.0516312 873.1752562 306.0969164 475.5646427 1225.279914 131.2773232 155.8081513 284.9759965 247.6014993 723.2973768 584.6042536 2163.505834 1410.381831 0.0 1080.749472 0.0 4.661873512 1374.201896 1291.248651 943.9237399 2555.003965 9209.568297 9429.497861 1757.953035 1123.583455 1011.136654 658.1290702 1163.263654 478.4876006 1343.520865 1065.576946 375.1624191 652.4581144 807.5735643 316.9596412 1082.155471 394.9073468 786.4194277 1357.55814 1109.275898 3167.227271 1242.09323 0.0 327.8223661 0.0 260.2798141 804.320249 639.0159639 1591.307862 1968.584523 3002.985132 1634.392519 5568.860055 4413.050773 8900.013606 714.0763317 1709.520736 1479.85308 350.7566165 622.7098193 403.340946 16.55823505 662.9085908 846.658278 -367.616519 2891.217211 -389.5394931 815.8184311 433.9242668 1605.582618 2439.876119 1922.10817 0.0 2352.112876 0.0 1018.55169 439.4333293 590.7830835 731.7473476 -25.97917413 666.5281635 2447.300651 593.9552621 1487.036765 6330.335819 3760.658032 1161.809079 1516.029428 774.3661106 729.3036856 217.3080244 475.978228 285.3891541 394.6826623 185.0929813 340.2983124 648.4057337 142.1625236 315.9042139 285.8906347 256.1119299 4098.312046 3304.372852 2645.808658 2234.139623 77.5842257 1077.687814 2123.208135 0.0 879.8403788 0.0 335.7071247 795.2947716 -565.7820528 2707.709262 2390.277941 1600.244544 2401.254597 9205.310497 468.627722 220.1925795 94.13727834 -13.00391363 598.6452587 250.0151344 202.2841961 274.813064 290.0380131 496.5225207 716.1043331 3918.702796 -158.8656915 2163.794433 174.6884454 1671.750249 167.6840255 1454.927818 0.0 1548.252851 0.0 492.6921347 445.5468142 470.0813909 660.1005008 -28.95922901 1665.911538 -811.8755653 2888.716302 598.5440797 1380.397531 5114.29854 631.9746844 147.2302785 346.654502 244.9828211 329.5598256 127.1080923 1171.629493 197.899455 773.6024481 433.3601335 1602.335812 1455.228817 648.5182193 503.2052729 0.0 -714.0311727 0.0 5214.151532 9405.016482 521.6251034 1162.561475 1264.224751 95.89149884 384.9052821 2523.594582 2018.252283 1450.472456 4774.216356 2453.448927 74.44823336 -66.78951017 1326.445492 901.6443421 422.7348575 766.5585652 539.6264253 1977.065142 652.4769934 993.0531766 1349.144994 436.2272742 112.8832321 211.8911314 379.0955416 0.0 1192.892225 0.0 3435.384802 6238.548557 710.7189694 684.3992356 760.690974 249.9069898 867.5451109 800.8171699 892.7850345 1533.626515 1183.846194 2003.692717 3647.128633 2529.287998 3564.140463 523.8248182 10.01865879 485.3092804 1048.785446 291.3627694 1057.487738 737.5818694 951.9712774 388.3048842 813.1239521 331.3732505 1050.193331 1230.576048 88.32573831 240.6642941 655.4266382 0.0 124.1327749 0.0 3199.551428 7575.691805 8912.835054 876.3491238 938.3611009 379.3218314 1221.493551 1726.161464 1606.160091 777.5280909 891.7002961 1708.102466 593.3372479 424.1618943 1181.509723 566.1152693 764.1058994 582.0059762 673.0331888 319.5376563 687.811635 1337.706459 -19.03849412 434.9149728 1906.05086 -80.58049982 445.0164406 0.0 1677.19682 0.0 353.0141395 331.2367697 210.2366918 4582.790555 7066.685959 6878.14459 7662.306456 613.5981196 1169.417372 -8.78457425 710.4949759 1084.817262 107.8219112 2038.19087 3085.13804 1380.150464 1717.29956 -110.620499 1032.23487 945.6195901 -32.64747044 1228.931753 469.7439341 857.6244882 821.5665039 956.0258973 1169.395912 734.3807312 873.0959639 31.13412148 513.8956667 0.0 574.3453357 0.0 1123.564772 1116.831563 1489.404554 1726.500668 1642.159073 4051.197076 534.146359 224.5699082 111.2952183 2628.775904 1508.55846 236.4113745 1358.509441 1374.094941 2212.880844 103.5865731 1157.836452 1261.063279 1673.537284 147.4284263 1123.322458 822.5246741 1203.732389 1275.73051 98.42158227 71.53856793 2359.503077 801.6732531 1290.777707 -236.8336462 -281.9934806 0.0 932.5913867 0.0 321.285951 1177.09321 1145.22431 2996.525046 2955.952419 4313.783123 4739.815902 9039.544108 -14.2830245 413.3149064 591.06121 1643.871946 776.3329011 971.5483596 915.6792576 910.2978945 1604.099104 402.6270391 63.16089698 394.2891528 294.2166581 56.1996568 831.8895612 57.22052346 2698.470728 516.2662189 1216.74283 0.0 16.01946465 0.0 3030.859779 570.6312127 1130.983456 3354.239918 2065.564154 3465.682698 3766.799417 3302.82859 2987.746865 5112.512832 1470.974269 1064.473042 614.5866032 922.7493283 1054.257962 1478.444986 910.6787048 800.5362936 492.9448403 890.4732844 233.5436683 127.6388449 436.4258283 210.2011965 410.5256901 382.0493315 230.1892282 661.376154 409.2506711 514.8369606 1073.040788 -614.7562277 601.8966339 2933.361076 0.0 2534.937651 0.0 614.7935011 348.4328784 1759.512597 2389.294737 3283.483584 6438.724454 7764.936077 226.8881506 -2.369526071 286.6110548 327.1832761 2329.276636 2024.258779 584.7916156 637.1587031 535.0979456 526.0559102 195.7873275 363.874069 211.9255287 307.4344194 335.53481 1007.931929 80.08337572 516.7745571 215.7775564 1448.916867 621.5417102 613.1656379 0.0 -641.4856748 0.0 2243.614243 1269.908171 622.8014757 1670.807047 1655.540301 4315.454127 3242.116114 5874.839162 3907.312301 5766.627869 223.5899987 524.8347233 678.4159381 231.9278543 795.1766949 397.7732128 439.841224 523.8744732 403.289411 486.6031675 321.5739254 370.8896672 270.2807637 298.9145014 123.9423365 114.789925 77.20018498 1305.19529 -31.30101793 1361.691332 1008.375864 -445.7313627 2806.893429 0.0 2375.275959 0.0 279.1834529 657.0642605 2680.86142 1828.432325 2421.453927 6089.384266 6412.140662 438.491154 142.4624282 232.3445702 1960.916432 2346.611323 2487.029942 617.5962146 -29.53134885 810.1123894 113.960857 299.3490225 460.2882062 176.226324 1482.202939 215.0527567 995.5849168 0.0 -578.2703506 0.0 181.576136 463.4911717 1805.182852 4038.471951 5206.632657 4898.371351 5549.252594 843.4843892 1067.600916 623.7978888 1111.265635 410.7350527 478.7265366 438.450338 1454.045122 444.5867417 331.3055895 694.6228313 575.8283533 482.5636981 476.6773506 551.604485 414.7355477 210.8249398 444.6154275 1950.318413 795.7886126 0.0 0.0 1156.338127 268.1444357 1013.087747 194.1390253 342.8849971 2077.798349 2880.306034 806.5929047 543.9672857 -139.7623886 798.2281015 553.6645052 2645.487247 118.8340435 226.8210453 621.4663836 134.955674 890.8591446 165.6563705 740.0162115 850.399812 828.991688 1141.736098 447.0977419 0.0 1487.683583 0.0 466.8839805 53.87573115 300.0089583 702.6910158 593.7012392 715.4977437 1754.137027 2493.582842 2567.305515 3248.778474 3200.624962 6189.89045 696.4073948 838.0423433 236.5606029 542.4157774 728.2781479 592.5701681 1011.65351 2056.247651 663.0661238 644.3300971 253.4142783 537.7511136 985.294671 466.3149165 691.4215426 835.1073761 667.176744 1048.66616 -417.6017797 0.0 0.0 2112.545466 1452.954462 -105.10953 938.9835375 347.920703 106.1811605 2201.88629 2903.135205 2747.276642 2577.845493 1786.895617 3485.15815 762.3623696 395.7048966 1450.105604 1888.91547 519.0728591 1005.053096 637.3949413 248.6549292 527.2045561 911.0932935 820.8504608 39.50994338 864.1976252 -48.12537496 82.94053134 205.6099098 2023.192543 0.0 828.8215993 0.0 651.9036104 894.331119 880.1913037 1661.50365 1230.896467 985.583275 2489.491095 1967.296134 1507.880362 2505.183796 4466.005886 5446.853623 320.6909917 1180.31358 1833.675876 1896.457104 1209.958881 1335.328146 2274.450254 2150.751408 921.8286598 1275.979179 1328.412526 58.86679228 1691.62165 264.6957652 175.0584545 522.8897801 477.0497239 542.7494357 1948.091394 0.0 1347.420148 1416.238003 0.0 1350.714716 2022.640177 1304.267113 883.8637985 997.0662512 1437.59749 875.0520612 1096.223798 1604.118311 2696.075163 2690.863365 4564.062947 4096.448158 4525.979212 603.3304882 1266.611579 1252.437538 1718.103298 1126.397874 -165.8589833 -106.0461251 343.9219118 197.905797 232.4972211 574.7938154 920.8686009 837.2241252 -114.8648999 459.4220677 903.4640149 603.1968623 0.0 1675.167436 1568.06349 1402.243479 0.0 1293.323775 677.0388173 710.8661842 1032.598593 1819.590707 2423.345712 754.0892661 717.4817211 2166.753509 1575.144994 1187.322788 1121.454428 2548.534462 2828.370049 812.7471224 305.3250234 11.95743427 395.0383785 245.5381768 -34.82530406 33.00734314 938.8142928 -19.05038739 0.0 0.0 0.0 0.0 0.0 1281.863423 1450.870307 2652.12979 2676.568795 841.9755255 1065.592243 1581.757201 1574.607616 270.8474311 408.0793342 1026.700552 113.046939 0.0 0.0 0.0 0.0 0.0 0.0 0.0 0.0 0.0 0.0 0.0 0.0 0.0 0.0 0.0 0.0 3293.334503 5032.425378 1460.026657 0.0 0.0 0.0 0.0 0.0 0.0 0.0 0.0 0.0 0.0 0.0 0.0 0.0 0.0 0.0 0.0 0.0 0.0 0.0 0.0 0.0 0.0 0.0 0.0 0.0 0.0 0.0 0.0 0.0 0.0 0.0 0.0 0.0 0.0 0.0 0.0 0.0 0.0 0.0 0.0 0.0 0.0 0.0 0.0 0.0 0.0 0.0 0.0 0.0 0.0 0.0 0.0 0.0 0.0 0.0 0.0 0.0 0.0 0.0 0.0 0.0 0.0 0.0 0.0 0.0 0.0 0.0 0.0 0.0 0.0 0.0 0.0 0.0 0.0 0.0 0.0 0.0 0.0 0.0 0.0 0.0 0.0 0.0 0.0 0.0 0.0 0.0 0.0 0.0 0.0 0.0 0.0 0.0 0.0 0.0 0.0 0.0 0.0 0.0 0.0 0.0 0.0 0.0 0.0 0.0 0.0 0.0 0.0 0.0 0.0 0.0 0.0 0.0 0.0 0.0 0.0 0.0 0.0 0.0 0.0 0.0 0.0 0.0 0.0 0.0 0.0 0.0 0.0 0.0 0.0 0.0 0.0 0.0 0.0 0.0 0.0 0.0 0.0 0.0 0.0 0.0 0.0 0.0 0.0 0.0 0.0 0.0 0.0 0.0 0.0 0.0 0.0 0.0 0.0 0.0 0.0 0.0 0.0 0.0 0.0 0.0 0.0 0.0 0.0 0.0 0.0 0.0 0.0 0.0 0.0 0.0 0.0 0.0 0.0 0.0 0.0 0.0 0.0 0.0 0.0 0.0 0.0 0.0 0.0 0.0 0.0 0.0 0.0 0.0 0.0 0.0 0.0 0.0 0.0 0.0 0.0 0.0 0.0 0.0 0.0 0.0 0.0 0.0 0.0 0.0 0.0 0.0 0.0 0.0 0.0 0.0 0.0 0.0 0.0 0.0 0.0 0.0 0.0 0.0 0.0 0.0 0.0 0.0 0.0 0.0 0.0 0.0 0.0 0.0 0.0 0.0 0.0 0.0 0.0 0.0 0.0 0.0 0.0 0.0 0.0 0.0 0.0 0.0 0.0 0.0 0.0 0.0 0.0 0.0 0.0 0.0 0.0 0.0 0.0 0.0 0.0 0.0 0.0 0.0 0.0 0.0 0.0 0.0 0.0 0.0 0.0 0.0 0.0 0.0 
SCALARS up float64 1
LOOKUP_TABLE default
0.0 -1.420862934e-08 -2.841725867e-08 2.102722578e-05 9.918015982e-06 4.036678579e-08 -2.163249531e-08 -1.445222611e-08 -7.271956912e-09 1.073210435e-07 -2.909591523e-08 2.097415746e-05 -1.133825446e-07 1.034173642e-05 1.07610483e-06 -7.418818756e-08 9.378284939e-06 2.461834509e-06 -3.709409378e-08 0.0 -2.086401998e-08 -1.263212473e-08 2.104474293e-05 3.174796321e-05 2.255266447e-09 2.099274548e-05 6.248661168e-09 -2.248608518e-09 6.095657608e-09 -9.63851763e-09 1.038970305e-07 -4.515341924e-08 4.883382583e-07 1.044883961e-05 1.175539278e-06 3.355473776e-06 -6.143910468e-07 2.846598526e-06 -4.044036923e-07 2.691272275e-06 9.993008988e-07 -1.903468765e-07 -1.903468765e-07 0.0 0.0 0.0 0.0 0.0 0.0 0.0 0.0 0.0 2.357186565e-08 0.0 0.0 3.198463139e-05 -2.419723434e-08 -1.550891014e-08 -1.633326534e-09 0.0 8.073042223e-09 0.0 -2.783912542e-08 -1.731429382e-08 -2.976705065e-07 -6.619630155e-07 7.080781817e-08 9.229039179e-07 9.993008988e-07 9.704758866e-07 0.0 2.555108061e-09 -1.031286132e-07 -1.369278283e-09 5.944202313e-07 -1.322291494e-07 0.0 0.0 -2.39250962e-08 8.928967459e-08 0.0 -2.39250962e-08 2.602400418e-07 -2.163165144e-09 -2.163165144e-09 0.0 -2.048879482e-07 0.0 0.0 0.0 0.0 0.0 0.0 0.0 0.0 0.0 0.0 0.0 1.77541004e-07 -2.600382301e-07 0.0 1.80271015e-07 -1.179805066e-07 -2.359610133e-07 1.795241442e-05 -5.351587351e-08 5.944202313e-07 1.722604499e-06 6.12639317e-07 6.10084209e-07 -2.74722191e-08 -2.970143194e-08 1.025277175e-07 0.0 0.0 0.0 3.196095218e-05 4.272590198e-05 0.0 3.18716625e-05 0.0 0.0 0.0 0.0 2.311384723e-08 -6.1933367e-09 0.0 -6.1933367e-09 0.0 -5.351587351e-08 0.0 2.609671808e-07 -5.498317314e-08 0.0 0.0 0.0 0.0 0.0 0.0 0.0 0.0 0.0 0.0 4.403092451e-07 0.0 0.0 1.129433553e-05 5.344174319e-05 -3.310522994e-06 1.363673446e-05 1.657932766e-05 5.143882002e-05 5.111540735e-05 5.002207594e-05 4.274160027e-05 4.274160027e-05 4.272590198e-05 0.0 0.0 0.0 0.0 -2.73986503e-08 1.885152072e-07 2.609671808e-07 2.730148587e-07 8.449965146e-08 0.0 -1.992881192e-06 0.0 -9.070101494e-08 2.269887635e-07 -3.571784179e-08 0.0 0.0 0.0 0.0 0.0 0.0 0.0 0.0 0.0 0.0 0.0 0.0 3.127218134e-05 9.349714415e-06 2.531907617e-05 5.299021998e-05 5.13460662e-05 5.146629224e-05 -4.954676775e-06 4.914524759e-06 4.979856441e-05 5.033550852e-05 -8.398400603e-08 -1.003410363e-06 0.0 0.0 0.0 0.0 0.0 0.0 -8.835374309e-08 1.464957192e-06 -3.784124556e-08 1.579541139e-06 4.799876815e-06 0.0 9.102619486e-06 0.0 1.579907326e-06 3.661868026e-10 1.638394163e-06 -2.203125694e-07 1.4114054e-06 6.879050305e-07 -1.843235974e-07 0.0 0.0 0.0 0.0 0.0 0.0 0.0 0.0 0.0 0.0 2.717323224e-05 -6.494375959e-06 1.677297876e-05 3.286310675e-05 1.904174837e-05 2.137725153e-07 4.972811192e-06 -3.198032118e-08 2.909722121e-08 -7.796576926e-09 0.0 1.412254511e-07 -7.796576926e-09 0.0 3.476145073e-06 -9.811945802e-11 0.0 2.310375947e-05 0.0 -9.811945802e-11 0.0 1.154933484e-07 5.232659956e-07 7.43578565e-07 6.879050305e-07 0.0 0.0 -1.843235974e-07 0.0 0.0 0.0 0.0 0.0 0.0 0.0 0.0 2.053705412e-05 -7.708928184e-06 5.221091497e-07 1.058883831e-05 5.00910187e-06 5.82864329e-08 4.795329354e-06 5.200368484e-08 0.0 2.909722121e-08 0.0 0.0 4.636754031e-06 8.718103895e-06 0.0 4.636754031e-06 -1.415600999e-09 5.283094853e-09 0.0 -1.415600999e-09 0.0 4.756848419e-05 0.0 1.820733015e-07 -4.87863941e-08 1.820733015e-07 1.966288059e-07 -2.174018032e-08 8.113545751e-08 1.537135687e-08 -4.118742659e-09 9.005420239e-07 -2.412995081e-07 -2.45017729e-07 0.0 -3.71822099e-09 0.0 0.0 0.0 0.0 0.0 1.071268084e-05 2.222787331e-06 2.931661193e-06 2.051783608e-05 2.115005593e-05 2.09713272e-05 2.133565875e-05 1.454141144e-05 1.078107059e-05 1.314919916e-05 8.782938579e-06 8.782938579e-06 8.718103895e-06 0.0 0.0 5.845182185e-10 1.753532672e-08 0.0 1.966367728e-05 0.0 -4.87863941e-08 0.0 -1.326530709e-09 -1.678950031e-08 1.537135687e-08 4.950680004e-09 8.642799841e-07 2.61385161e-06 9.005420239e-07 1.387658965e-08 8.683987268e-07 1.387658965e-08 0.0 0.0 0.0 0.0 0.0 2.062976263e-05 1.310491406e-06 2.132214055e-05 4.912682822e-07 7.937333532e-06 1.298238464e-05 -1.559026798e-06 1.314919916e-05 0.0 0.0 0.0 0.0 -4.698576634e-09 0.0 -6.246734096e-08 3.479758702e-07 4.791023311e-08 -3.209243457e-08 0.0 3.903673793e-05 0.0 0.0 0.0 -1.326530709e-09 0.0 0.0 4.820713615e-06 -5.913268922e-07 -1.88196876e-07 0.0 4.031300161e-07 0.0 0.0 0.0 0.0 0.0 -1.155859361e-08 -3.426841502e-10 1.73296839e-05 -3.153463409e-06 2.330628307e-06 1.646422389e-05 8.086129211e-06 7.864461632e-06 7.667732828e-06 0.0 0.0 0.0 0.0 0.0 0.0 0.0 0.0 3.479758702e-07 -1.283750827e-08 0.0 1.754551633e-05 0.0 -3.723327784e-09 5.400997437e-08 2.206862005e-06 -1.080183623e-07 -1.080183623e-07 0.0 0.0 0.0 0.0 -1.164067099e-09 -1.164067099e-09 1.27891466e-09 0.0 5.263464385e-08 -1.292824602e-08 -3.723327784e-09 -1.258556187e-08 2.144615477e-05 -2.229512312e-06 1.698032804e-05 -7.660864264e-08 1.442482674e-08 -3.865120676e-09 -2.491517503e-08 9.298469908e-08 -2.87802957e-08 3.628681733e-07 1.128482481e-06 0.0 4.091764275e-08 3.628681733e-07 0.0 4.604577294e-05 0.0 9.194161186e-06 4.693247377e-06 0.0 4.639237402e-06 6.309883948e-07 -1.690728308e-07 6.897389744e-08 -1.000989334e-07 1.050934434e-08 -7.76807336e-09 0.0 -7.76807336e-09 0.0 4.091764275e-08 0.0 2.322623099e-05 1.874408218e-05 1.868098228e-05 1.20038533e-05 1.330216344e-05 -5.513453082e-06 9.386765305e-07 8.017669619e-07 -1.173618245e-08 6.487246019e-08 -4.441360324e-08 3.162191669e-07 -5.883842998e-08 1.698732094e-06 -8.810542303e-08 0.0 1.595424813e-05 0.0 1.299066421e-05 2.22877157e-07 6.309883948e-07 -1.848150012e-08 2.899084446e-08 0.0 0.0 -1.012072567e-07 0.0 -1.310183368e-08 2.702537821e-05 2.328199628e-05 2.322623099e-05 2.328199628e-05 3.374004121e-07 1.865367601e-05 1.862834764e-05 -9.040616796e-08 1.834690513e-07 1.195808786e-05 3.796503025e-06 -4.576544604e-08 3.143785868e-06 7.900133935e-06 1.136457047e-05 5.616937287e-06 4.09538387e-06 1.644252316e-06 1.421017848e-06 5.70249613e-07 7.277168619e-08 0.0 0.0 1.180102482e-05 0.0 2.202148942e-07 1.218519312e-08 6.038687356e-07 6.012064728e-07 -8.578678849e-08 -2.036932386e-08 5.530928112e-08 0.0 7.567860498e-08 0.0 7.180093904e-08 3.622877675e-09 3.424960135e-05 2.806209005e-06 7.847881949e-07 1.616344843e-07 8.408952253e-08 3.708894506e-07 6.225495551e-08 1.10908694e-05 2.352985606e-05 1.07469553e-05 2.304831837e-06 5.856140137e-06 6.891831764e-06 -6.712633018e-07 3.035650745e-06 1.315413777e-06 -2.633910301e-07 3.636244871e-07 1.012042041e-07 0.0 3.374887259e-06 0.0 1.772721284e-08 -1.632911197e-07 7.601935155e-08 -2.027802109e-08 -2.027802109e-08 0.0 0.0 4.099923401e-05 3.40072665e-05 3.400364363e-05 7.224223142e-06 0.0 -3.286984885e-08 2.928880951e-06 1.226719459e-07 2.695561229e-06 -2.312296216e-07 2.248173446e-06 1.344807817e-05 1.532213421e-05 1.555702575e-07 1.016005841e-06 1.687269143e-06 1.315918181e-06 -9.78281532e-08 5.044039539e-10 0.0 3.366300277e-06 0.0 1.437167688e-07 -3.702381244e-08 -1.484979708e-09 0.0 0.0 0.0 0.0 0.0 0.0 0.0 4.109692701e-05 0.0 0.0 0.0 -3.286984885e-08 0.0 -1.214527777e-07 -1.488511351e-07 7.987746394e-06 4.135959417e-05 -3.694144572e-06 1.40063997e-05 1.378673523e-05 4.222235871e-05 4.104972802e-05 -1.63859206e-07 4.088600397e-05 0.0 -4.965461766e-06 0.0 4.535021782e-07 1.381747491e-07 2.34241124e-10 -3.702381244e-08 0.0 0.0 0.0 0.0 0.0 0.0 0.0 8.055384571e-07 4.617011134e-08 -1.016882499e-07 -3.452481659e-09 -1.513108429e-07 1.966253123e-07 -4.923311199e-08 0.0 -4.923311199e-08 0.0 0.0 -7.39729959e-08 -1.278493391e-08 4.74797818e-08 3.04817843e-05 5.88133031e-06 2.477980374e-05 4.078393598e-05 4.242593867e-05 4.220938374e-05 6.599540982e-07 -2.065116843e-06 0.0 1.960397442e-05 0.0 -6.276472e-11 0.0 0.0 0.0 -1.96734995e-08 0.0 -1.96734995e-08 0.0 1.599280258e-07 6.859236974e-07 5.672671262e-07 8.744429806e-09 1.837404754e-07 0.0 1.893811224e-07 1.935215295e-07 0.0 -1.272216919e-08 2.538103544e-05 -8.308361942e-06 8.520295423e-06 2.537504569e-05 9.986403463e-06 8.165880258e-07 -1.096416629e-07 6.92602696e-07 0.0 2.009494708e-05 0.0 0.0 0.0 0.0 0.0 1.466713547e-07 -3.930047103e-08 0.0 7.342249968e-08 -3.930047103e-08 7.342249968e-08 0.0 2.578390105e-06 4.35655186e-07 4.63886303e-07 1.008722295e-06 7.499804981e-07 -8.216539853e-09 1.159544392e-06 0.0 0.0 -8.216539853e-09 8.645372689e-06 -3.587638772e-06 1.561557589e-06 4.805405949e-07 0.0 2.559910732e-05 0.0 0.0 0.0 0.0 0.0 -1.289758389e-08 4.813443836e-08 5.836469343e-07 -1.170872537e-07 -1.662395861e-07 1.983151809e-07 -5.313839258e-08 1.491628485e-07 2.403456303e-06 -1.488462959e-07 3.066454419e-08 0.0 0.0 0.0 0.0 3.3145874e-06 1.401908019e-05 2.549441492e-07 4.239536422e-06 5.34267617e-06 2.697404283e-06 1.070678456e-07 2.498865336e-06 0.0 1.098226799e-05 0.0 0.0 0.0 3.946016268e-08 -1.057331872e-08 -1.289758389e-08 -1.057331872e-08 2.428564273e-06 5.05985102e-07 4.369755797e-07 1.834390017e-07 4.578506637e-07 1.834390017e-07 -5.313839258e-08 0.0 0.0 1.315827367e-06 -3.812636231e-07 1.024246568e-06 0.0 0.0 1.376821448e-06 0.0 0.0 1.715461267e-05 1.223745372e-06 1.236463999e-05 7.425946045e-06 7.425946045e-06 8.678495657e-06 -4.191750232e-07 3.335819487e-06 0.0 2.029014514e-05 0.0 0.0 0.0 0.0 1.316483922e-08 9.813548318e-08 3.274729664e-06 -2.267293333e-07 0.0 0.0 1.396803311e-06 2.04772062e-07 2.447758077e-07 -4.905160132e-09 -1.070820761e-08 0.0 -5.803047474e-09 2.192928888e-08 1.34378406e-07 -3.406146134e-08 1.4163151e-08 1.26010421e-05 1.419369656e-06 3.545489565e-06 1.255060929e-05 -1.165410131e-06 4.669247012e-08 1.096034667e-06 0.0 1.002591731e-05 0.0 1.562275366e-06 3.876354215e-07 3.537251528e-07 -5.17460044e-08 0.0 -5.17460044e-08 0.0 5.887498027e-06 3.108504405e-06 8.461653913e-07 3.010368922e-06 -4.94077221e-07 9.977559003e-07 4.343055722e-07 7.674689018e-08 1.669576845e-07 -1.548407019e-07 2.495164505e-07 1.830630683e-08 3.624161643e-08 2.712138894e-07 2.401480652e-05 1.705881073e-05 1.709573798e-05 9.242853011e-06 9.668356155e-06 4.719750059e-06 7.458140977e-06 3.478802462e-06 9.164925136e-07 -3.743320532e-08 0.0 1.791734265e-05 0.0 -1.070340108e-08 2.503847993e-08 -9.211166583e-08 5.176828416e-08 1.931187175e-07 0.0 1.018159832e-05 -2.273120103e-07 1.078906906e-06 -1.381161738e-07 2.990410296e-05 2.406136758e-05 2.406136758e-05 2.39785649e-05 0.0 -1.711617765e-08 1.712268917e-05 1.699912639e-05 1.01645261e-07 -1.255624891e-07 9.644708162e-06 4.441049611e-06 5.48804466e-07 7.461733011e-06 1.92326913e-05 8.579006781e-06 -5.157341521e-07 -6.668710291e-08 -7.587756255e-07 3.687470635e-06 2.817670591e-06 0.0 5.470609266e-06 0.0 3.253043602e-05 2.996576346e-05 -2.174434643e-08 3.493334054e-08 3.493334054e-08 -9.360360386e-09 0.0 0.0 -2.311279473e-07 7.225590555e-07 2.63056614e-07 -4.874146085e-08 1.131776674e-06 2.997570597e-05 2.99767745e-05 0.0 0.0 0.0 0.0 -1.711617765e-08 -1.011958796e-08 -7.890638504e-08 4.529008816e-08 1.669565421e-05 3.448084329e-06 2.344468015e-05 3.290978199e-05 0.0 1.415861711e-05 0.0 3.174646024e-05 3.25161223e-05 6.753811957e-08 -1.936411092e-06 0.0 -9.360360386e-09 0.0 0.0 0.0 0.0 7.689890048e-08 0.0 -6.109557792e-08 -8.583194116e-08 1.38423557e-07 4.131238264e-07 -1.106961956e-07 -1.106961956e-07 0.0 0.0 0.0 0.0 0.0 0.0 0.0 0.0 3.65365161e-08 0.0 0.0 2.348171661e-05 -4.437862206e-06 7.15924646e-06 2.344468015e-05 3.858713252e-08 0.0 1.955648526e-05 0.0 8.65908908e-06 5.507584063e-07 0.0 0.0 0.0 0.0 0.0 0.0 0.0 0.0 -3.709048031e-08 0.0 0.0 4.499482216e-07 4.131238264e-07 0.0 -3.327206514e-08 0.0 0.0 0.0 0.0 0.0 0.0 0.0 0.0 1.500339256e-05 -2.689403973e-06 1.322925925e-05 9.565489478e-06 0.0 3.444464732e-05 0.0 8.641325844e-06 1.499842619e-06 1.241730376e-07 -9.241636337e-07 0.0 0.0 0.0 0.0 0.0 0.0 0.0 0.0 0.0 0.0 0.0 0.0 6.588840404e-07 -3.582856022e-08 0.0 -3.582856022e-08 3.272298306e-08 -8.768096885e-09 0.0 -8.768096885e-09 0.0 0.0 0.0 0.0 0.0 1.049774058e-05 -2.437932658e-06 3.450511816e-06 1.323920042e-05 0.0 1.317640694e-05 0.0 6.606436384e-06 1.026271883e-06 0.0 0.0 0.0 0.0 0.0 0.0 0.0 0.0 0.0 0.0 0.0 1.026271883e-06 1.017444124e-06 9.509912692e-08 4.827331207e-07 1.27373849e-07 -2.536162308e-08 0.0 0.0 7.011743536e-06 -2.16916001e-06 0.0 1.646141973e-05 0.0 3.434648561e-06 1.164184259e-07 0.0 0.0 0.0 0.0 0.0 -2.051635025e-07 -2.051635025e-07 0.0 0.0 0.0 0.0 0.0 0.0 0.0 -1.126264581e-09 9.930240356e-08 9.46508659e-08 4.203276637e-09 1.050642213e-07 -5.351349633e-08 0.0 7.656806151e-07 -2.815187325e-08 5.214646471e-06 6.033463947e-06 0.0 0.0 7.589610493e-06 2.772378126e-07 2.043178326e-07 0.0 1.164184259e-07 0.0 0.0 7.656806151e-07 0.0 0.0 0.0 0.0 0.0 0.0 8.727841208e-08 -2.218748235e-09 8.840467666e-08 3.057575567e-07 3.792093669e-08 8.287066901e-07 0.0 7.907857534e-07 5.610383758e-06 5.27219075e-06 0.0 5.187303568e-06 0.0 5.480501638e-07 -1.097683633e-08 3.569195941e-08 0.0 0.0 4.666879574e-08 0.0 0.0 0.0 0.0 0.0 0.0 2.709598964e-07 -7.260348542e-08 0.0 -7.260348542e-08 2.013607221e-07 -5.395444288e-08 0.0 0.0 -5.395444288e-08 7.42935054e-07 2.84516998e-07 2.867357462e-07 2.006933354e-07 1.620546829e-06 0.0 5.641352154e-06 9.442967044e-07 4.565006829e-06 1.644674998e-05 0.0 0.0 -7.619307189e-07 -1.308423485e-06 5.43923109e-06 4.836434128e-06 1.39383698e-05 1.159031008e-05 0.0 0.0 0.0 0.0 0.0 0.0 1.300335487e-06 -2.758203581e-07 2.013607221e-07 0.0 1.167922936e-05 8.496134791e-06 8.402770744e-06 5.035269873e-06 5.035269873e-06 4.020805325e-06 0.0 -1.021253974e-07 1.325433876e-06 1.031145629e-06 3.82907211e-07 1.315804723e-05 3.595581652e-06 0.0 9.869344475e-06 0.0 1.159031008e-05 1.09362943e-05 0.0 8.975619079e-06 1.326027077e-05 1.39502502e-05 3.074285649e-09 0.0 0.0 0.0 0.0 0.0 -8.169995796e-08 2.731799694e-08 0.0 3.031383551e-07 0.0 0.0 0.0 0.0 0.0 8.496134791e-06 8.402770744e-06 0.0 0.0 0.0 0.0 -6.829694249e-08 -9.538587716e-09 9.939603517e-06 1.338644517e-07 0.0 6.344021866e-06 8.975619079e-06 0.0 3.074285649e-09 -4.196665348e-08 1.56621683e-07 -4.196665348e-08 0.0 1.455618939e-05 0.0 -6.244635591e-10 0.0 0.0 0.0 0.0 0.0 0.0 -8.122567743e-08 0.0 0.0 0.0 0.0 0.0 0.0 0.0 0.0 0.0 0.0 3.382845495e-08 0.0 0.0 -9.064307186e-09 0.0 0.0 0.0 4.062348265e-06 1.916931374e-06 7.990832078e-06 0.0 7.192760126e-07 -3.610774369e-08 1.95697707e-06 7.387083955e-07 0.0 0.0 0.0 0.0 0.0 0.0 0.0 0.0 0.0 0.0 0.0 0.0 0.0 0.0 0.0 0.0 0.0 0.0 -1.927294267e-07 0.0 0.0 0.0 0.0 0.0 3.873908444e-06 1.457984408e-06 0.0 0.0 0.0 0.0 0.0 0.0 0.0 0.0 0.0 0.0 0.0 0.0 0.0 0.0 0.0 0.0 0.0 0.0 0.0 0.0 0.0 0.0 0.0 0.0 0.0 0.0 0.0 0.0 0.0 0.0 0.0 0.0 0.0 0.0 0.0 0.0 0.0 0.0 0.0 0.0 0.0 0.0 0.0 0.0 0.0 0.0 0.0 0.0 0.0 0.0 0.0 0.0 0.0 0.0 0.0 0.0 0.0 0.0 0.0 0.0 0.0 0.0 0.0 0.0 0.0 0.0 0.0 0.0 0.0 0.0 0.0 0.0 0.0 0.0 0.0 0.0 0.0 0.0 0.0 0.0 0.0 0.0 0.0 0.0 0.0 0.0 0.0 0.0 0.0 0.0 0.0 0.0 0.0 0.0 0.0 0.0 0.0 0.0 0.0 0.0 0.0 0.0 0.0 0.0 0.0 0.0 0.0 0.0 0.0 0.0 0.0 0.0 0.0 0.0 0.0 0.0 0.0 0.0 0.0 0.0 0.0 0.0 0.0 0.0 0.0 0.0 0.0 0.0 0.0 0.0 0.0 0.0 0.0 0.0 0.0 0.0 0.0 0.0 0.0 0.0 0.0 0.0 0.0 0.0 0.0 0.0 0.0 0.0 0.0 0.0 0.0 0.0 0.0 0.0 0.0 0.0 0.0 0.0 0.0 0.0 0.0 0.0 0.0 0.0 0.0 0.0 0.0 0.0 0.0 0.0 0.0 0.0 0.0 0.0 0.0 0.0 0.0 0.0 0.0 0.0 0.0 0.0 0.0 0.0 0.0 0.0 0.0 0.0 0.0 0.0 0.0 0.0 0.0 0.0 0.0 0.0 0.0 0.0 0.0 0.0 0.0 0.0 0.0 0.0 0.0 0.0 0.0 0.0 0.0 0.0 0.0 0.0 0.0 0.0 0.0 0.0 0.0 0.0 0.0 0.0 0.0 0.0 0.0 0.0 0.0 0.0 0.0 0.0 0.0 0.0 0.0 0.0 0.0 0.0 0.0 0.0 0.0 0.0 0.0 0.0 0.0 0.0 0.0 0.0 0.0 0.0 0.0 0.0 0.0 0.0 0.0 0.0 0.0 0.0 0.0 0.0 0.0 0.0 0.0 0.0 0.0 0.0 0.0 0.0 0.0 0.0 0.0 0.0 0.0 0.0 0.0 0.0 0.0 0.0 0.0 0.0 0.0 0.0 0.0 0.0 0.0 0.0 0.0 0.0 0.0 0.0 0.0 0.0 0.0 0.0 0.0 0.0 0.0 0.0 0.0 0.0 0.0 0.0 
SCALARS sl float64 1
LOOKUP_TABLE default
0.0 0.0 0.0 0.0 0.0 0.0 0.0 0.0 0.0 0.0 0.0 0.0 0.0 0.0 0.0 0.0 0.0 0.0 0.0 0.0 0.0 0.0 0.0 0.0 0.0 0.0 0.0 0.0 0.0 0.0 0.0 0.0 0.0 0.0 0.0 0.0 0.0 0.0 0.0 0.0 0.0 0.0 0.0 0.0 0.0 0.0 0.0 0.0 0.0 0.0 0.0 0.0 0.0 0.0 0.0 0.0 0.0 0.0 0.0 0.0 0.0 0.0 0.0 0.0 0.0 0.0 0.0 0.0 0.0 0.0 0.0 0.0 0.0 0.0 0.0 0.0 0.0 0.0 0.0 0.0 0.0 0.0 0.0 0.0 0.0 0.0 0.0 1.740973626e-06 1.102379719e-20 0.0 0.0 0.0 0.0 0.0 0.0 0.0 0.0 0.0 0.0 0.0 0.0 0.0 0.0 0.0 0.0 0.0 0.0 0.0 0.0 0.0 0.0 0.0 0.0 0.0 0.0 0.0 0.0 0.0 0.0 0.0 0.0 0.0 0.0 0.0 0.0 0.0 0.0 0.0 7.213827093e-07 0.0 6.122633666e-07 0.0 0.0 0.0 0.0 0.0 0.0 0.0 0.0 0.0 0.0 0.0 0.0 0.0 0.0 0.0 0.0 0.0 0.0 0.0 0.0 0.0 0.0 0.0 0.0 0.0 0.0 0.0 0.0 0.0 0.0 0.0 0.0 0.0 0.0 0.0 7.081912466e-08 0.0 -2.314929327e-07 0.0 0.0 0.0 0.0 0.0 0.0 0.0 0.0 0.0 0.0 0.0 0.0 0.0 0.0 0.0 0.0 0.0 0.0 0.0 0.0 0.0 0.0 0.0 0.0 0.0 0.0 0.0 0.0 0.0 0.0 0.0 0.0 0.0 0.0 0.0 0.0 0.0 0.0 3.70282559e-07 0.0 2.492259895e-07 0.0 0.0 0.0 0.0 0.0 0.0 0.0 0.0 0.0 0.0 0.0 0.0 0.0 0.0 0.0 0.0 0.0 0.0 0.0 0.0 0.0 0.0 0.0 0.0 0.0 0.0 0.0 0.0 0.0 0.0 0.0 0.0 0.0 -3.18541221e-07 0.0 -9.995946368e-08 0.0 0.0 0.0 0.0 0.0 0.0 0.0 0.0 0.0 0.0 0.0 0.0 0.0 0.0 0.0 0.0 0.0 0.0 0.0 0.0 0.0 0.0 0.0 0.0 0.0 0.0 0.0 0.0 0.0 0.0 0.0 0.0 0.0 0.0 0.0 0.0 0.0 -1.424868077e-07 0.0 -1.457180404e-07 0.0 0.0 0.0 0.0 0.0 0.0 0.0 0.0 0.0 0.0 0.0 0.0 0.0 0.0 0.0 0.0 0.0 0.0 0.0 0.0 0.0 0.0 0.0 0.0 0.0 0.0 0.0 0.0 0.0 0.0 0.0 0.0 0.0 0.0 0.0 4.665832638e-08 0.0 -1.853490863e-08 0.0 0.0 0.0 0.0 0.0 0.0 0.0 0.0 0.0 0.0 0.0 0.0 0.0 0.0 0.0 0.0 0.0 0.0 0.0 0.0 0.0 0.0 0.0 0.0 0.0 0.0 0.0 0.0 0.0 0.0 0.0 0.0 0.0 0.0 0.0 2.116602107e-07 0.0 1.888120811e-07 0.0 0.0 0.0 0.0 0.0 0.0 0.0 0.0 0.0 0.0 0.0 0.0 0.0 0.0 0.0 0.0 0.0 0.0 0.0 0.0 0.0 0.0 0.0 0.0 0.0 0.0 0.0 0.0 0.0 0.0 0.0 0.0 0.0 0.0 -6.712969114e-08 0.0 -1.279215223e-07 0.0 0.0 0.0 0.0 0.0 0.0 0.0 0.0 0.0 0.0 0.0 0.0 0.0 0.0 0.0 0.0 0.0 0.0 0.0 0.0 0.0 0.0 0.0 0.0 0.0 0.0 0.0 0.0 0.0 0.0 0.0 -1.140784688e-07 0.0 3.213249747e-08 0.0 0.0 0.0 0.0 0.0 0.0 0.0 0.0 0.0 0.0 0.0 0.0 0.0 0.0 0.0 0.0 0.0 0.0 0.0 0.0 0.0 0.0 0.0 0.0 0.0 0.0 0.0 0.0 0.0 0.0 -5.788898224e-08 0.0 -1.27738736e-07 0.0 0.0 0.0 0.0 0.0 0.0 0.0 0.0 0.0 0.0 0.0 0.0 0.0 0.0 0.0 0.0 0.0 0.0 0.0 0.0 0.0 0.0 0.0 0.0 0.0 0.0 0.0 0.0 0.0 0.0 0.0 0.0 -2.44332215e-09 0.0 1.254577707e-08 0.0 0.0 0.0 0.0 0.0 0.0 0.0 0.0 0.0 0.0 0.0 0.0 0.0 0.0 0.0 0.0 0.0 0.0 0.0 0.0 0.0 0.0 0.0 0.0 0.0 0.0 0.0 0.0 0.0 0.0 0.0 -1.079457544e-07 0.0 1.908764275e-08 0.0 0.0 0.0 0.0 0.0 0.0 0.0 0.0 0.0 0.0 0.0 0.0 0.0 0.0 0.0 0.0 0.0 0.0 0.0 0.0 0.0 0.0 0.0 0.0 0.0 0.0 9.649048483e-09 0.0 1.694695288e-07 0.0 0.0 0.0 0.0 0.0 0.0 0.0 0.0 0.0 0.0 0.0 0.0 0.0 0.0 0.0 0.0 0.0 0.0 0.0 0.0 0.0 0.0 0.0 0.0 0.0 0.0 0.0 -2.578167706e-09 0.0 -2.710013858e-08 0.0 0.0 0.0 0.0 0.0 0.0 0.0 0.0 0.0 0.0 0.0 0.0 0.0 0.0 0.0 0.0 0.0 0.0 0.0 0.0 0.0 0.0 0.0 0.0 0.0 0.0 0.0 0.0 0.0 0.0 0.0 0.0 0.0 2.05884684e-07 0.0 3.620079466e-07 0.0 0.0 0.0 0.0 0.0 0.0 0.0 0.0 0.0 0.0 0.0 0.0 0.0 0.0 0.0 0.0 0.0 0.0 0.0 0.0 0.0 0.0 0.0 0.0 0.0 0.0 -1.242940496e-07 0.0 -4.031398062e-07 0.0 0.0 0.0 0.0 0.0 0.0 0.0 0.0 0.0 0.0 0.0 0.0 0.0 0.0 0.0 0.0 0.0 0.0 0.0 0.0 0.0 0.0 0.0 0.0 0.0 -4.261783779e-08 0.0 -2.368877792e-08 0.0 0.0 0.0 0.0 0.0 0.0 0.0 0.0 0.0 0.0 0.0 0.0 0.0 0.0 0.0 0.0 0.0 0.0 0.0 0.0 0.0 0.0 0.0 0.0 0.0 0.0 0.0 -1.766469076e-07 0.0 -2.049643306e-07 0.0 0.0 0.0 0.0 0.0 0.0 0.0 0.0 0.0 0.0 0.0 0.0 0.0 0.0 0.0 0.0 0.0 0.0 0.0 0.0 0.0 0.0 0.0 0.0 0.0 0.0 0.0 0.0 0.0 0.0 0.0 -8.768995259e-09 0.0 1.565456621e-08 0.0 0.0 0.0 0.0 0.0 0.0 0.0 0.0 0.0 0.0 0.0 0.0 0.0 0.0 0.0 0.0 0.0 0.0 0.0 0.0 0.0 0.0 0.0 0.0 0.0 0.0 0.0 2.919692583e-09 0.0 -4.173357171e-08 0.0 0.0 0.0 0.0 0.0 0.0 0.0 0.0 0.0 0.0 0.0 0.0 0.0 0.0 0.0 0.0 0.0 0.0 0.0 0.0 0.0 0.0 0.0 0.0 0.0 0.0 0.0 0.0 0.0 0.0 0.0 1.322304259e-07 0.0 -1.103701176e-09 0.0 0.0 0.0 0.0 0.0 0.0 0.0 0.0 0.0 0.0 0.0 0.0 0.0 0.0 0.0 0.0 0.0 0.0 0.0 0.0 0.0 0.0 0.0 0.0 0.0 0.0 0.0 0.0 0.0 0.0 0.0 -1.463119788e-07 0.0 8.86541985e-08 0.0 0.0 0.0 0.0 0.0 0.0 0.0 0.0 0.0 0.0 0.0 0.0 0.0 0.0 0.0 0.0 0.0 0.0 0.0 0.0 0.0 0.0 0.0 0.0 0.0 0.0 0.0 8.087957169e-08 0.0 4.546947509e-08 0.0 0.0 0.0 0.0 0.0 0.0 0.0 0.0 0.0 0.0 0.0 0.0 0.0 0.0 0.0 0.0 0.0 0.0 0.0 0.0 0.0 0.0 0.0 0.0 0.0 0.0 0.0 0.0 0.0 0.0 0.0 0.0 0.0 0.0 -1.070814845e-07 0.0 -9.047601712e-08 0.0 0.0 0.0 0.0 0.0 0.0 0.0 0.0 0.0 0.0 0.0 0.0 0.0 0.0 0.0 0.0 0.0 0.0 0.0 0.0 0.0 0.0 0.0 0.0 0.0 0.0 0.0 0.0 0.0 4.595958785e-08 0.0 1.299204477e-08 0.0 0.0 0.0 0.0 0.0 0.0 0.0 0.0 0.0 0.0 0.0 0.0 0.0 0.0 0.0 0.0 0.0 0.0 0.0 0.0 0.0 0.0 0.0 0.0 0.0 0.0 0.0 0.0 0.0 0.0 0.0 0.0 0.0 -1.468663865e-07 0.0 -3.117717294e-07 0.0 0.0 0.0 0.0 0.0 0.0 0.0 0.0 0.0 0.0 0.0 0.0 0.0 0.0 0.0 0.0 0.0 0.0 0.0 0.0 0.0 0.0 0.0 -9.035324417e-09 0.0 -2.932474605e-08 0.0 0.0 0.0 0.0 0.0 0.0 0.0 0.0 0.0 0.0 0.0 0.0 0.0 0.0 0.0 0.0 0.0 0.0 0.0 0.0 0.0 0.0 0.0 0.0 0.0 0.0 0.0 -1.631226126e-07 -1.631442148e-07 0.0 0.0 0.0 0.0 0.0 0.0 0.0 0.0 0.0 0.0 0.0 0.0 0.0 0.0 0.0 0.0 0.0 0.0 0.0 0.0 0.0 0.0 0.0 0.0 1.398340593e-08 0.0 2.027994475e-08 0.0 0.0 0.0 0.0 0.0 0.0 0.0 0.0 0.0 0.0 0.0 0.0 0.0 0.0 0.0 0.0 0.0 0.0 0.0 0.0 0.0 0.0 0.0 0.0 0.0 0.0 0.0 0.0 0.0 0.0 0.0 7.669830494e-09 4.051063571e-08 0.0 0.0 0.0 0.0 0.0 0.0 0.0 0.0 0.0 0.0 0.0 0.0 0.0 0.0 0.0 0.0 0.0 0.0 0.0 0.0 0.0 0.0 0.0 0.0 0.0 0.0 0.0 0.0 0.0 1.320495698e-07 0.0 -2.459555898e-08 0.0 0.0 0.0 0.0 0.0 0.0 0.0 0.0 0.0 0.0 0.0 0.0 0.0 0.0 0.0 0.0 0.0 0.0 0.0 0.0 0.0 0.0 0.0 0.0 0.0 0.0 0.0 0.0 0.0 0.0 0.0 -1.898944044e-07 0.0 0.0 -1.425073245e-07 0.0 0.0 0.0 0.0 0.0 0.0 0.0 0.0 0.0 0.0 0.0 0.0 0.0 0.0 0.0 0.0 0.0 0.0 0.0 0.0 0.0 0.0 0.0 0.0 0.0 0.0 0.0 0.0 0.0 0.0 0.0 -1.440152602e-07 0.0 0.0 0.0 -4.390930612e-07 0.0 0.0 0.0 0.0 0.0 0.0 0.0 0.0 0.0 0.0 0.0 0.0 0.0 0.0 0.0 0.0 0.0 0.0 0.0 0.0 0.0 0.0 0.0 -1.863035932e-07 -2.645660645e-08 0.0 3.99398012e-08 -2.071365173e-09 0.0 0.0 0.0 0.0 0.0 0.0 0.0 0.0 0.0 0.0 0.0 0.0 0.0 0.0 0.0 1.676271333e-08 -4.965477726e-08 0.0 -1.46000809e-09 -6.865292833e-09 -3.093164292e-08 -1.061092098e-09 0.0 0.0 2.631766313e-08 -1.083816455e-10 -2.69732301e-08 -1.593791296e-09 0.0 0.0 0.0 0.0 0.0 0.0 0.0 0.0 0.0 0.0 0.0 0.0 2.02212969e-08 5.020925339e-10 0.0 -1.841061195e-08 -3.346439112e-09 0.0 0.0 0.0 0.0 0.0 0.0 0.0 0.0 0.0 0.0 0.0 4.11493095e-09 -1.817810954e-09 0.0 -1.452697063e-08 -6.168066107e-09 0.0 0.0 0.0 0.0 0.0 0.0 0.0 0.0 0.0 0.0 0.0 2.034894802e-08 -1.189028649e-08 -5.018837671e-10 2.468112827e-09 0.0 1.40400205e-08 -2.338617017e-08 4.663048008e-10 -2.398176179e-09 0.0 -1.212360402e-08 -7.100608915e-09 -1.240699678e-08 8.987800737e-10 0.0 1.547816059e-08 -1.142520601e-09 0.0 0.0 0.0 0.0 0.0 0.0 0.0 0.0 0.0 0.0 0.0 0.0 0.0 0.0 1.251389029e-09 0.0 0.0 1.472343515e-08 -8.361204293e-09 -2.086427536e-08 1.324040582e-09 -8.855679974e-09 0.0 0.0 -7.811239343e-09 0.0 -3.928006319e-09 0.0 0.0 0.0 0.0 0.0 0.0 -1.388579281e-08 -2.51612527e-09 0.0 0.0 0.0 0.0 0.0 0.0 0.0 0.0 0.0 0.0 1.73396568e-09 -1.096032881e-09 0.0 0.0 0.0 0.0 0.0 -8.114820837e-09 -4.202680613e-09 0.0 0.0 0.0 0.0 0.0 0.0 0.0 -8.85898418e-09 -6.814855143e-11 0.0 8.644134579e-09 -5.603410783e-10 -1.100721073e-09 0.0 0.0 0.0 0.0 0.0 0.0 0.0 0.0 0.0 0.0 0.0 0.0 0.0 0.0 0.0 7.512656956e-09 -7.367758309e-09 -1.137411213e-08 3.554780007e-11 -5.592229958e-09 -1.189810101e-08 -2.967952932e-09 0.0 -3.521969163e-10 -1.421837086e-09 0.0 0.0 0.0 0.0 0.0 0.0 0.0 0.0 0.0 -1.396241268e-08 0.0 -1.709346294e-08 -3.344642293e-08 -1.550501351e-09 0.0 0.0 0.0 0.0 0.0 0.0 0.0 6.13505111e-09 -9.945988283e-09 -5.730477297e-09 -7.981417607e-10 -3.639047545e-09 0.0 0.0 0.0 0.0 0.0 0.0 0.0 0.0 0.0 0.0 0.0 0.0 0.0 0.0 0.0 0.0 0.0 0.0 0.0 0.0 0.0 0.0 0.0 0.0 0.0 0.0 0.0 0.0 0.0 0.0 0.0 0.0 0.0 0.0 0.0 0.0 0.0 0.0 0.0 0.0 0.0 0.0 0.0 0.0 0.0 0.0 0.0 0.0 0.0 0.0 0.0 0.0 0.0 0.0 0.0 0.0 0.0 0.0 0.0 0.0 0.0 0.0 0.0 0.0 0.0 0.0 0.0 0.0 0.0 0.0 0.0 0.0 0.0 0.0 0.0 0.0 0.0 0.0 0.0 0.0 0.0 0.0 0.0 0.0 0.0 0.0 0.0 0.0 0.0 0.0 0.0 0.0 0.0 
SCALARS τl float64 1
LOOKUP_TABLE default
0.0 0.0 0.0 0.0 0.0 0.0 0.0 0.0 0.0 0.0 0.0 0.0 0.0 0.0 0.0 0.0 0.0 0.0 0.0 0.0 0.0 0.0 0.0 0.0 0.0 0.0 0.0 0.0 0.0 0.0 0.0 0.0 0.0 0.0 0.0 0.0 0.0 0.0 0.0 0.0 0.0 0.0 0.0 0.0 0.0 0.0 0.0 0.0 0.0 0.0 0.0 0.0 0.0 0.0 0.0 0.0 0.0 0.0 0.0 0.0 0.0 0.0 0.0 0.0 0.0 0.0 0.0 0.0 0.0 0.0 0.0 0.0 0.0 0.0 0.0 0.0 0.0 0.0 0.0 0.0 0.0 0.0 0.0 0.0 0.0 0.0 0.0 17409.73626 9.893903513e-11 0.0 0.0 0.0 0.0 0.0 0.0 0.0 0.0 0.0 0.0 0.0 0.0 0.0 0.0 0.0 0.0 0.0 0.0 0.0 0.0 0.0 0.0 0.0 0.0 0.0 0.0 0.0 0.0 0.0 0.0 0.0 0.0 0.0 0.0 0.0 0.0 0.0 0.0 0.0 7213.827093 0.0 6122.633666 0.0 0.0 0.0 0.0 0.0 0.0 0.0 0.0 0.0 0.0 0.0 0.0 0.0 0.0 0.0 0.0 0.0 0.0 0.0 0.0 0.0 0.0 0.0 0.0 0.0 0.0 0.0 0.0 0.0 0.0 0.0 0.0 0.0 0.0 0.0 708.1912466 0.0 -2314.929327 0.0 0.0 0.0 0.0 0.0 0.0 0.0 0.0 0.0 0.0 0.0 0.0 0.0 0.0 0.0 0.0 0.0 0.0 0.0 0.0 0.0 0.0 0.0 0.0 0.0 0.0 0.0 0.0 0.0 0.0 0.0 0.0 0.0 0.0 0.0 0.0 0.0 0.0 3702.82559 0.0 2492.259895 0.0 0.0 0.0 0.0 0.0 0.0 0.0 0.0 0.0 0.0 0.0 0.0 0.0 0.0 0.0 0.0 0.0 0.0 0.0 0.0 0.0 0.0 0.0 0.0 0.0 0.0 0.0 0.0 0.0 0.0 0.0 0.0 0.0 -3185.41221 0.0 -999.5946368 0.0 0.0 0.0 0.0 0.0 0.0 0.0 0.0 0.0 0.0 0.0 0.0 0.0 0.0 0.0 0.0 0.0 0.0 0.0 0.0 0.0 0.0 0.0 0.0 0.0 0.0 0.0 0.0 0.0 0.0 0.0 0.0 0.0 0.0 0.0 0.0 0.0 -1424.868077 0.0 -1457.180404 0.0 0.0 0.0 0.0 0.0 0.0 0.0 0.0 0.0 0.0 0.0 0.0 0.0 0.0 0.0 0.0 0.0 0.0 0.0 0.0 0.0 0.0 0.0 0.0 0.0 0.0 0.0 0.0 0.0 0.0 0.0 0.0 0.0 0.0 0.0 466.5832638 0.0 -185.3490863 0.0 0.0 0.0 0.0 0.0 0.0 0.0 0.0 0.0 0.0 0.0 0.0 0.0 0.0 0.0 0.0 0.0 0.0 0.0 0.0 0.0 0.0 0.0 0.0 0.0 0.0 0.0 0.0 0.0 0.0 0.0 0.0 0.0 0.0 0.0 2116.602107 0.0 1888.120811 0.0 0.0 0.0 0.0 0.0 0.0 0.0 0.0 0.0 0.0 0.0 0.0 0.0 0.0 0.0 0.0 0.0 0.0 0.0 0.0 0.0 0.0 0.0 0.0 0.0 0.0 0.0 0.0 0.0 0.0 0.0 0.0 0.0 0.0 -671.2969114 0.0 -1279.215223 0.0 0.0 0.0 0.0 0.0 0.0 0.0 0.0 0.0 0.0 0.0 0.0 0.0 0.0 0.0 0.0 0.0 0.0 0.0 0.0 0.0 0.0 0.0 0.0 0.0 0.0 0.0 0.0 0.0 0.0 0.0 -1140.784688 0.0 321.3249747 0.0 0.0 0.0 0.0 0.0 0.0 0.0 0.0 0.0 0.0 0.0 0.0 0.0 0.0 0.0 0.0 0.0 0.0 0.0 0.0 0.0 0.0 0.0 0.0 0.0 0.0 0.0 0.0 0.0 0.0 -578.8898224 0.0 -1277.38736 0.0 0.0 0.0 0.0 0.0 0.0 0.0 0.0 0.0 0.0 0.0 0.0 0.0 0.0 0.0 0.0 0.0 0.0 0.0 0.0 0.0 0.0 0.0 0.0 0.0 0.0 0.0 0.0 0.0 0.0 0.0 0.0 -24.4332215 0.0 125.4577707 0.0 0.0 0.0 0.0 0.0 0.0 0.0 0.0 0.0 0.0 0.0 0.0 0.0 0.0 0.0 0.0 0.0 0.0 0.0 0.0 0.0 0.0 0.0 0.0 0.0 0.0 0.0 0.0 0.0 0.0 0.0 -1079.457544 0.0 190.8764275 0.0 0.0 0.0 0.0 0.0 0.0 0.0 0.0 0.0 0.0 0.0 0.0 0.0 0.0 0.0 0.0 0.0 0.0 0.0 0.0 0.0 0.0 0.0 0.0 0.0 0.0 96.49048483 0.0 1694.695288 0.0 0.0 0.0 0.0 0.0 0.0 0.0 0.0 0.0 0.0 0.0 0.0 0.0 0.0 0.0 0.0 0.0 0.0 0.0 0.0 0.0 0.0 0.0 0.0 0.0 0.0 0.0 -25.78167706 0.0 -271.0013858 0.0 0.0 0.0 0.0 0.0 0.0 0.0 0.0 0.0 0.0 0.0 0.0 0.0 0.0 0.0 0.0 0.0 0.0 0.0 0.0 0.0 0.0 0.0 0.0 0.0 0.0 0.0 0.0 0.0 0.0 0.0 0.0 0.0 2058.84684 0.0 3620.079466 0.0 0.0 0.0 0.0 0.0 0.0 0.0 0.0 0.0 0.0 0.0 0.0 0.0 0.0 0.0 0.0 0.0 0.0 0.0 0.0 0.0 0.0 0.0 0.0 0.0 0.0 -1242.940496 0.0 -4031.398062 0.0 0.0 0.0 0.0 0.0 0.0 0.0 0.0 0.0 0.0 0.0 0.0 0.0 0.0 0.0 0.0 0.0 0.0 0.0 0.0 0.0 0.0 0.0 0.0 0.0 -426.1783779 0.0 -236.8877792 0.0 0.0 0.0 0.0 0.0 0.0 0.0 0.0 0.0 0.0 0.0 0.0 0.0 0.0 0.0 0.0 0.0 0.0 0.0 0.0 0.0 0.0 0.0 0.0 0.0 0.0 0.0 -1766.469076 0.0 -2049.643306 0.0 0.0 0.0 0.0 0.0 0.0 0.0 0.0 0.0 0.0 0.0 0.0 0.0 0.0 0.0 0.0 0.0 0.0 0.0 0.0 0.0 0.0 0.0 0.0 0.0 0.0 0.0 0.0 0.0 0.0 0.0 -87.68995259 0.0 156.5456621 0.0 0.0 0.0 0.0 0.0 0.0 0.0 0.0 0.0 0.0 0.0 0.0 0.0 0.0 0.0 0.0 0.0 0.0 0.0 0.0 0.0 0.0 0.0 0.0 0.0 0.0 0.0 29.19692583 0.0 -417.3357171 0.0 0.0 0.0 0.0 0.0 0.0 0.0 0.0 0.0 0.0 0.0 0.0 0.0 0.0 0.0 0.0 0.0 0.0 0.0 0.0 0.0 0.0 0.0 0.0 0.0 0.0 0.0 0.0 0.0 0.0 0.0 1322.304259 0.0 -11.03701176 0.0 0.0 0.0 0.0 0.0 0.0 0.0 0.0 0.0 0.0 0.0 0.0 0.0 0.0 0.0 0.0 0.0 0.0 0.0 0.0 0.0 0.0 0.0 0.0 0.0 0.0 0.0 0.0 0.0 0.0 0.0 -1463.119788 0.0 886.541985 0.0 0.0 0.0 0.0 0.0 0.0 0.0 0.0 0.0 0.0 0.0 0.0 0.0 0.0 0.0 0.0 0.0 0.0 0.0 0.0 0.0 0.0 0.0 0.0 0.0 0.0 0.0 808.7957169 0.0 454.6947509 0.0 0.0 0.0 0.0 0.0 0.0 0.0 0.0 0.0 0.0 0.0 0.0 0.0 0.0 0.0 0.0 0.0 0.0 0.0 0.0 0.0 0.0 0.0 0.0 0.0 0.0 0.0 0.0 0.0 0.0 0.0 0.0 0.0 0.0 -1070.814845 0.0 -904.7601712 0.0 0.0 0.0 0.0 0.0 0.0 0.0 0.0 0.0 0.0 0.0 0.0 0.0 0.0 0.0 0.0 0.0 0.0 0.0 0.0 0.0 0.0 0.0 0.0 0.0 0.0 0.0 0.0 0.0 459.5958785 0.0 129.9204477 0.0 0.0 0.0 0.0 0.0 0.0 0.0 0.0 0.0 0.0 0.0 0.0 0.0 0.0 0.0 0.0 0.0 0.0 0.0 0.0 0.0 0.0 0.0 0.0 0.0 0.0 0.0 0.0 0.0 0.0 0.0 0.0 0.0 -1468.663865 0.0 -3117.717294 0.0 0.0 0.0 0.0 0.0 0.0 0.0 0.0 0.0 0.0 0.0 0.0 0.0 0.0 0.0 0.0 0.0 0.0 0.0 0.0 0.0 0.0 0.0 -90.35324417 0.0 -293.2474605 0.0 0.0 0.0 0.0 0.0 0.0 0.0 0.0 0.0 0.0 0.0 0.0 0.0 0.0 0.0 0.0 0.0 0.0 0.0 0.0 0.0 0.0 0.0 0.0 0.0 0.0 0.0 -1631.226126 -1631.442148 0.0 0.0 0.0 0.0 0.0 0.0 0.0 0.0 0.0 0.0 0.0 0.0 0.0 0.0 0.0 0.0 0.0 0.0 0.0 0.0 0.0 0.0 0.0 0.0 139.8340593 0.0 202.7994475 0.0 0.0 0.0 0.0 0.0 0.0 0.0 0.0 0.0 0.0 0.0 0.0 0.0 0.0 0.0 0.0 0.0 0.0 0.0 0.0 0.0 0.0 0.0 0.0 0.0 0.0 0.0 0.0 0.0 0.0 0.0 76.69830494 405.1063571 0.0 0.0 0.0 0.0 0.0 0.0 0.0 0.0 0.0 0.0 0.0 0.0 0.0 0.0 0.0 0.0 0.0 0.0 0.0 0.0 0.0 0.0 0.0 0.0 0.0 0.0 0.0 0.0 0.0 1320.495698 0.0 -245.9555898 0.0 0.0 0.0 0.0 0.0 0.0 0.0 0.0 0.0 0.0 0.0 0.0 0.0 0.0 0.0 0.0 0.0 0.0 0.0 0.0 0.0 0.0 0.0 0.0 0.0 0.0 0.0 0.0 0.0 0.0 0.0 -1898.944044 0.0 0.0 -1425.073245 0.0 0.0 0.0 0.0 0.0 0.0 0.0 0.0 0.0 0.0 0.0 0.0 0.0 0.0 0.0 0.0 0.0 0.0 0.0 0.0 0.0 0.0 0.0 0.0 0.0 0.0 0.0 0.0 0.0 0.0 0.0 -1440.152602 0.0 0.0 0.0 -4390.930612 0.0 0.0 0.0 0.0 0.0 0.0 0.0 0.0 0.0 0.0 0.0 0.0 0.0 0.0 0.0 0.0 0.0 0.0 0.0 0.0 0.0 0.0 0.0 -1863.035932 -264.5660645 0.0 399.398012 -20.71365173 0.0 0.0 0.0 0.0 0.0 0.0 0.0 0.0 0.0 0.0 0.0 0.0 0.0 0.0 0.0 167.6271333 -496.5477726 0.0 -14.6000809 -68.65292833 -309.3164292 -10.61092098 0.0 0.0 263.1766313 -1.083816455 -269.732301 -15.93791296 0.0 0.0 0.0 0.0 0.0 0.0 0.0 0.0 0.0 0.0 0.0 0.0 202.212969 5.020925339 0.0 -184.1061195 -33.46439112 0.0 0.0 0.0 0.0 0.0 0.0 0.0 0.0 0.0 0.0 0.0 41.1493095 -18.17810954 0.0 -145.2697063 -61.68066107 0.0 0.0 0.0 0.0 0.0 0.0 0.0 0.0 0.0 0.0 0.0 203.4894802 -118.9028649 -5.018837671 24.68112827 0.0 140.400205 -233.8617017 4.663048008 -23.98176179 0.0 -121.2360402 -71.00608915 -124.0699678 8.987800737 0.0 154.7816059 -11.42520601 0.0 0.0 0.0 0.0 0.0 0.0 0.0 0.0 0.0 0.0 0.0 0.0 0.0 0.0 12.51389029 0.0 0.0 147.2343515 -83.61204293 -208.6427536 13.24040582 -88.55679974 0.0 0.0 -78.11239343 0.0 -39.28006319 0.0 0.0 0.0 0.0 0.0 0.0 -138.8579281 -25.1612527 0.0 0.0 0.0 0.0 0.0 0.0 0.0 0.0 0.0 0.0 17.3396568 -10.96032881 0.0 0.0 0.0 0.0 0.0 -81.14820837 -42.02680613 0.0 0.0 0.0 0.0 0.0 0.0 0.0 -88.5898418 -0.6814855143 0.0 86.44134579 -5.603410783 -11.00721073 0.0 0.0 0.0 0.0 0.0 0.0 0.0 0.0 0.0 0.0 0.0 0.0 0.0 0.0 0.0 75.12656956 -73.67758309 -113.7411213 0.3554780007 -55.92229958 -118.9810101 -29.67952932 0.0 -3.521969163 -14.21837086 0.0 0.0 0.0 0.0 0.0 0.0 0.0 0.0 0.0 -139.6241268 0.0 -170.9346294 -334.4642293 -15.50501351 0.0 0.0 0.0 0.0 0.0 0.0 0.0 61.3505111 -99.45988283 -57.30477297 -7.981417607 -36.39047545 0.0 0.0 0.0 0.0 0.0 0.0 0.0 0.0 0.0 0.0 0.0 0.0 0.0 0.0 0.0 0.0 0.0 0.0 0.0 0.0 0.0 0.0 0.0 0.0 0.0 0.0 0.0 0.0 0.0 0.0 0.0 0.0 0.0 0.0 0.0 0.0 0.0 0.0 0.0 0.0 0.0 0.0 0.0 0.0 0.0 0.0 0.0 0.0 0.0 0.0 0.0 0.0 0.0 0.0 0.0 0.0 0.0 0.0 0.0 0.0 0.0 0.0 0.0 0.0 0.0 0.0 0.0 0.0 0.0 0.0 0.0 0.0 0.0 0.0 0.0 0.0 0.0 0.0 0.0 0.0 0.0 0.0 0.0 0.0 0.0 0.0 0.0 0.0 0.0 0.0 0.0 0.0 0.0 
VECTORS U float64
0.0 0.0 0.0 0.0 0.0 0.0 0.0 0.0 0.0 1.39613151e-07 -1.546214397e-07 0.0 1.62060419e-07 -1.605658325e-07 0.0 1.543130057e-07 -1.397676778e-07 0.0 0.0 0.0 0.0 0.0 0.0 0.0 0.0 0.0 0.0 7.572434745e-08 -7.390229503e-08 0.0 0.0 0.0 0.0 4.203538316e-05 2.519277668e-07 0.0 3.490453218e-05 -1.290680772e-05 0.0 1.987867187e-05 -1.858332691e-06 0.0 5.151874203e-08 -2.767494995e-07 0.0 0.0 0.0 0.0 2.40388375e-07 -1.779061946e-07 0.0 7.945875027e-08 -1.955914661e-07 0.0 0.0 0.0 0.0 0.0 0.0 0.0 0.0 0.0 0.0 0.0 0.0 0.0 1.214394843e-07 2.018021043e-08 0.0 6.866858422e-08 -2.659307521e-08 0.0 4.206407456e-05 1.203976178e-07 0.0 4.204742178e-05 2.813167027e-08 0.0 3.497813753e-05 -1.287661854e-05 0.0 4.884213505e-05 -1.425799783e-05 0.0 3.502347147e-05 -1.276409353e-05 0.0 3.477140341e-05 -1.270115356e-05 0.0 3.503469744e-05 -1.26833638e-05 0.0 1.806610337e-05 -1.992001677e-05 0.0 2.05667289e-05 -2.315859299e-06 0.0 1.857432952e-05 -3.715377165e-06 0.0 2.0463632e-05 -2.454987435e-06 0.0 8.63107012e-07 -2.183249415e-06 0.0 -2.647553779e-06 -3.553254255e-06 0.0 4.99460853e-06 -5.397149252e-07 0.0 3.7665547e-06 -1.504545631e-05 0.0 5.529537327e-06 -1.18050332e-06 0.0 -2.348253827e-06 -3.493633624e-06 0.0 0.0 0.0 0.0 0.0 0.0 0.0 0.0 0.0 0.0 0.0 0.0 0.0 0.0 0.0 0.0 1.636115028e-07 -6.216521449e-08 0.0 0.0 0.0 0.0 0.0 0.0 0.0 0.0 0.0 0.0 -6.502205398e-09 -6.673932636e-08 0.0 0.0 0.0 0.0 2.347095342e-08 -1.056544799e-08 0.0 0.0 0.0 0.0 0.0 0.0 0.0 6.312236617e-05 -5.73412149e-06 0.0 4.879770043e-05 -1.429243124e-05 0.0 4.883022641e-05 -1.435018384e-05 0.0 4.884697045e-05 -1.424519241e-05 0.0 4.376297742e-05 -2.996910339e-05 0.0 4.88696815e-05 -1.429154303e-05 0.0 4.377938551e-05 -2.993929316e-05 0.0 1.801243813e-05 -1.993006417e-05 0.0 1.802907954e-05 -1.981487329e-05 0.0 3.262319856e-06 -1.541846046e-05 0.0 -4.32209763e-06 -3.978050059e-06 0.0 3.601918656e-06 -1.483498508e-05 0.0 -4.641552638e-06 -4.020887133e-06 0.0 -4.053197001e-06 -5.110347815e-06 0.0 -3.740362014e-06 -5.369825817e-06 0.0 -1.129270778e-05 -8.665343303e-06 0.0 2.04628715e-07 1.549975702e-07 0.0 0.0 0.0 0.0 0.0 0.0 0.0 1.966287757e-07 9.374246595e-08 0.0 1.903458428e-07 -4.729120729e-08 0.0 1.599750665e-07 -9.042178756e-08 0.0 -2.099510359e-08 -7.086027604e-08 0.0 9.018674853e-09 -6.102215346e-08 0.0 1.540441312e-08 -1.92365878e-08 0.0 -3.103610789e-08 -6.56820545e-08 0.0 -2.254304925e-08 -9.581856224e-08 0.0 6.358811412e-05 -5.640705188e-06 0.0 5.952386658e-05 -2.309898134e-05 0.0 5.958058836e-05 -2.301318873e-05 0.0 4.384298771e-05 -2.999905007e-05 0.0 0.0 0.0 0.0 2.263670428e-06 -6.174495636e-07 0.0 0.0 0.0 0.0 4.382562302e-05 -2.987521269e-05 0.0 4.388089463e-05 -2.985357819e-05 0.0 2.440900416e-05 -3.683219791e-05 0.0 1.801469406e-05 -1.986437377e-05 0.0 1.800505486e-05 -1.979465699e-05 0.0 1.804161392e-05 -1.979755676e-05 0.0 8.309305102e-06 -3.557885788e-05 0.0 3.278877476e-06 -1.535038409e-05 0.0 3.514069885e-06 -1.525750545e-05 0.0 3.673980037e-06 -1.522964502e-05 0.0 -9.699152236e-06 -1.634433573e-05 0.0 3.695107067e-06 -1.530422019e-05 0.0 -9.303321124e-06 -1.592943545e-05 0.0 -1.273203189e-05 -8.494604598e-06 0.0 -1.389367269e-05 -8.880602837e-06 0.0 1.997539416e-06 4.27634599e-07 0.0 0.0 0.0 0.0 1.368418265e-06 1.967321873e-07 0.0 8.800154817e-07 2.257077935e-07 0.0 2.276968193e-07 2.151047199e-07 0.0 1.41837773e-06 2.072144007e-07 0.0 1.57855055e-06 -1.384818006e-06 0.0 -4.133798599e-08 -5.682874955e-08 0.0 1.691648659e-07 -1.388281859e-07 0.0 1.707466596e-07 -1.279023766e-07 0.0 -5.038604872e-08 -3.280223982e-07 0.0 2.141538011e-07 -1.481574955e-07 0.0 1.769884177e-07 3.066287106e-08 0.0 -6.129535822e-09 -2.599275074e-07 0.0 6.357468196e-05 -5.757352228e-06 0.0 6.353410325e-05 -5.857682731e-06 0.0 7.432737336e-05 -2.661680136e-05 0.0 5.956339896e-05 -2.310616819e-05 0.0 5.959705788e-05 -2.304119548e-05 0.0 5.959553781e-05 -2.3110924e-05 0.0 6.205852219e-05 -3.759215414e-05 0.0 4.390113661e-05 -3.002402654e-05 0.0 4.393029575e-05 -2.990194631e-05 0.0 4.391444524e-05 -2.996880169e-05 0.0 8.654424504e-06 6.058612026e-06 0.0 0.0 0.0 0.0 1.648469952e-05 2.011405812e-05 0.0 5.084754042e-05 -4.786901329e-05 0.0 3.545105678e-05 -4.9306888e-05 0.0 3.541476724e-05 -4.932025904e-05 0.0 2.441942324e-05 -3.688361285e-05 0.0 2.444072343e-05 -3.674833222e-05 0.0 2.436845298e-05 -3.678676709e-05 0.0 8.257621107e-06 -3.565645586e-05 0.0 2.444635741e-05 -3.672781874e-05 0.0 8.140429937e-06 -3.556396368e-05 0.0 -9.443322977e-06 -3.391536808e-05 0.0 -9.150915434e-06 -3.388378926e-05 0.0 -1.020954487e-05 -1.654366561e-05 0.0 -9.831519716e-06 -1.670949387e-05 0.0 -1.016487535e-05 -1.6493882e-05 0.0 -2.308839659e-05 -2.5758137e-05 0.0 2.831943964e-05 2.340391115e-05 0.0 4.412963519e-06 2.829408253e-05 0.0 1.57737921e-06 -1.434658676e-06 0.0 3.366656119e-06 -1.698167009e-07 0.0 1.975079172e-05 1.835638504e-05 0.0 1.525234084e-06 -1.313767188e-06 0.0 4.60499801e-07 -1.237489252e-06 0.0 4.572283952e-07 -1.181783334e-06 0.0 -7.935752078e-08 -3.800581121e-07 0.0 8.402762074e-05 -1.498771068e-05 0.0 8.412839179e-05 -1.463499285e-05 0.0 7.424965657e-05 -2.665613305e-05 0.0 8.410460152e-05 -1.48642497e-05 0.0 7.434637684e-05 -2.65872993e-05 0.0 6.20111032e-05 -3.758117917e-05 0.0 6.216291178e-05 -3.757132161e-05 0.0 5.081726552e-05 -4.782241185e-05 0.0 5.141856174e-05 -4.77764935e-05 0.0 5.120468118e-05 -4.762726555e-05 0.0 5.140076376e-05 -4.77160763e-05 0.0 2.620466222e-05 2.29443004e-05 0.0 1.606165321e-05 2.600220279e-05 0.0 3.599859495e-05 9.268170705e-06 0.0 3.53774301e-05 -4.938408024e-05 0.0 5.114331436e-05 -6.352795185e-05 0.0 3.536634255e-05 -4.934560171e-05 0.0 3.543408162e-05 -4.941277712e-05 0.0 1.616350265e-05 -5.623218031e-05 0.0 3.545081484e-05 -4.937241623e-05 0.0 1.615564771e-05 -5.619684268e-05 0.0 8.106969287e-06 -3.56728626e-05 0.0 8.178250719e-06 -3.558661699e-05 0.0 8.102743914e-06 -3.558990859e-05 0.0 -9.866455973e-06 -3.401809901e-05 0.0 -6.180160446e-07 -5.121915004e-05 0.0 -9.367321419e-06 -3.393064377e-05 0.0 -2.406754272e-05 -2.557620109e-05 0.0 -2.493365564e-05 -2.596747189e-05 0.0 5.651365909e-05 1.634591598e-05 0.0 2.811801093e-05 -1.032477056e-05 0.0 2.700166169e-05 -8.307834904e-06 0.0 -2.81379678e-06 -6.417982626e-06 0.0 0.0001061027596 -3.386521089e-05 0.0 0.0001008717766 -2.550373109e-05 0.0 0.0001008518379 -2.548944877e-05 0.0 0.0001001984497 -2.829967817e-05 0.0 9.938793419e-05 -2.577634199e-05 0.0 9.785313281e-05 -2.367977671e-05 0.0 8.95745655e-05 -3.644500134e-05 0.0 9.813723302e-05 -2.336892542e-05 0.0 8.962417611e-05 -3.647696337e-05 0.0 7.431765037e-05 -2.668025916e-05 0.0 7.434250443e-05 -2.66298787e-05 0.0 7.431977313e-05 -2.668349242e-05 0.0 7.551885991e-05 -4.239758383e-05 0.0 6.207414207e-05 -3.761465223e-05 0.0 6.209852689e-05 -3.76143295e-05 0.0 6.626303838e-05 -5.533703995e-05 0.0 6.210733142e-05 -3.767861234e-05 0.0 5.110384067e-05 -6.352146752e-05 0.0 6.860871246e-05 -5.662752171e-05 0.0 4.510792446e-05 5.436200318e-07 0.0 6.521756281e-05 1.792736395e-05 0.0 5.287512579e-05 2.296322442e-06 0.0 5.422605421e-05 -6.306175802e-05 0.0 5.427000261e-05 -6.309464823e-05 0.0 5.154760127e-05 -6.381465261e-05 0.0 3.304549269e-05 -6.935469045e-05 0.0 5.428403235e-05 -6.312451817e-05 0.0 3.30512865e-05 -6.937310877e-05 0.0 1.61633105e-05 -5.636612538e-05 0.0 1.611555694e-05 -5.622841121e-05 0.0 -7.559041903e-07 -5.126485259e-05 0.0 -1.00374141e-06 -5.131005177e-05 0.0 -7.676302566e-07 -5.131930473e-05 0.0 -8.697531127e-07 -5.125525552e-05 0.0 -1.961440034e-05 -5.95879819e-05 0.0 -1.01047964e-05 -3.399219791e-05 0.0 -9.537274639e-06 -3.410648527e-05 0.0 -9.826134074e-06 -3.399297708e-05 0.0 -3.157830789e-05 -4.809815047e-05 0.0 4.639309497e-05 2.36509852e-07 0.0 6.690440513e-05 -1.451786452e-05 0.0 8.256605602e-05 2.65910611e-06 0.0 7.310342298e-05 -3.183954847e-05 0.0 0.0001026342873 -2.839894032e-05 0.0 0.0001000936705 -2.834836875e-05 0.0 0.0001057580433 -3.648192174e-05 0.0 8.950245979e-05 -3.650591467e-05 0.0 8.965541104e-05 -3.649127787e-05 0.0 7.548299718e-05 -4.235684831e-05 0.0 7.553789325e-05 -4.238813169e-05 0.0 6.616707744e-05 -5.501451119e-05 0.0 7.552065121e-05 -4.239074319e-05 0.0 7.553339329e-05 -4.240323282e-05 0.0 7.537578138e-05 -5.50146556e-05 0.0 6.823023682e-05 -7.651649992e-05 0.0 6.09323818e-05 -1.189628801e-05 0.0 7.322738605e-05 -1.957820152e-05 0.0 7.066361713e-05 -1.221843378e-05 0.0 6.824268372e-05 -7.653884812e-05 0.0 4.976075751e-05 -8.274690979e-05 0.0 4.978585708e-05 -8.277252272e-05 0.0 3.264712055e-05 -6.952884291e-05 0.0 3.394803556e-05 -7.034060366e-05 0.0 3.409148888e-05 -7.034893574e-05 0.0 3.406767695e-05 -7.037805452e-05 0.0 1.245883759e-05 -8.378496401e-05 0.0 1.588721091e-05 -5.617526395e-05 0.0 1.615889855e-05 -5.626841311e-05 0.0 -2.325885087e-06 -7.214276545e-05 0.0 1.605165168e-05 -5.618565855e-05 0.0 -2.468414374e-06 -7.21514358e-05 0.0 -2.008859186e-05 -5.945769091e-05 0.0 -1.961159416e-05 -5.956830597e-05 0.0 -3.231815997e-05 -4.784482543e-05 0.0 -3.314378896e-05 -4.811026501e-05 0.0 6.180834852e-05 -1.040235004e-05 0.0 8.237519337e-05 -6.493324892e-07 0.0 0.0001037984272 -2.841079509e-05 0.0 0.0001018764909 -3.202176529e-05 0.0 0.0001004441687 -2.856544835e-05 0.0 0.0001058775707 -3.653487922e-05 0.0 0.0001058395392 -3.65385395e-05 0.0 8.962160524e-05 -3.656142145e-05 0.0 9.947056289e-05 -5.403343768e-05 0.0 8.96934033e-05 -3.652856189e-05 0.0 8.329612203e-05 -5.589210529e-05 0.0 8.96532178e-05 -3.65567729e-05 0.0 6.617736307e-05 -5.494211875e-05 0.0 8.333855098e-05 -5.593551665e-05 0.0 7.540954704e-05 -5.499137741e-05 0.0 7.53975031e-05 -5.496211217e-05 0.0 6.821565184e-05 -7.649433115e-05 0.0 8.891222036e-05 -8.049670091e-05 0.0 6.826038687e-05 -7.65476044e-05 0.0 6.824991627e-05 -7.65215829e-05 0.0 8.001082266e-05 -1.748121765e-06 0.0 0.0001046272755 1.032057946e-05 0.0 8.908324602e-05 -6.76594138e-06 0.0 4.979510913e-05 -8.276359225e-05 0.0 6.480121461e-05 -9.991059181e-05 0.0 5.012454095e-05 -8.300758524e-05 0.0 4.995261262e-05 -8.300030258e-05 0.0 2.952007936e-05 -8.698771183e-05 0.0 5.013506989e-05 -8.302869685e-05 0.0 2.958643126e-05 -8.698637156e-05 0.0 1.243752533e-05 -8.380726715e-05 0.0 1.248345017e-05 -8.380839171e-05 0.0 -2.386499553e-06 -7.221717958e-05 0.0 -2.88383041e-06 -7.201259131e-05 0.0 -2.573070933e-06 -7.224657893e-05 0.0 -2.729103014e-06 -7.199960377e-05 0.0 -2.365068046e-05 -8.674981858e-05 0.0 -2.053188143e-05 -5.957214865e-05 0.0 -2.004438772e-05 -5.985207494e-05 0.0 -2.044854147e-05 -5.955469041e-05 0.0 -3.98798711e-05 -7.36532332e-05 0.0 7.159233174e-05 -6.033801125e-06 0.0 0.0001079348898 -2.978962985e-05 0.0 0.0001037741989 -2.844298941e-05 0.0 0.0001052734676 -3.362883123e-05 0.0 0.00010193247 -3.187435664e-05 0.0 0.0001343588018 -5.400178072e-05 0.0 0.0001133424475 -4.957614091e-05 0.0 9.942561427e-05 -5.402370085e-05 0.0 0.0001344331477 -5.381021044e-05 0.0 9.954457069e-05 -5.403846466e-05 0.0 8.328106623e-05 -5.583258257e-05 0.0 0.0001008099699 -5.692147374e-05 0.0 0.0001007836092 -5.695596061e-05 0.0 8.890238898e-05 -8.047951946e-05 0.0 0.0001008076274 -5.694348217e-05 0.0 8.894438975e-05 -8.049424364e-05 0.0 6.47609658e-05 -9.987764393e-05 0.0 9.762119632e-05 -2.327780969e-05 0.0 9.976935452e-05 -2.396760548e-05 0.0 0.0001063789309 -3.105252046e-05 0.0 6.472040693e-05 -9.990368617e-05 0.0 4.093076685e-05 -0.0001000089657 0.0 4.101710588e-05 -0.00010000022 0.0 2.946781056e-05 -8.706489064e-05 0.0 2.959434882e-05 -8.712623162e-05 0.0 2.952493209e-05 -8.709971751e-05 0.0 1.242579704e-05 -8.385293746e-05 0.0 1.939804442e-05 -0.0001097120484 0.0 1.368854217e-05 -8.523474544e-05 0.0 -1.089410711e-06 -0.0001015880228 0.0 1.351791517e-05 -8.526044341e-05 0.0 -1.245536238e-06 -0.0001016545241 0.0 -2.415397438e-05 -8.665640373e-05 0.0 -2.378930301e-05 -8.676864618e-05 0.0 -4.062122977e-05 -7.343226015e-05 0.0 -4.137201464e-05 -7.362558068e-05 0.0 6.474506997e-05 -9.997098229e-05 0.0 0.0001102132213 -3.037634068e-05 0.0 0.0001064213037 -3.48221002e-05 0.0 0.0001387457189 -5.631861701e-05 0.0 0.0001337729959 -5.974074481e-05 0.0 0.0001338736109 -6.034543198e-05 0.0 0.0001282279505 -5.619642713e-05 0.0 0.0001257295264 -5.443393071e-05 0.0 0.0001257575157 -5.447605376e-05 0.0 0.0001104940713 -8.11286594e-05 0.0 0.0001257482733 -5.446248581e-05 0.0 0.0001105124996 -8.115147831e-05 0.0 8.891195718e-05 -8.044871548e-05 0.0 8.895782704e-05 -8.048176546e-05 0.0 8.893820232e-05 -8.045954499e-05 0.0 6.478080393e-05 -9.983687008e-05 0.0 9.414838531e-05 -0.0001018304011 0.0 6.476160507e-05 -9.998056946e-05 0.0 6.463273604e-05 -9.983220379e-05 0.0 0.0001150174697 -3.095463257e-05 0.0 0.0001434439087 -9.463420961e-06 0.0 0.0001223707965 -3.419288753e-05 0.0 4.375235065e-05 -0.0001183832255 0.0 4.09166549e-05 -0.0001000825613 0.0 4.102443358e-05 -0.0001000417161 0.0 1.927547701e-05 -0.0001097355584 0.0 4.104525474e-05 -0.0001001036086 0.0 2.197570649e-05 -0.0001142811328 0.0 -1.00687735e-06 -0.0001015867357 0.0 -2.032988782e-06 -0.000101077453 0.0 -1.285025773e-06 -0.0001018482165 0.0 -1.328824522e-06 -0.000101764001 0.0 -3.095379013e-05 -0.0001193057584 0.0 -2.466923518e-05 -8.675027145e-05 0.0 -2.41378392e-05 -8.706083197e-05 0.0 -2.448017101e-05 -8.676003466e-05 0.0 -4.819498121e-05 -0.0001035076219 0.0 7.025336568e-05 -0.0001232231419 0.0 4.370757849e-05 -0.0001184414974 0.0 0.0001107288217 -3.561691961e-05 0.0 0.0001451197725 -6.183450911e-05 0.0 0.0001387314159 -5.63144627e-05 0.0 0.000138341824 -6.279839727e-05 0.0 0.0001341458996 -5.958219765e-05 0.0 0.0001460315743 -6.977324338e-05 0.0 0.0001460667872 -6.956323691e-05 0.0 0.0001316658245 -8.240156212e-05 0.0 0.0001460610575 -6.971090362e-05 0.0 0.0001316979168 -8.23915167e-05 0.0 0.0001105230755 -8.111379788e-05 0.0 0.000110543713 -8.112882818e-05 0.0 9.418623117e-05 -0.0001017618158 0.0 0.0001105739975 -8.112157152e-05 0.0 0.0001105757939 -8.111908992e-05 0.0 9.485598524e-05 -0.0001019267527 0.0 7.022794896e-05 -0.0001232966718 0.0 0.0001299839156 -5.178097536e-05 0.0 0.0001348222063 -5.415734668e-05 0.0 0.0001392572733 -5.952967855e-05 0.0 4.386734439e-05 -0.0001183401638 0.0 1.921886486e-05 -0.0001098188665 0.0 2.583201324e-05 -0.0001164779303 0.0 -5.184145873e-06 -0.000127757047 0.0 -5.332793595e-06 -0.0001275816444 0.0 -3.137343409e-05 -0.0001191948784 0.0 -3.106424558e-05 -0.000119309005 0.0 -4.895115132e-05 -0.0001033079556 0.0 -4.971118601e-05 -0.0001034750777 0.0 7.018569068e-05 -0.0001233283545 0.0 7.019465545e-05 -0.0001233197942 0.0 7.022075964e-05 -0.0001233378313 0.0 7.02169937e-05 -0.0001233899223 0.0 5.039281922e-05 -0.0001387251446 0.0 4.371645594e-05 -0.0001185062891 0.0 4.386406274e-05 -0.0001184279746 0.0 4.383122696e-05 -0.0001184939403 0.0 0.000143059837 -5.916733049e-05 0.0 0.0001399440903 -6.286570281e-05 0.0 0.0001644032613 -8.359917128e-05 0.0 0.0001449498921 -9.652829353e-05 0.0 0.0001449862875 -9.659388128e-05 0.0 0.0001317258012 -8.235623198e-05 0.0 0.0001317335171 -8.234651181e-05 0.0 0.0001219153984 -0.0001090887042 0.0 0.0001317178338 -8.238656993e-05 0.0 9.418729314e-05 -0.0001016969463 0.0 0.0001219263404 -0.0001091580563 0.0 9.488626922e-05 -0.0001018941022 0.0 9.360488236e-05 -0.0001269029676 0.0 9.488817645e-05 -0.0001018283882 0.0 0.0001476225503 -5.857178855e-05 0.0 0.0001817308067 -3.414246119e-05 0.0 0.0001547776276 -6.536382722e-05 0.0 2.847953042e-05 -0.0001354929575 0.0 1.927044954e-05 -0.0001099605428 0.0 2.590847989e-05 -0.0001165318458 0.0 2.587737758e-05 -0.0001165463212 0.0 1.054909369e-05 -0.0001530223881 0.0 -5.253773137e-06 -0.0001277506657 0.0 -5.262028456e-06 -0.0001276504184 0.0 -5.429181233e-06 -0.0001274133078 0.0 -2.792323055e-05 -0.0001556272871 0.0 -3.190202193e-05 -0.0001193589204 0.0 -3.147872451e-05 -0.0001196729048 0.0 -3.191324699e-05 -0.0001193245346 0.0 -5.671653552e-05 -0.0001384639511 0.0 9.363706787e-05 -0.0001270311554 0.0 6.908831163e-05 -0.0001430350871 0.0 6.932773682e-05 -0.0001428254764 0.0 5.036670318e-05 -0.0001388308038 0.0 5.055961185e-05 -0.000138696268 0.0 2.843080532e-05 -0.0001355366432 0.0 0.000137358137 -6.644727153e-05 0.0 0.0001838661768 -9.989935725e-05 0.0 0.0001647794658 -8.344042342e-05 0.0 0.000165815214 -0.0001091025814 0.0 0.0001449016794 -9.655596417e-05 0.0 0.000145015769 -9.666053132e-05 0.0 0.0001450758694 -9.662612573e-05 0.0 0.0001220031977 -0.0001088528555 0.0 0.0001450004753 -9.669412496e-05 0.0 0.0001241750846 -0.0001097933765 0.0 9.364006759e-05 -0.0001269237455 0.0 0.0001619903434 -8.518504901e-05 0.0 0.0001623580871 -8.409269187e-05 0.0 0.000170129072 -9.673924341e-05 0.0 3.952815378e-05 -0.0001501928005 0.0 1.059883459e-05 -0.0001530073437 0.0 1.091220582e-05 -0.0001542955554 0.0 -2.827708751e-05 -0.000155634302 0.0 -2.810655302e-05 -0.0001557432458 0.0 -5.749344663e-05 -0.0001382909701 0.0 -5.826752509e-05 -0.0001385295899 0.0 9.349845805e-05 -0.0001270501984 0.0 9.362953838e-05 -0.000127006176 0.0 9.359439146e-05 -0.00012693541 0.0 8.810768e-05 -0.0001539462041 0.0 6.905463403e-05 -0.0001432157314 0.0 0.0001120618083 -0.0001601813442 0.0 0.000112002297 -0.0001602658075 0.0 9.427619597e-05 -0.0001850206738 0.0 8.381651095e-05 -0.000154901978 0.0 8.383213033e-05 -0.0001545158916 0.0 8.380000539e-05 -0.0001546489111 0.0 6.739786189e-05 -0.0001729869322 0.0 4.735042262e-05 -0.0001496469694 0.0 4.714654089e-05 -0.0001496248365 0.0 4.719318512e-05 -0.0001496346807 0.0 0.0001795656883 -9.637425529e-05 0.0 0.0001670281947 -0.0001069563654 0.0 0.0001658263775 -0.0001090831789 0.0 0.0001466681638 -0.0001171903502 0.0 0.0001467001611 -0.0001172347163 0.0 0.00012242874 -0.0001085814439 0.0 0.0001252684231 -0.0001091755158 0.0 0.0001252455102 -0.0001092438556 0.0 0.000115416056 -0.0001380824018 0.0 0.0001252853659 -0.0001092000597 0.0 0.0001774005621 -0.0001004711758 0.0 0.0001902232721 -9.123170601e-05 0.0 0.0001835866168 -9.896496222e-05 0.0 1.112108253e-05 -0.00015306371 0.0 4.755928399e-05 -0.0001977569691 0.0 1.104538848e-05 -0.0001542922986 0.0 1.118334449e-05 -0.000153047317 0.0 -5.369139974e-06 -0.0001853436815 0.0 -2.863388227e-05 -0.0001557007668 0.0 -2.892779097e-05 -0.0001557316656 0.0 -2.831728888e-05 -0.000155997468 0.0 -2.85482651e-05 -0.0001558253766 0.0 -6.456250287e-05 -0.0001784885913 0.0 0.0001154225319 -0.0001384120967 0.0 8.792235071e-05 -0.0001541241124 0.0 0.0001380432359 -0.0001736238543 0.0 9.431376886e-05 -0.0001850370206 0.0 9.462284549e-05 -0.0001856385056 0.0 6.745237334e-05 -0.0001729958619 0.0 6.780902731e-05 -0.000173127929 0.0 4.759497886e-05 -0.0001977380588 0.0 6.770831952e-05 -0.0001732465443 0.0 0.0001792635161 -9.977407696e-05 0.0 0.0001920957761 -0.0001091530878 0.0 0.0001874476866 -0.0001021025565 0.0 0.0001801412809 -0.000144087341 0.0 0.0001574704368 -0.0001144371273 0.0 0.0001545461957 -0.0001194915539 0.0 0.0001410424554 -0.0001407815482 0.0 0.0001577546818 -0.0001148526096 0.0 0.000141033974 -0.0001408274393 0.0 0.0001154418406 -0.000138056662 0.0 0.0001155009311 -0.0001385264836 0.0 0.0001149930218 -0.0001378216937 0.0 0.0001897924696 -0.0001070656849 0.0 0.0001866173233 -0.0001031137919 0.0 0.0001968983532 -0.0001209065032 0.0 4.754217441e-05 -0.0001977867848 0.0 -5.619752415e-06 -0.0001856917311 0.0 -5.457481826e-06 -0.0001856170345 0.0 -3.783250663e-05 -0.0001923430963 0.0 -3.782653857e-05 -0.0001923025521 0.0 -6.522806393e-05 -0.0001783003249 0.0 -6.604098938e-05 -0.0001785979927 0.0 0.000122516129 -0.000166065229 0.0 8.785557805e-05 -0.0001542919232 0.0 0.0001522953389 -0.0001728899726 0.0 0.0001523693278 -0.0001724928314 0.0 0.0001523164321 -0.0001727170294 0.0 0.0001345369528 -0.0002131372687 0.0 9.98923223e-05 -0.0001849932102 0.0 0.0001000318712 -0.0001851549604 0.0 9.548495102e-05 -0.0001859158216 0.0 4.8167335e-05 -0.0001972049874 0.0 9.990552423e-05 -0.0001850917642 0.0 0.0002122006098 -0.0001214129598 0.0 0.0001829419714 -0.0001401659219 0.0 0.0001800829387 -0.0001439717188 0.0 0.0001403240993 -0.0001418273831 0.0 0.0001436976711 -0.0001414612691 0.0 0.0001436406679 -0.0001414671273 0.0 0.0001224646894 -0.0001665679514 0.0 0.00014377279 -0.0001414340732 0.0 0.0002041130734 -0.0001273918249 0.0 0.0002153959966 -0.0001201371441 0.0 0.00021123403 -0.0001257168563 0.0 4.760847023e-05 -0.0001977914429 0.0 1.008005089e-05 -0.0002136942963 0.0 -5.691963464e-06 -0.0001856983627 0.0 -5.463567227e-06 -0.0001856721306 0.0 -5.598563061e-06 -0.0001856281251 0.0 -2.50421134e-05 -0.000227161499 0.0 -3.825081229e-05 -0.0001923300528 0.0 -3.805617357e-05 -0.0001925148814 0.0 -3.840570692e-05 -0.0001923065105 0.0 -7.202358651e-05 -0.0002228961509 0.0 0.0002009766511 -0.0001879671174 0.0 0.0001759388599 -0.0002141624224 0.0 0.0001760750115 -0.0002141615846 0.0 0.0001346106087 -0.0002130485181 0.0 0.0001345260944 -0.0002130651039 0.0 9.873677566e-05 -0.0002204191784 0.0 9.881184661e-05 -0.00022050442 0.0 4.703290923e-05 -0.0001974212591 0.0 0.0002050639686 -0.0001266725914 0.0 0.0002182524056 -0.0001334660902 0.0 0.0001563924681 -0.0001802646335 0.0 0.0001805663856 -0.0001441189023 0.0 0.0001966776163 -0.0001216972651 0.0 0.0001563951683 -0.0001801149163 0.0 0.0001224467067 -0.0001668810978 0.0 0.0002008510425 -0.0001882236183 0.0 0.0002008830665 -0.000188663767 0.0 0.000218982564 -0.0001342576289 0.0 0.0001962643138 -0.0001217947769 0.0 0.0002267700255 -0.0001560460789 0.0 4.794008926e-05 -0.0001976830521 0.0 4.795702266e-05 -0.0001976906862 0.0 4.799279344e-05 -0.0001976680375 0.0 9.930124704e-06 -0.0002137729704 0.0 2.293939544e-05 -0.0002452755354 0.0 9.955713112e-06 -0.0002137407031 0.0 -2.519419126e-05 -0.0002271795282 0.0 9.991246534e-06 -0.0002137240779 0.0 -2.521536784e-05 -0.0002272609982 0.0 -7.261188145e-05 -0.0002227421672 0.0 -7.327313461e-05 -0.0002229181313 0.0 0.0002137432813 -0.0002275788815 0.0 0.0001760829515 -0.0002141681312 0.0 0.0001761580576 -0.0002143483584 0.0 0.0001761163697 -0.0002140873957 0.0 0.0001760980833 -0.0002140737239 0.0 0.0001559427857 -0.0002399773994 0.0 0.0001346009378 -0.0002130970104 0.0 0.0001345139739 -0.0002130259278 0.0 0.0001345174686 -0.0002130113633 0.0 9.873543879e-05 -0.0002203875945 0.0 0.0001230493777 -0.0002469304145 0.0 9.859383604e-05 -0.0002204369115 0.0 7.065100955e-05 -0.0002506835732 0.0 9.871713422e-05 -0.0002203760205 0.0 0.000254888551 -0.0001526926366 0.0 0.0002088662786 -0.0001870492791 0.0 0.0002083290706 -0.0001870660699 0.0 0.0001522566241 -0.0001864992552 0.0 0.0002382876129 -0.0002070811914 0.0 0.0002373090292 -0.0002024914714 0.0 0.0002128849578 -0.000226585985 0.0 0.0002372000919 -0.0002025629644 0.0 0.0002344415095 -0.0001711778084 0.0 0.0002726000381 -0.0001441060612 0.0 0.0002417859154 -0.0001822304545 0.0 7.067692851e-05 -0.0002506787954 0.0 2.291322558e-05 -0.0002453482443 0.0 2.291952101e-05 -0.0002452697607 0.0 -2.547772423e-05 -0.0002271675123 0.0 -2.572347019e-05 -0.0002272650056 0.0 -2.528840227e-05 -0.0002272404683 0.0 -2.54566423e-05 -0.0002271295248 0.0 -7.835054303e-05 -0.0002702210203 0.0 0.0002141561912 -0.0002275998433 0.0 0.000183799947 -0.0002446537271 0.0 0.0001840602027 -0.0002457860402 0.0 0.0001560035221 -0.0002399143334 0.0 0.0001561469947 -0.000240352703 0.0 0.00012303396 -0.0002468935235 0.0 0.0001560351488 -0.0002399177759 0.0 0.0001561682701 -0.0002403375799 0.0 0.0001230356403 -0.0002469835935 0.0 7.06367659e-05 -0.0002507188259 0.0 0.0002197513907 -0.0001840431794 0.0 0.0002744354408 -0.0002207199631 0.0 0.0002449631253 -0.0002270926436 0.0 0.0002530716239 -0.0002068265009 0.0 0.0002518808713 -0.0002431520844 0.0 0.0002129180095 -0.0002266278863 0.0 0.0002140830627 -0.0002276032002 0.0 0.0002140771871 -0.0002277111567 0.0 0.0002498647235 -0.00020483961 0.0 0.0002519119498 -0.0002060466305 0.0 0.0002583219658 -0.0002161993886 0.0 7.06522309e-05 -0.0002507586899 0.0 7.069354071e-05 -0.0002507545141 0.0 7.073838625e-05 -0.0002507060366 0.0 7.073719108e-05 -0.0002507505478 0.0 2.59712591e-05 -0.0002863322694 0.0 2.288187115e-05 -0.000245448905 0.0 2.299065302e-05 -0.0002452448364 0.0 -2.426995264e-05 -0.0002702902731 0.0 2.303651726e-05 -0.0002452721329 0.0 -2.464001415e-05 -0.0002705045852 0.0 -7.893155062e-05 -0.0002700246595 0.0 0.0002098633657 -0.0002654276165 0.0 0.0001841019048 -0.0002445400334 0.0 0.0001841191223 -0.000245802 0.0 0.0001608884082 -0.0002801095445 0.0 0.0001845934521 -0.0002449836393 0.0 0.0001230132813 -0.0002468988663 0.0 0.0001609878945 -0.0002824051022 0.0 0.0001230341772 -0.0002469721752 0.0 0.0001052711846 -0.0002858280174 0.0 0.0001230100594 -0.0002469142924 0.0 0.0002674725208 -0.0002160026689 0.0 0.0002451854539 -0.0002273650628 0.0 0.0002543591067 -0.0002441032744 0.0 0.000209819434 -0.0002648066877 0.0 0.0002654673762 -0.0002167968472 0.0 0.0002908816851 -0.0002055663547 0.0 0.0002726735932 -0.0002289455182 0.0 -7.955228264e-05 -0.0002700915823 0.0 -8.013502785e-05 -0.0002702575313 0.0 0.0001052666817 -0.0002858808643 0.0 6.547720748e-05 -0.0002932723268 0.0 6.555454959e-05 -0.0002932982634 0.0 2.598980938e-05 -0.0002863258672 0.0 2.592515875e-05 -0.0002867438041 0.0 -2.451813875e-05 -0.0002702043161 0.0 -2.499691577e-05 -0.0002701540272 0.0 -2.468639176e-05 -0.0002704605863 0.0 -4.482291033e-05 -0.0003085138381 0.0 -2.511025743e-05 -0.0002700484334 0.0 0.0002135129742 -0.000268297684 0.0 0.0001607867686 -0.0002802879888 0.0 0.0001609825101 -0.0002825404677 0.0 0.0001051881586 -0.0002858056228 0.0 0.0001051877388 -0.0002858509378 0.0 0.0001052646664 -0.0002859188823 0.0 0.0001052190568 -0.0002858911938 0.0 0.0002389351999 -0.0002303461141 0.0 0.0002938678091 -0.0002525183406 0.0 0.0002548254376 -0.0002440266423 0.0 0.0002547470506 -0.0002440144953 0.0 0.0002344750342 -0.00028723084 0.0 0.0002102098075 -0.0002646455865 0.0 0.0002137744297 -0.0002682428124 0.0 0.0002138116699 -0.0002681885291 0.0 0.0002797122181 -0.0002468631524 0.0 0.0002509118844 -0.0002364123549 0.0 0.0002864113719 -0.0002634952039 0.0 -4.507650207e-05 -0.0003087070036 0.0 -8.567188317e-05 -0.000321634596 0.0 8.66113709e-05 -0.0003283824357 0.0 6.549085918e-05 -0.0002933413906 0.0 6.552292321e-05 -0.0002933697303 0.0 6.551723515e-05 -0.000293354712 0.0 4.208404968e-05 -0.0003249901927 0.0 2.613099069e-05 -0.0002863799054 0.0 2.681719524e-05 -0.0002871863555 0.0 -5.629002427e-06 -0.0003225974173 0.0 2.672450975e-05 -0.0002871448755 0.0 -5.791417061e-06 -0.0003230347215 0.0 -4.505260334e-05 -0.0003085841445 0.0 -4.521411871e-05 -0.0003086704141 0.0 -4.542993265e-05 -0.0003086452356 0.0 0.000203813986 -0.0003140179781 0.0 0.00016076446 -0.0002802935298 0.0 0.000160307509 -0.0002798238474 0.0 0.0001609701211 -0.0002825995848 0.0 0.00012519314 -0.0003239897112 0.0 0.0001609119673 -0.0002825584535 0.0 0.000125221052 -0.0003240170559 0.0 8.655897088e-05 -0.0003283799118 0.0 0.0003066674114 -0.0002582501651 0.0 0.0002686815262 -0.0002909655506 0.0 0.0002676975303 -0.0002889874254 0.0 0.0002344402929 -0.000287188546 0.0 0.0002486539095 -0.0002912262766 0.0 0.0002425680899 -0.0002942561669 0.0 0.0002038284265 -0.0003139592114 0.0 0.0002485806702 -0.0002912764974 0.0 0.0002923427066 -0.0002717531199 0.0 0.0003236366043 -0.0002470778325 0.0 0.0002981942897 -0.0002833914723 0.0 -5.513975254e-05 -0.0003440426868 0.0 -8.629816444e-05 -0.0003214407659 0.0 -8.689082109e-05 -0.0003216285542 0.0 8.66978226e-05 -0.0003284518456 0.0 4.202172602e-05 -0.0003250064111 0.0 4.436481107e-05 -0.000329313869 0.0 -5.564390603e-06 -0.0003226633353 0.0 -5.791127019e-06 -0.0003231366793 0.0 -5.514234349e-05 -0.0003440454043 0.0 0.0002057505543 -0.0003158665358 0.0 0.0001645005956 -0.0003301465962 0.0 0.0001647108744 -0.0003306126462 0.0 0.0001251602546 -0.000323988582 0.0 0.000125128803 -0.0003240322529 0.0 0.0001252114218 -0.0003240997508 0.0 0.0001251556892 -0.0003240785049 0.0 8.656633947e-05 -0.0003284427289 0.0 0.0001027014 -0.0003630803842 0.0 8.666044013e-05 -0.0003285082108 0.0 8.664014341e-05 -0.0003285192173 0.0 0.0002731182127 -0.0002891300364 0.0 0.000325993218 -0.0003100521063 0.0 0.0002594278453 -0.0003320283155 0.0 0.0002941283966 -0.0002940046097 0.0 0.0002928636396 -0.0002954481721 0.0 0.0002594742489 -0.000332076364 0.0 0.0002031031097 -0.0003142648346 0.0 0.0003040963419 -0.0003012005656 0.0 0.0002924601948 -0.0002959374873 0.0 0.0003100249901 -0.000313663326 0.0 0.000206045554 -0.0003150895397 0.0 0.0002059658507 -0.000315846947 0.0 0.0002061535242 -0.0003151699428 0.0 -5.542798466e-05 -0.0003439966803 0.0 -5.542502772e-05 -0.0003442720209 0.0 -5.580664136e-05 -0.0003440266776 0.0 -9.256012021e-05 -0.0003769056681 0.0 5.989676744e-05 -0.0003613492662 0.0 4.220351211e-05 -0.0003251187851 0.0 4.607305279e-05 -0.0003297145906 0.0 4.607810503e-05 -0.0003297407278 0.0 -6.015425399e-06 -0.0003226580799 0.0 1.800861385e-05 -0.0003716587729 0.0 -5.839539557e-06 -0.0003230635391 0.0 -3.046235911e-05 -0.0003755440703 0.0 -6.105519273e-06 -0.0003221348528 0.0 0.0001898663249 -0.0003679502721 0.0 0.0001644093336 -0.0003301839496 0.0 0.0001647701024 -0.0003307521394 0.0 0.0001447967732 -0.0003636864785 0.0 0.0001647752783 -0.0003307062612 0.0 0.0001449165056 -0.0003636621146 0.0 0.0001026717593 -0.0003631110101 0.0 0.0001028810583 -0.0003632765223 0.0 5.988744134e-05 -0.0003613340835 0.0 0.0003274813757 -0.0003101742464 0.0 0.0003015555536 -0.0003308093096 0.0 0.0003008877672 -0.0003324048895 0.0 0.0002640488613 -0.0003266840985 0.0 0.0002595860432 -0.0003321186499 0.0 0.0002239733791 -0.0003490397468 0.0 0.0003158137949 -0.0003213564091 0.0 0.0003428144543 -0.0003008695175 0.0 0.0003209469334 -0.0003265545095 0.0 0.0002239330751 -0.0003490289102 0.0 0.0002239061384 -0.0003490765499 0.0 0.0001897464066 -0.0003682217069 0.0 0.000224079115 -0.0003490760501 0.0 -3.073097291e-05 -0.0003759992975 0.0 -9.307220005e-05 -0.0003767894267 0.0 6.682456457e-05 -0.0003708033784 0.0 1.804539268e-05 -0.0003716249562 0.0 1.848557298e-05 -0.0003736520575 0.0 -3.065433753e-05 -0.0003757462967 0.0 0.0001898534889 -0.0003676627908 0.0 0.0001447359496 -0.0003637994532 0.0 0.0001908635825 -0.0003749099808 0.0 0.0001908838669 -0.0003745489663 0.0 0.0001909314234 -0.0003747336549 0.0 0.0001612234795 -0.0004257843345 0.0 0.0001343422243 -0.0003731332139 0.0 0.0001344073481 -0.0003729998938 0.0 0.0001344593032 -0.0003731223785 0.0 0.0001039213829 -0.0004153709739 0.0 7.52231251e-05 -0.0003699421605 0.0 7.549796095e-05 -0.0003707939367 0.0 7.568639385e-05 -0.0003706342282 0.0 0.0003086052947 -0.0003273037881 0.0 0.0003444103544 -0.0003542143217 0.0 0.0003141230692 -0.0003341061073 0.0 0.0002902872102 -0.0003908867595 0.0 0.0002639459713 -0.000326417449 0.0 0.0002346471968 -0.000389026608 0.0 0.0002612476307 -0.0003314771851 0.0 0.000263963132 -0.0003264564662 0.0 0.0003260784366 -0.0003400849951 0.0 0.0003150692595 -0.0003302930442 0.0 0.0003318499528 -0.0003593635996 0.0 0.0002346367031 -0.0003888800832 0.0 0.0001896461609 -0.0003684145244 0.0 -3.105360434e-05 -0.0003758443466 0.0 -3.077956082e-05 -0.0003760577527 0.0 -3.111456855e-05 -0.0003758558577 0.0 -5.577678288e-05 -0.0004190879547 0.0 -9.351977645e-05 -0.0003768109331 0.0 -9.406877633e-05 -0.0003769806407 0.0 4.935218274e-05 -0.0004215879435 0.0 1.763510033e-05 -0.0003716993174 0.0 1.881109745e-05 -0.0003736588543 0.0 -1.043722333e-05 -0.0004311245188 0.0 1.885665711e-05 -0.0003732134346 0.0 0.0002479245018 -0.0003804131088 0.0 0.000248003749 -0.0003800652456 0.0 0.0002158911359 -0.0004284206486 0.0 0.0002479807257 -0.0003802687695 0.0 0.0002159111038 -0.0004284332962 0.0 0.0001612363491 -0.000425755945 0.0 0.0001612231766 -0.0004257604475 0.0 0.0001039559051 -0.0004153021166 0.0 0.0001038430261 -0.0004151763024 0.0 4.93213644e-05 -0.0004215710956 0.0 0.0003608771453 -0.0003642086021 0.0 0.0002902623994 -0.0003920373679 0.0 0.0002902341917 -0.0003908327042 0.0 0.0002339743904 -0.0003904830571 0.0 0.0003379234386 -0.0003736091644 0.0 0.0003742576797 -0.0003594740957 0.0 0.0003442437272 -0.0003932136078 0.0 0.0002986618272 -0.0004070599557 0.0 0.0002977244236 -0.0004030132334 0.0 0.0002688063394 -0.0004443978412 0.0 0.0002976202808 -0.0004032674821 0.0 -1.05119831e-05 -0.0004311851443 0.0 -5.605079172e-05 -0.0004191154087 0.0 -5.640488527e-05 -0.0004192239988 0.0 -5.598453221e-05 -0.0004192751516 0.0 -5.616651369e-05 -0.0004192354212 0.0 -9.898719145e-05 -0.0004362654008 0.0 4.949458163e-05 -0.0004214104199 0.0 4.953395196e-05 -0.0004213596656 0.0 4.908113984e-05 -0.000421319664 0.0 -1.058544274e-05 -0.0004312615411 0.0 4.946651256e-05 -0.0004213564818 0.0 0.0002689514635 -0.0004443970011 0.0 0.0002160042618 -0.0004284404287 0.0 0.0002158152022 -0.0004284356328 0.0 0.0002159152572 -0.0004283839193 0.0 0.0002158769564 -0.0004283948951 0.0 0.0001914159083 -0.0004753604203 0.0 0.0001612363464 -0.000425790278 0.0 0.0001612106097 -0.0004257245716 0.0 0.0001612198499 -0.0004257543416 0.0 0.0001341271971 -0.0004766155093 0.0 0.0001039902386 -0.0004152592759 0.0 0.0001039299973 -0.0004152214212 0.0 8.166393503e-05 -0.0004628275379 0.0 0.0001039786162 -0.0004152364276 0.0 0.0002979581653 -0.0003900195938 0.0 0.000376997675 -0.0004330840837 0.0 0.0003103049184 -0.0004437774385 0.0 0.0003332781728 -0.0004074853973 0.0 0.0003332129675 -0.0004075128075 0.0 0.0003508287365 -0.0004181434067 0.0 0.0003327552236 -0.0004076428618 0.0 0.000357120629 -0.0004319151548 0.0 0.0003152355061 -0.0004572278856 0.0 0.0002689004632 -0.0004442556791 0.0 -1.054140972e-05 -0.0004313328969 0.0 -6.789967739e-05 -0.0004667846545 0.0 -6.785868945e-05 -0.0004667874787 0.0 -9.950707541e-05 -0.0004361305739 0.0 -9.996531408e-05 -0.0004362801145 0.0 8.166452826e-05 -0.0004627977371 0.0 3.014095268e-05 -0.0004759767795 0.0 3.017423029e-05 -0.0004759232944 0.0 -1.08043267e-05 -0.00043130331 0.0 -1.062850289e-05 -0.0004313225957 0.0 -1.084844688e-05 -0.0004312984135 0.0 0.0002698450853 -0.000444662236 0.0 0.0002698169911 -0.0004445387774 0.0 0.0002390830878 -0.0004746685554 0.0 0.0002698376173 -0.0004445869919 0.0 0.0002391153009 -0.0004746988327 0.0 0.0001914442159 -0.0004753485401 0.0 0.0001914536008 -0.0004753815109 0.0 0.0001341693765 -0.0004766075955 0.0 0.0001341407079 -0.000476606329 0.0 8.171931441e-05 -0.0004628536119 0.0 8.173432071e-05 -0.000462758878 0.0 8.173747526e-05 -0.0004627847631 0.0 0.0003732402631 -0.0004306908498 0.0 0.000344620279 -0.0004493887796 0.0 0.0003443910455 -0.0004494431764 0.0 0.0003102885334 -0.0004438201029 0.0 0.0003630932323 -0.000438017711 0.0 0.0004027928498 -0.0004129771524 0.0 0.0003689739991 -0.0004524387867 0.0 0.0003186409101 -0.0004598638241 0.0 0.0003180794014 -0.000458040045 0.0 0.0002828664032 -0.0005008365354 0.0 0.0003179595113 -0.0004581568693 0.0 -2.668989868e-05 -0.0004969949343 0.0 -6.818439931e-05 -0.0004667136927 0.0 -6.853419427e-05 -0.0004668433463 0.0 -6.811148904e-05 -0.0004669825515 0.0 -6.843343927e-05 -0.0004668287043 0.0 -0.0001043990283 -0.0004983916639 0.0 3.00823472e-05 -0.0004760160719 0.0 8.636037381e-05 -0.0005295321012 0.0 3.006487326e-05 -0.0004759824534 0.0 3.013223449e-05 -0.000475955236 0.0 -2.671431556e-05 -0.0004970274947 0.0 3.014662512e-05 -0.0004759751199 0.0 0.0002829959045 -0.0005011148174 0.0 0.0002391499677 -0.0004746712756 0.0 0.0002391632317 -0.0004747040073 0.0 0.0002391296948 -0.0004746634908 0.0 0.0002287233659 -0.0005193089458 0.0 0.0001914461403 -0.000475383653 0.0 0.0001914783749 -0.0004753888864 0.0 0.0001914493861 -0.0004753786444 0.0 0.0001341759718 -0.0004765983343 0.0 0.0001685515289 -0.0005279776727 0.0 0.0001341774638 -0.0004765889105 0.0 8.640705147e-05 -0.0005295401481 0.0 0.0001341724952 -0.0004765731949 0.0 0.0003402378956 -0.0004526822988 0.0 0.0004046983795 -0.000495208746 0.0 0.0003412303749 -0.0005199594178 0.0 0.000362698717 -0.0004669943053 0.0 0.0003748897905 -0.0004756750329 0.0 0.0003623947302 -0.0004668844131 0.0 0.000380600295 -0.000491582656 0.0 0.0003444508563 -0.0005261062276 0.0 0.0002829189438 -0.0005007407441 0.0 -2.683990075e-05 -0.000497137666 0.0 -7.014083993e-05 -0.000526022188 0.0 -7.018735666e-05 -0.0005260235987 0.0 -0.0001047688114 -0.0004982925074 0.0 -0.000105186784 -0.0004984400893 0.0 8.637910993e-05 -0.000529525976 0.0 2.223116475e-05 -0.0005288855913 0.0 2.222904054e-05 -0.0005288510795 0.0 -2.691776568e-05 -0.0004970136364 0.0 -2.699436833e-05 -0.0004970723293 0.0 -2.712793372e-05 -0.0004970806248 0.0 0.0002848597647 -0.0005014982427 0.0 0.0002839335543 -0.0005017091324 0.0 0.0002287012883 -0.0005192891752 0.0 0.0002848730455 -0.0005015445005 0.0 0.0002288111036 -0.0005193906296 0.0 0.0001685637311 -0.0005279507489 0.0 0.0001686026241 -0.0005280240183 0.0 8.650975571e-05 -0.0005296115017 0.0 0.0004028271246 -0.0004935691009 0.0 0.0003412973839 -0.0005200567846 0.0 0.0003854420582 -0.000500949871 0.0 0.0004183633921 -0.0004879476602 0.0 0.0003904360887 -0.00052183712 0.0 0.0003503414985 -0.0005284829449 0.0 0.0002811298068 -0.000559865382 0.0 -3.630202317e-05 -0.0005627624078 0.0 -7.044800365e-05 -0.0005259556259 0.0 -7.043866038e-05 -0.0005261919067 0.0 -7.073502119e-05 -0.0005260375445 0.0 -0.0001090960716 -0.0005623485513 0.0 8.655986149e-05 -0.0005296802359 0.0 8.63372543e-05 -0.0005293889336 0.0 8.644043239e-05 -0.0005294713901 0.0 8.643525202e-05 -0.0005294233759 0.0 3.036770347e-05 -0.00058276116 0.0 2.21261848e-05 -0.0005289333292 0.0 2.221774289e-05 -0.0005288871376 0.0 -3.631490586e-05 -0.000562769154 0.0 2.219877849e-05 -0.0005288756138 0.0 0.0002811615766 -0.000559899713 0.0 0.000228927851 -0.0005192848233 0.0 0.0002290230344 -0.0005193921343 0.0 0.0002289784774 -0.0005193412263 0.0 0.0002155757607 -0.0005814223278 0.0 0.0001685503291 -0.0005280134286 0.0 0.0001686187475 -0.0005280313415 0.0 0.0001386053073 -0.0005820534462 0.0 0.0001685663047 -0.0005280020411 0.0 0.0003371992936 -0.000521743074 0.0 0.0004205437197 -0.0005568093656 0.0 0.0003952040128 -0.0005458990683 0.0 0.000399679234 -0.0005646999496 0.0 0.0003505574551 -0.0005279030539 0.0 0.0003508958373 -0.0005283079109 0.0 0.0003508727816 -0.0005282729743 0.0 0.00032183899 -0.0005940199046 0.0 0.0002813767405 -0.0005598009545 0.0 -3.647266437e-05 -0.0005628832942 0.0 -0.0001094522064 -0.0005622461564 0.0 0.0001397161307 -0.0005831964011 0.0 8.330790621e-05 -0.0005996057578 0.0 8.329984833e-05 -0.0005996000202 0.0 3.032516744e-05 -0.0005827927963 0.0 3.028774142e-05 -0.000582810123 0.0 -3.655391914e-05 -0.0005627149676 0.0 0.0002813877352 -0.0005598319704 0.0 0.0002811787427 -0.0005599301016 0.0 0.0002155265004 -0.0005813836525 0.0 0.0002813784431 -0.0005598919613 0.0 0.0002157401521 -0.0005816349692 0.0 0.0001386046578 -0.0005820035643 0.0 0.0001387270653 -0.0005820130374 0.0 0.0001397534874 -0.0005832946189 0.0 0.0001397356487 -0.0005833033916 0.0 0.0004262323134 -0.0005589375665 0.0 0.0003747015167 -0.0006011451986 0.0 0.0004035405987 -0.0005781229954 0.0 0.0004309417119 -0.0005566259196 0.0 0.0004074010053 -0.0005900655078 0.0 0.0003745707835 -0.0006011177892 0.0 0.0003218593806 -0.0005939804869 0.0 0.0003218819565 -0.0005939555157 0.0 0.0003218771278 -0.0005940955554 0.0 0.0002698409658 -0.0006248105958 0.0 0.0003219583476 -0.0005941248201 0.0 -3.679494786e-05 -0.0005628152044 0.0 -3.65786756e-05 -0.0005629199212 0.0 -3.685043055e-05 -0.000562811479 0.0 -6.269075991e-05 -0.0006122503408 0.0 -0.0001097416605 -0.0005622518472 0.0 -0.0001101155208 -0.0005623750751 0.0 0.0001059002483 -0.0006477914339 0.0 8.336527238e-05 -0.0005996782133 0.0 8.338486231e-05 -0.00059961586 0.0 8.335805259e-05 -0.0005995835819 0.0 4.922328236e-05 -0.0006407747142 0.0 3.022158447e-05 -0.0005828675456 0.0 3.029321474e-05 -0.0005828381755 0.0 -1.529335952e-05 -0.000631669465 0.0 3.022572532e-05 -0.0005827470969 0.0 0.0002699257575 -0.0006248115171 0.0 0.0002155491376 -0.00058141085 0.0 0.0002160947501 -0.000581731131 0.0 0.0002161427013 -0.0005817614013 0.0 0.0001656226508 -0.0006341928185 0.0 0.0002161629421 -0.0005817720517 0.0 0.000167487959 -0.0006369086017 0.0 0.0001059048779 -0.0006477892941 0.0 0.000383555613 -0.0005951433046 0.0 0.0004327635495 -0.0006147151632 0.0 0.0004113299565 -0.0006060563746 0.0 0.0004152679539 -0.0006266125591 0.0 0.0003822561425 -0.0005943330709 0.0 0.000335294634 -0.000646711859 0.0 0.0003757950795 -0.000601321428 0.0 0.0003825198906 -0.0005942953983 0.0 0.0003352982199 -0.000646592154 0.0 0.0002697914127 -0.0006248067449 0.0 -1.538714337e-05 -0.0006317199309 0.0 -6.288847432e-05 -0.000612242966 0.0 -6.31514412e-05 -0.0006123282009 0.0 -6.287947579e-05 -0.000612374176 0.0 -6.302179031e-05 -0.0006123399713 0.0 -0.0001136541032 -0.0006281954707 0.0 0.000106205452 -0.0006482700825 0.0 4.924844061e-05 -0.0006407742708 0.0 4.923945765e-05 -0.0006412479603 0.0 -1.54926417e-05 -0.0006316573893 0.0 0.0002710886159 -0.0006257838508 0.0 0.0002193027545 -0.0006440777488 0.0 0.0002193483831 -0.0006440459803 0.0 0.0001656046857 -0.0006342086881 0.0 0.0001755255634 -0.0006360710013 0.0 0.0001755096983 -0.0006360089731 0.0 0.0001755555353 -0.0006360628526 0.0 0.000141910856 -0.0006945830517 0.0 0.0001078445545 -0.0006478617323 0.0 0.0001082982333 -0.0006485552576 0.0 0.0001083606756 -0.0006485030848 0.0 0.0004482567119 -0.0006203249662 0.0 0.0003978735732 -0.0006590923708 0.0 0.0004193415282 -0.0006439264791 0.0 0.000456800124 -0.0006153277577 0.0 0.0004230019259 -0.0006550842874 0.0 0.000292649491 -0.000628635835 0.0 0.0002926491124 -0.0006284408103 0.0 0.0002926592845 -0.0006285302683 0.0 0.0003975876365 -0.0006591278431 0.0 0.0003335605679 -0.0006486973428 0.0 0.000362492612 -0.0006528776772 0.0 0.0003163115453 -0.0006737421881 0.0 -1.547500067e-05 -0.0006318378184 0.0 -7.289469443e-05 -0.0006547771556 0.0 -7.284713099e-05 -0.0006547844655 0.0 -0.0001140106676 -0.0006280915749 0.0 -0.000114361636 -0.0006282247008 0.0 7.55043365e-05 -0.0006945043741 0.0 4.871232453e-05 -0.0006407471438 0.0 4.924475638e-05 -0.0006413392183 0.0 4.91307498e-05 -0.0006412530146 0.0 1.433392535e-05 -0.0006931532923 0.0 -1.566718875e-05 -0.0006317288066 0.0 -1.557326419e-05 -0.0006318038917 0.0 -1.573675445e-05 -0.0006317451251 0.0 0.0002716949789 -0.0006993050579 0.0 0.0002358663637 -0.0006475317964 0.0 0.0002358214231 -0.0006472823176 0.0 0.0002057578439 -0.0006948842205 0.0 0.0002358870112 -0.0006474260325 0.0 0.0002057633317 -0.0006948720901 0.0 0.0001419181509 -0.0006945303283 0.0 0.0001418165764 -0.0006944257651 0.0 7.543790853e-05 -0.0006944981539 0.0 0.0004042462663 -0.0006556844108 0.0 0.0004582064594 -0.0006963041343 0.0 0.000426625869 -0.0006727071679 0.0 0.0004150011222 -0.0006624801426 0.0 0.0004152421435 -0.0006624751118 0.0 0.000430570237 -0.0006910340323 0.0 0.0003164044243 -0.0006738360566 0.0 0.0003164625827 -0.0006736818608 0.0 0.0002717445446 -0.0006993109324 0.0 0.0003164183846 -0.0006737778598 0.0 0.0003904704307 -0.0007233423166 0.0 0.0003623159437 -0.0006532612532 0.0 0.0003303516614 -0.0007222688064 0.0 0.0003624621711 -0.0006530024739 0.0 0.0003624338325 -0.000653110263 0.0 -4.410551738e-05 -0.0006952644274 0.0 -7.308731007e-05 -0.0006547401524 0.0 -7.304824572e-05 -0.0006549283298 0.0 -7.331515964e-05 -0.0006547946954 0.0 -0.0001177587664 -0.0006957316502 0.0 7.542431165e-05 -0.0006944160734 0.0 1.422079616e-05 -0.0006931721424 0.0 1.429243591e-05 -0.0006932190034 0.0 -4.426350576e-05 -0.0006952538555 0.0 0.0002717460395 -0.0006992943188 0.0 0.000205785021 -0.000694833927 0.0 0.0002057940985 -0.0006948509267 0.0 0.0002057593818 -0.0006948494947 0.0 0.0002057854373 -0.0006948453702 0.0 0.0001720861299 -0.0007546205045 0.0 0.0001419734192 -0.0006944911865 0.0 0.0001419290356 -0.0006944663667 0.0 0.000142004563 -0.0006944823953 0.0 0.000108736362 -0.0007408776069 0.0 7.541804307e-05 -0.0006944984743 0.0 7.548922685e-05 -0.0006945061382 0.0 7.547673063e-05 -0.0006944894037 0.0 0.0004340294566 -0.0007062837127 0.0 0.0004585474265 -0.0006960693118 0.0 0.000390625043 -0.0007234035326 0.0 0.0004663299479 -0.0006941644303 0.0 0.0004374280972 -0.0007268233338 0.0 0.000330422542 -0.0007222738537 0.0 0.0002721080427 -0.0006992401384 0.0 0.0003905480325 -0.0007233887152 0.0 0.0003303898928 -0.0007222550805 0.0 -4.424373697e-05 -0.000695377457 0.0 -0.0001180463432 -0.0006956518717 0.0 4.792116192e-05 -0.0007483376736 0.0 1.410501344e-05 -0.0006932419564 0.0 1.426642936e-05 -0.0006933194322 0.0 1.409971958e-05 -0.0006932595028 0.0 -1.927310714e-05 -0.0007594004488 0.0 -4.451601197e-05 -0.0006953120436 0.0 -4.433356007e-05 -0.000695425944 0.0 -4.459711997e-05 -0.0006953359711 0.0 0.0002717754081 -0.0006992070672 0.0 0.0002340179072 -0.0007587029226 0.0 0.0002340303759 -0.0007587180679 0.0 0.0001721120247 -0.0007546208208 0.0 0.0001720888441 -0.0007546137631 0.0 0.0001087251569 -0.0007408939273 0.0 0.0001087258505 -0.0007408871888 0.0 4.786445759e-05 -0.0007483676365 0.0 0.0002717684771 -0.0006991552943 0.0 0.0004382695778 -0.00074776322 0.0 0.0004387938111 -0.0007652919911 0.0 0.0004683072959 -0.0007641960165 0.0 0.000439224595 -0.0007828949227 0.0 0.0004396728331 -0.0007987870187 0.0 0.00039452075 -0.0007234534188 0.0 0.0003318633298 -0.0007226203975 0.0 -7.21030241e-05 -0.0007454524029 0.0 -0.0001182976748 -0.0006956671226 0.0 4.788219652e-05 -0.0007483816841 0.0 -1.936237926e-05 -0.0007594284452 0.0 -1.933628343e-05 -0.0007594279113 0.0 -7.218355821e-05 -0.0007454717834 0.0 0.0002340634936 -0.0007587217091 0.0 0.0001721192013 -0.0007545946809 0.0 4.784431349e-05 -0.0007484397111 0.0 0.0001087405179 -0.000740902162 0.0 0.0002967229856 -0.0007734448553 0.0 0.0004151729204 -0.0007982956942 0.0 0.0004704769924 -0.0008345755974 0.0 0.0004408500205 -0.0008470393794 0.0 0.0004401154988 -0.0008146923445 0.0 0.0003536178696 -0.000788735537 0.0 0.0004413974871 -0.0008699371368 0.0 0.0004404923397 -0.0008308647349 0.0 0.0004419337062 -0.0008928352869 0.0 0.000442239725 -0.0009080177375 0.0 0.0002591393023 -0.0008113659345 0.0 0.0004722243785 -0.0009053064188 0.0 0.0004425432509 -0.000923200193 0.0 0.000442962646 -0.0009419330468 0.0 0.0004433816009 -0.0009606658505 0.0 0.0004436779991 -0.0009756212138 0.0 -7.23294553e-05 -0.0007455718314 0.0 -0.0001185837925 -0.000695778342 0.0 -1.947183343e-05 -0.000759511732 0.0 0.0002062089574 -0.0008114602326 0.0 0.0001429157646 -0.0008117532198 0.0 2.637493874e-05 -0.0008099068069 0.0 8.366038878e-05 -0.0007944583128 0.0 0.000312091236 -0.0008393103074 0.0 0.0003863883884 -0.000869930204 0.0 0.0004094261668 -0.0009431318555 0.0 0.0002487406884 -0.000862321593 0.0 0.0004739164965 -0.0009764071553 0.0 0.0004439708328 -0.0009905765791 0.0 0.0004442456285 -0.001003626786 0.0 0.0004267154935 -0.0009987262606 0.0 0.0004445212309 -0.001016676993 0.0 0.0004448185355 -0.001031779835 0.0 -8.440828288e-05 -0.0007995855719 0.0 -0.0001215352751 -0.0007647176508 0.0 -3.729446424e-05 -0.0008335339342 0.0 1.741016303e-05 -0.0008688533905 0.0 0.0001804262955 -0.0008705383687 0.0 8.811478437e-05 -0.0008698192804 0.0 0.0003083734666 -0.0009049847811 0.0 0.0003543218023 -0.0009430543874 0.0 0.0003696947661 -0.00100252674 0.0 0.0002338823145 -0.0009288954381 0.0 0.0004755296446 -0.0010478871 0.0 0.0004451082384 -0.001046882737 0.0 0.0004454656006 -0.001065237698 0.0 0.0004132507316 -0.00104583119 0.0 0.0004458161864 -0.001083592658 0.0 0.000446085828 -0.0010987828 0.0 -8.490516573e-05 -0.0008654689053 0.0 -0.0001241719936 -0.0008345843524 0.0 -4.795456269e-05 -0.0009061275622 0.0 2.716241778e-05 -0.0009270170119 0.0 0.000146021081 -0.0009300157038 0.0 8.403681844e-05 -0.0009466214466 0.0 0.0003005135489 -0.0009812251579 0.0 0.000332534264 -0.001047307904 0.0 0.0002377742305 -0.0009976681641 0.0 0.0001765702316 -0.0009877073473 0.0 0.0004769502542 -0.00111966137 0.0 0.0004467415174 -0.001138962758 0.0 0.0004463413894 -0.001113973003 0.0 0.0004470811037 -0.001157979124 0.0 0.0004465396917 -0.00112646785 0.0 0.000478318067 -0.001191826042 0.0 0.0004478574114 -0.001205349732 0.0 0.0004474186577 -0.001176995551 0.0 0.0004481000596 -0.001220192151 0.0 0.000447640309 -0.001191172611 0.0 0.0003850141785 -0.001102569263 0.0 0.0004483436926 -0.001235034632 0.0 0.0004485397455 -0.001247714513 0.0 0.000448725469 -0.001260394394 0.0 0.0004488980232 -0.001272956877 0.0 0.0004795688807 -0.001264283172 0.0 0.0004490718501 -0.001285519299 0.0 0.0004493192988 -0.001302012263 0.0 -0.0001264018877 -0.000905134306 0.0 -7.248377961e-05 -0.0009600443856 0.0 -1.700080447e-05 -0.0009756300122 0.0 4.642078971e-05 -0.00098888275 0.0 0.000108275656 -0.0009996194662 0.0 0.0003104732939 -0.001102641498 0.0 0.0002711941437 -0.001044893016 0.0 0.0002067401384 -0.00104595335 0.0 0.0001422620205 -0.001047206495 0.0 0.0004130372609 -0.001160470057 0.0 0.0004266932623 -0.001214735477 0.0 0.0003424465389 -0.001167490445 0.0 0.0002905958064 -0.001152768944 0.0 0.0003943067867 -0.001253528971 0.0 0.0004504971326 -0.001394637075 0.0 0.0004807334719 -0.001337019996 0.0 0.0004237366648 -0.001303141318 0.0 0.0004502589472 -0.001376331966 0.0 0.0004498709116 -0.001342773125 0.0 0.0004495636453 -0.001318505164 0.0 0.0004500630723 -0.001359552546 0.0 0.0004497230359 -0.001330639176 0.0 -6.346674018e-05 -0.001025686756 0.0 -0.0001283499892 -0.0009762456503 0.0 0.0004507397284 -0.001412942245 0.0 0.0004817380919 -0.001410094215 0.0 0.0004509688212 -0.001431279003 0.0 9.732995213e-06 -0.001038681737 0.0 7.629937579e-05 -0.001048813039 0.0 0.0002411592192 -0.001113428013 0.0 0.0002486888082 -0.001175809827 0.0 0.0001687082121 -0.001107454514 0.0 0.0001090941604 -0.001099662636 0.0 0.0004511840739 -0.001449615824 0.0 0.000451360759 -0.00146650105 0.0 0.0002300414347 -0.001222491602 0.0 0.0003546966696 -0.001227489253 0.0 0.0002876406926 -0.001219006399 0.0 0.000371773978 -0.001296845095 0.0 0.0004196326527 -0.001415801659 0.0 0.0003866133548 -0.001354569833 0.0 -2.480453844e-05 -0.001096548756 0.0 -8.135775803e-05 -0.001090660345 0.0 -0.0001300597915 -0.001047720197 0.0 0.0004826371324 -0.001483294842 0.0 0.0004515303246 -0.001483386276 0.0 0.000451723128 -0.00150233435 0.0 -5.184081788e-06 -0.001143253964 0.0 4.560387487e-05 -0.001123150391 0.0 0.0001867044486 -0.001174494984 0.0 0.0001141788337 -0.001158743128 0.0 0.0001808422118 -0.001235185698 0.0 0.0004519117426 -0.001521282424 0.0 0.0004520485172 -0.00153611613 0.0 0.0004183490905 -0.001483483753 0.0 0.0002346551589 -0.001284389157 0.0 0.0003165095874 -0.001307599691 0.0 0.0003687793693 -0.001430912688 0.0 0.0003260388787 -0.001380817015 0.0 -5.67549326e-05 -0.001164182387 0.0 -0.0001316615546 -0.001119590723 0.0 0.0004521767234 -0.001550949836 0.0 0.0004522695718 -0.001562555996 0.0 0.0004833952448 -0.001556721812 0.0 0.0004523623422 -0.001574162219 0.0 0.0004525093818 -0.00159122496 0.0 0.0004531327163 -0.001677984024 0.0 1.511548934e-05 -0.001189282531 0.0 -2.669061812e-05 -0.001222905773 0.0 7.154705489e-05 -0.001209083011 0.0 0.0001268473139 -0.001222347556 0.0 0.0001563669156 -0.001286821475 0.0 0.0002070544638 -0.001336303209 0.0 0.0003907115357 -0.001539580692 0.0 0.0003595997315 -0.001484064055 0.0 0.000254205037 -0.001367993494 0.0 0.0003094940079 -0.001442984899 0.0 -3.494613786e-05 -0.001270440171 0.0 -7.776522786e-05 -0.001230198231 0.0 -0.0001330476403 -0.001191758318 0.0 0.0004840692792 -0.001630330211 0.0 0.0004255240544 -0.001589236165 0.0 0.0004530298044 -0.00166325377 0.0 0.0004528369743 -0.00163323934 0.0 0.0004526548127 -0.001608287764 0.0 0.0004529333524 -0.001648246555 0.0 0.0004527496724 -0.001620763583 0.0 0.0004532334442 -0.001692714278 0.0 0.0004533229722 -0.001707892412 0.0 0.0004846277894 -0.001704098171 0.0 0.0004534061862 -0.001723070609 0.0 0.0004534908719 -0.001738685539 0.0 0.0004323788394 -0.001685144994 0.0 2.091376102e-05 -0.001260687958 0.0 8.471719827e-05 -0.001261282669 0.0 0.0001628786299 -0.001352378919 0.0 0.0001075982486 -0.0013236792 0.0 0.0001888308355 -0.001406708094 0.0 0.0003696284382 -0.001590479044 0.0 0.0003107630916 -0.001523520963 0.0 0.000244172222 -0.001456173395 0.0 0.0004539498399 -0.001854657481 0.0 0.0004853425819 -0.001851943711 0.0 0.000453972637 -0.001864388715 0.0 0.0004539822123 -0.001874120012 0.0 0.0004538889319 -0.001837110584 0.0 0.0004855397613 -0.001925948266 0.0 -1.967459058e-05 -0.001321832983 0.0 -8.530185189e-05 -0.001300313252 0.0 -0.0001343587824 -0.001264240505 0.0 0.0003909247298 -0.001639008222 0.0 0.0004850334727 -0.001777967823 0.0 0.0004305397195 -0.001736966255 0.0 0.0004538232973 -0.001819563624 0.0 0.0004537124088 -0.001785723836 0.0 0.0004535723186 -0.001754300468 0.0 0.0004537689603 -0.00180264373 0.0 0.0004536465629 -0.001770012152 0.0 0.0003717476869 -0.001715443818 0.0 4.366858979e-05 -0.001343460537 0.0 0.0001144788194 -0.001385572249 0.0 0.0001917447978 -0.001496390485 0.0 0.0001392571193 -0.001456178217 0.0 0.0003156973627 -0.001604105268 0.0 0.0002453513009 -0.00154496121 0.0 0.0004256421945 -0.001857106855 0.0 0.0004255326374 -0.001939188042 0.0 0.0004856072016 -0.002 0.0 -7.93428679e-07 -0.001386185698 0.0 -6.170380943e-05 -0.001370262808 0.0 -0.0001355423095 -0.001337025129 0.0 0.0003043890587 -0.001677787123 0.0 0.0003803799435 -0.001803891338 0.0 0.0003176979768 -0.001753815388 0.0 5.401289297e-05 -0.00142760116 0.0 0.000175413914 -0.001563960385 0.0 0.0001249221983 -0.001517958173 0.0 8.247048589e-05 -0.001484572369 0.0 0.0002344281568 -0.001626023245 0.0 0.0003808805119 -0.001896891791 0.0 0.0003768882168 -0.001955251084 0.0 0.0004157867759 -0.002 0.0 -2.514223773e-05 -0.00144042971 0.0 -8.678489513e-05 -0.001446222215 0.0 -0.0001365516037 -0.001410040529 0.0 0.0002677960873 -0.001723701896 0.0 0.000236512874 -0.001685588071 0.0 0.0003215820445 -0.00187094729 0.0 0.0003073702351 -0.00181356578 0.0 0.0002605383338 -0.001776367926 0.0 0.0001501712247 -0.001620209094 0.0 1.615546121e-05 -0.001505980581 0.0 0.0001002919175 -0.001570348234 0.0 6.718830094e-05 -0.001531321003 0.0 9.385285853e-05 -0.001621384034 0.0 0.0001819908058 -0.001675309035 0.0 0.0002691556569 -0.001901315685 0.0 0.000316144488 -0.001940192504 0.0 0.0003461652662 -0.002 0.0 -3.132956609e-05 -0.001563681221 0.0 -7.313772941e-05 -0.001512248352 0.0 -0.0001374839136 -0.001483295069 0.0 0.0002046233135 -0.001734893939 0.0 0.0002409717404 -0.00184156536 0.0 0.0002113303156 -0.001788567164 0.0 0.0001150220428 -0.001667238746 0.0 3.341585857e-05 -0.001590534055 0.0 6.084553611e-05 -0.001656165185 0.0 0.0001327239286 -0.001721667367 0.0 0.0002166091648 -0.001899404626 0.0 0.0002418910251 -0.001949273367 0.0 0.0002766810049 -0.002 0.0 -3.035150164e-05 -0.001627621368 0.0 -8.551033844e-05 -0.001593015011 0.0 -0.0001382667091 -0.001556737817 0.0 0.0001728734922 -0.001866572043 0.0 0.0001407343782 -0.001776660761 0.0 0.0001688710708 -0.001814600422 0.0 7.129766267e-05 -0.001706374765 0.0 8.243027107e-06 -0.001667601721 0.0 8.26250891e-05 -0.00176965646 0.0 0.0001315895193 -0.001899810409 0.0 0.0001725879098 -0.001937225453 0.0 0.0002072692845 -0.002 0.0 -3.751538705e-05 -0.00170187309 0.0 -8.778216746e-05 -0.001666694301 0.0 -0.000138946412 -0.001630351312 0.0 0.0001090590884 -0.001840153938 0.0 1.611768797e-05 -0.001747782843 0.0 4.206954787e-05 -0.001813661448 0.0 7.991040457e-05 -0.00190172347 0.0 0.0001035085414 -0.001952690519 0.0 0.0001378819512 -0.002 0.0 -3.836943462e-05 -0.001761292291 0.0 -9.300712786e-05 -0.001740424844 0.0 -0.0001394984991 -0.001704107387 0.0 2.024925882e-05 -0.001873665064 0.0 -1.259510948e-05 -0.001814523008 0.0 2.97630983e-05 -0.001939032281 0.0 6.846584842e-05 -0.002 0.0 -7.601327565e-05 -0.001819254769 0.0 -0.0001399294419 -0.001777985806 0.0 -3.431128699e-05 -0.001888355446 0.0 -2.90405856e-05 -0.001953218843 0.0 -1.025015054e-06 -0.002 0.0 -9.425773631e-05 -0.001884935524 0.0 -0.0001402303726 -0.00185193687 0.0 -8.039834749e-05 -0.001939195078 0.0 -7.065363758e-05 -0.002 0.0 -0.0001404159604 -0.001925958577 0.0 -0.0001404768615 -0.002 0.0 
SCALARS node-id int 1
LOOKUP_TABLE default
1 2 3 4 5 6 7 8 9 10 11 12 13 14 15 16 17 18 19 20 21 22 23 24 25 26 27 28 29 30 31 32 33 34 35 36 37 38 39 40 41 42 43 44 45 46 47 48 49 50 51 52 53 54 55 56 57 58 59 60 61 62 63 64 65 66 67 68 69 70 71 72 73 74 75 76 77 78 79 80 81 82 83 84 85 86 87 88 89 90 91 92 93 94 95 96 97 98 99 100 101 102 103 104 105 106 107 108 109 110 111 112 113 114 115 116 117 118 119 120 121 122 123 124 125 126 127 128 129 130 131 132 133 134 135 136 137 138 139 140 141 142 143 144 145 146 147 148 149 150 151 152 153 154 155 156 157 158 159 160 161 162 163 164 165 166 167 168 169 170 171 172 173 174 175 176 177 178 179 180 181 182 183 184 185 186 187 188 189 190 191 192 193 194 195 196 197 198 199 200 201 202 203 204 205 206 207 208 209 210 211 212 213 214 215 216 217 218 219 220 221 222 223 224 225 226 227 228 229 230 231 232 233 234 235 236 237 238 239 240 241 242 243 244 245 246 247 248 249 250 251 252 253 254 255 256 257 258 259 260 261 262 263 264 265 266 267 268 269 270 271 272 273 274 275 276 277 278 279 280 281 282 283 284 285 286 287 288 289 290 291 292 293 294 295 296 297 298 299 300 301 302 303 304 305 306 307 308 309 310 311 312 313 314 315 316 317 318 319 320 321 322 323 324 325 326 327 328 329 330 331 332 333 334 335 336 337 338 339 340 341 342 343 344 345 346 347 348 349 350 351 352 353 354 355 356 357 358 359 360 361 362 363 364 365 366 367 368 369 370 371 372 373 374 375 376 377 378 379 380 381 382 383 384 385 386 387 388 389 390 391 392 393 394 395 396 397 398 399 400 401 402 403 404 405 406 407 408 409 410 411 412 413 414 415 416 417 418 419 420 421 422 423 424 425 426 427 428 429 430 431 432 433 434 435 436 437 438 439 440 441 442 443 444 445 446 447 448 449 450 451 452 453 454 455 456 457 458 459 460 461 462 463 464 465 466 467 468 469 470 471 472 473 474 475 476 477 478 479 480 481 482 483 484 485 486 487 488 489 490 491 492 493 494 495 496 497 498 499 500 501 502 503 504 505 506 507 508 509 510 511 512 513 514 515 516 517 518 519 520 521 522 523 524 525 526 527 528 529 530 531 532 533 534 535 536 537 538 539 540 541 542 543 544 545 546 547 548 549 550 551 552 553 554 555 556 557 558 559 560 561 562 563 564 565 566 567 568 569 570 571 572 573 574 575 576 577 578 579 580 581 582 583 584 585 586 587 588 589 590 591 592 593 594 595 596 597 598 599 600 601 602 603 604 605 606 607 608 609 610 611 612 613 614 615 616 617 618 619 620 621 622 623 624 625 626 627 628 629 630 631 632 633 634 635 636 637 638 639 640 641 642 643 644 645 646 647 648 649 650 651 652 653 654 655 656 657 658 659 660 661 662 663 664 665 666 667 668 669 670 671 672 673 674 675 676 677 678 679 680 681 682 683 684 685 686 687 688 689 690 691 692 693 694 695 696 697 698 699 700 701 702 703 704 705 706 707 708 709 710 711 712 713 714 715 716 717 718 719 720 721 722 723 724 725 726 727 728 729 730 731 732 733 734 735 736 737 738 739 740 741 742 743 744 745 746 747 748 749 750 751 752 753 754 755 756 757 758 759 760 761 762 763 764 765 766 767 768 769 770 771 772 773 774 775 776 777 778 779 780 781 782 783 784 785 786 787 788 789 790 791 792 793 794 795 796 797 798 799 800 801 802 803 804 805 806 807 808 809 810 811 812 813 814 815 816 817 818 819 820 821 822 823 824 825 826 827 828 829 830 831 832 833 834 835 836 837 838 839 840 841 842 843 844 845 846 847 848 849 850 851 852 853 854 855 856 857 858 859 860 861 862 863 864 865 866 867 868 869 870 871 872 873 874 875 876 877 878 879 880 881 882 883 884 885 886 887 888 889 890 891 892 893 894 895 896 897 898 899 900 901 902 903 904 905 906 907 908 909 910 911 912 913 914 915 916 917 918 919 920 921 922 923 924 925 926 927 928 929 930 931 932 933 934 935 936 937 938 939 940 941 942 943 944 945 946 947 948 949 950 951 952 953 954 955 956 957 958 959 960 961 962 963 964 965 966 967 968 969 970 971 972 973 974 975 976 977 978 979 980 981 982 983 984 985 986 987 988 989 990 991 992 993 994 995 996 997 998 999 1000 1001 1002 1003 1004 1005 1006 1007 1008 1009 1010 1011 1012 1013 1014 1015 1016 1017 1018 1019 1020 1021 1022 1023 1024 1025 1026 1027 1028 1029 1030 1031 1032 1033 1034 1035 1036 1037 1038 1039 1040 1041 1042 1043 1044 1045 1046 1047 1048 1049 1050 1051 1052 1053 1054 1055 1056 1057 1058 1059 1060 1061 1062 1063 1064 1065 1066 1067 1068 1069 1070 1071 1072 1073 1074 1075 1076 1077 1078 1079 1080 1081 1082 1083 1084 1085 1086 1087 1088 1089 1090 1091 1092 1093 1094 1095 1096 1097 1098 1099 1100 1101 1102 1103 1104 1105 1106 1107 1108 1109 1110 1111 1112 1113 1114 1115 1116 1117 1118 1119 1120 1121 1122 1123 1124 1125 1126 1127 1128 1129 1130 1131 1132 1133 1134 1135 1136 1137 1138 1139 1140 1141 1142 1143 1144 1145 1146 1147 1148 1149 1150 1151 1152 1153 1154 1155 1156 1157 1158 1159 1160 1161 1162 1163 1164 1165 1166 1167 1168 1169 1170 1171 1172 1173 1174 1175 1176 1177 1178 1179 1180 1181 1182 1183 1184 1185 1186 1187 1188 1189 1190 1191 1192 1193 1194 1195 1196 1197 1198 1199 1200 1201 1202 1203 1204 1205 1206 1207 1208 1209 1210 1211 1212 1213 1214 1215 1216 1217 1218 1219 1220 1221 1222 1223 1224 1225 1226 1227 1228 1229 1230 1231 1232 1233 1234 1235 1236 1237 1238 1239 1240 1241 1242 1243 1244 1245 1246 1247 1248 1249 1250 1251 1252 1253 1254 1255 1256 1257 1258 1259 1260 1261 1262 1263 1264 1265 1266 1267 1268 1269 1270 1271 1272 1273 1274 1275 1276 1277 1278 1279 1280 1281 1282 1283 1284 1285 1286 1287 1288 1289 1290 1291 1292 1293 1294 1295 1296 1297 1298 1299 1300 1301 1302 1303 1304 1305 1306 1307 1308 1309 1310 1311 1312 1313 1314 1315 1316 1317 1318 1319 1320 1321 1322 1323 1324 1325 1326 1327 1328 1329 1330 1331 1332 1333 1334 1335 1336 1337 1338 1339 1340 1341 1342 1343 1344 1345 1346 1347 1348 1349 1350 1351 1352 1353 1354 1355 1356 1357 1358 1359 1360 1361 1362 1363 1364 1365 1366 1367 1368 1369 1370 1371 1372 1373 1374 1375 1376 1377 1378 1379 1380 1381 1382 1383 1384 1385 1386 1387 1388 1389 1390 1391 1392 1393 1394 1395 1396 1397 1398 1399 1400 1401 1402 1403 1404 1405 1406 1407 1408 1409 1410 1411 1412 1413 1414 1415 1416 1417 1418 1419 1420 1421 1422 1423 1424 1425 1426 1427 1428 1429 1430 1431 1432 1433 1434 1435 1436 1437 1438 1439 1440 1441 1442 1443 1444 1445 1446 1447 1448 1449 1450 1451 1452 1453 1454 1455 1456 1457 1458 1459 1460 1461 1462 1463 1464 1465 1466 1467 1468 1469 1470 1471 1472 1473 1474 1475 1476 1477 1478 1479 1480 1481 1482 1483 1484 1485 1486 1487 1488 1489 1490 1491 1492 1493 1494 1495 1496 1497 1498 1499 1500 1501 1502 1503 1504 1505 1506 1507 1508 1509 1510 1511 1512 1513 1514 1515 1516 1517 1518 1519 1520 1521 1522 1523 1524 1525 1526 1527 1528 1529 1530 
CELL_DATA 1491
SCALARS σx´ float64 1
LOOKUP_TABLE default
0.0 0.0 0.0 0.0 0.0 0.0 0.0 0.0 0.0 0.0 0.0 0.0 0.0 0.0 0.0 0.0 0.0 0.0 0.0 0.0 0.0 0.0 0.0 0.0 0.0 0.0 0.0 0.0 0.0 0.0 0.0 0.0 0.0 0.0 0.0 0.0 0.0 0.0 0.0 0.0 0.0 0.0 0.0 0.0 0.0 0.0 0.0 0.0 0.0 0.0 0.0 0.0 0.0 0.0 0.0 0.0 0.0 0.0 0.0 0.0 0.0 0.0 0.0 0.0 0.0 0.0 0.0 0.0 0.0 0.0 0.0 0.0 0.0 0.0 0.0 0.0 0.0 0.0 595.4028025 0.0 0.0 0.0 0.0 0.0 0.0 0.0 0.0 0.0 0.0 0.0 0.0 0.0 0.0 0.0 0.0 0.0 0.0 0.0 0.0 0.0 0.0 0.0 0.0 0.0 0.0 0.0 0.0 0.0 0.0 0.0 0.0 0.0 0.0 0.0 0.0 0.0 730.3361536 0.0 0.0 0.0 0.0 0.0 0.0 0.0 0.0 0.0 0.0 0.0 0.0 0.0 0.0 0.0 0.0 0.0 0.0 0.0 0.0 0.0 0.0 0.0 0.0 0.0 0.0 0.0 0.0 0.0 723.789264 0.0 0.0 0.0 0.0 0.0 0.0 0.0 0.0 0.0 0.0 0.0 0.0 0.0 0.0 0.0 0.0 0.0 0.0 0.0 0.0 0.0 0.0 0.0 0.0 0.0 0.0 0.0 0.0 0.0 0.0 0.0 0.0 0.0 872.9974902 0.0 0.0 0.0 0.0 0.0 0.0 0.0 0.0 0.0 0.0 0.0 0.0 0.0 0.0 0.0 0.0 0.0 0.0 0.0 0.0 0.0 0.0 0.0 0.0 0.0 0.0 0.0 0.0 646.7575659 0.0 0.0 0.0 0.0 0.0 0.0 0.0 0.0 0.0 0.0 0.0 0.0 0.0 0.0 0.0 0.0 0.0 0.0 0.0 0.0 0.0 0.0 0.0 0.0 0.0 0.0 0.0 0.0 0.0 0.0 0.0 0.0 0.0 616.5149375 0.0 0.0 0.0 0.0 0.0 0.0 0.0 0.0 0.0 0.0 0.0 0.0 0.0 0.0 0.0 0.0 0.0 0.0 0.0 0.0 0.0 0.0 0.0 0.0 0.0 0.0 0.0 0.0 0.0 0.0 0.0 486.6629926 0.0 0.0 0.0 0.0 0.0 0.0 0.0 0.0 0.0 0.0 0.0 0.0 0.0 0.0 0.0 0.0 0.0 0.0 0.0 0.0 0.0 0.0 0.0 0.0 0.0 0.0 0.0 0.0 0.0 0.0 765.4184986 0.0 0.0 0.0 0.0 0.0 0.0 0.0 0.0 0.0 0.0 0.0 0.0 0.0 0.0 0.0 0.0 0.0 0.0 0.0 0.0 0.0 0.0 0.0 0.0 0.0 0.0 0.0 0.0 0.0 511.9776044 0.0 0.0 0.0 0.0 0.0 0.0 0.0 0.0 0.0 0.0 0.0 0.0 0.0 0.0 0.0 0.0 0.0 0.0 0.0 0.0 0.0 0.0 0.0 0.0 0.0 0.0 642.2966015 0.0 0.0 0.0 0.0 0.0 0.0 0.0 0.0 0.0 0.0 0.0 0.0 0.0 0.0 0.0 0.0 0.0 0.0 0.0 0.0 0.0 0.0 0.0 0.0 0.0 456.3298251 0.0 0.0 0.0 0.0 0.0 0.0 0.0 0.0 0.0 0.0 0.0 0.0 0.0 0.0 0.0 0.0 0.0 0.0 0.0 0.0 0.0 0.0 0.0 0.0 0.0 0.0 0.0 0.0 0.0 0.0 582.8119496 0.0 0.0 0.0 0.0 0.0 0.0 0.0 0.0 0.0 0.0 0.0 0.0 0.0 0.0 0.0 0.0 0.0 0.0 0.0 0.0 0.0 0.0 0.0 0.0 0.0 0.0 416.3965011 0.0 0.0 0.0 0.0 0.0 0.0 0.0 0.0 0.0 0.0 0.0 0.0 0.0 0.0 0.0 0.0 0.0 0.0 0.0 0.0 0.0 0.0 0.0 527.8065418 0.0 0.0 0.0 0.0 0.0 0.0 0.0 0.0 0.0 0.0 0.0 0.0 0.0 0.0 0.0 0.0 0.0 0.0 0.0 0.0 0.0 0.0 494.8627555 0.0 0.0 0.0 0.0 0.0 0.0 0.0 0.0 0.0 0.0 0.0 0.0 0.0 0.0 0.0 0.0 0.0 0.0 0.0 0.0 0.0 0.0 0.0 0.0 0.0 0.0 0.0 0.0 0.0 0.0 0.0 0.0 698.4506931 0.0 0.0 0.0 0.0 0.0 0.0 0.0 0.0 0.0 0.0 0.0 0.0 0.0 0.0 0.0 0.0 0.0 0.0 0.0 0.0 0.0 616.4567647 0.0 0.0 0.0 0.0 0.0 0.0 0.0 0.0 0.0 0.0 0.0 0.0 0.0 0.0 0.0 0.0 0.0 0.0 0.0 0.0 0.0 390.2871267 0.0 0.0 0.0 0.0 0.0 0.0 0.0 0.0 0.0 0.0 0.0 0.0 0.0 0.0 0.0 0.0 0.0 0.0 0.0 0.0 0.0 0.0 0.0 0.0 0.0 0.0 0.0 458.5382605 0.0 0.0 0.0 0.0 0.0 0.0 0.0 0.0 0.0 0.0 0.0 0.0 0.0 0.0 0.0 0.0 0.0 0.0 0.0 0.0 0.0 0.0 0.0 0.0 0.0 0.0 0.0 414.930745 0.0 0.0 0.0 0.0 0.0 0.0 0.0 0.0 0.0 0.0 0.0 0.0 0.0 0.0 0.0 0.0 0.0 0.0 0.0 0.0 0.0 0.0 412.5976205 0.0 0.0 0.0 0.0 0.0 0.0 0.0 0.0 0.0 0.0 0.0 0.0 0.0 0.0 0.0 0.0 0.0 0.0 0.0 0.0 0.0 0.0 0.0 0.0 0.0 0.0 0.0 495.0445776 0.0 0.0 0.0 0.0 0.0 0.0 0.0 0.0 0.0 0.0 0.0 0.0 0.0 0.0 0.0 0.0 0.0 0.0 0.0 0.0 0.0 0.0 0.0 0.0 0.0 0.0 0.0 0.0 0.0 423.1144457 0.0 0.0 0.0 0.0 0.0 0.0 0.0 0.0 0.0 0.0 0.0 0.0 0.0 0.0 0.0 0.0 0.0 0.0 0.0 0.0 0.0 0.0 380.2192089 0.0 0.0 0.0 0.0 0.0 0.0 0.0 0.0 0.0 0.0 0.0 0.0 0.0 0.0 0.0 0.0 0.0 0.0 0.0 0.0 0.0 0.0 0.0 0.0 0.0 0.0 0.0 0.0 0.0 0.0 0.0 0.0 0.0 432.7023236 0.0 0.0 0.0 0.0 0.0 0.0 0.0 0.0 0.0 0.0 0.0 0.0 0.0 0.0 0.0 0.0 0.0 0.0 0.0 0.0 0.0 0.0 0.0 0.0 445.4424488 0.0 0.0 0.0 0.0 0.0 0.0 0.0 0.0 0.0 0.0 0.0 0.0 0.0 0.0 0.0 0.0 0.0 0.0 0.0 0.0 0.0 0.0 0.0 0.0 0.0 0.0 0.0 0.0 0.0 441.4557771 0.0 0.0 0.0 0.0 0.0 0.0 0.0 0.0 0.0 0.0 0.0 0.0 0.0 0.0 0.0 0.0 0.0 0.0 265.4623288 0.0 0.0 0.0 0.0 0.0 0.0 0.0 0.0 0.0 0.0 0.0 0.0 0.0 0.0 0.0 0.0 0.0 0.0 0.0 0.0 0.0 0.0 0.0 307.6566109 0.0 0.0 0.0 0.0 0.0 0.0 0.0 0.0 0.0 0.0 0.0 0.0 0.0 0.0 0.0 0.0 0.0 0.0 0.0 0.0 0.0 0.0 0.0 272.0922859 0.0 0.0 0.0 0.0 0.0 0.0 0.0 0.0 0.0 0.0 0.0 0.0 0.0 0.0 0.0 0.0 0.0 0.0 0.0 0.0 0.0 0.0 0.0 0.0 0.0 0.0 0.0 284.3580006 0.0 0.0 0.0 0.0 0.0 0.0 0.0 0.0 0.0 0.0 0.0 0.0 0.0 0.0 0.0 0.0 0.0 0.0 0.0 0.0 0.0 0.0 0.0 0.0 0.0 0.0 353.8902428 0.0 0.0 0.0 0.0 0.0 0.0 0.0 0.0 0.0 0.0 0.0 0.0 0.0 0.0 0.0 0.0 0.0 0.0 0.0 0.0 0.0 0.0 0.0 0.0 0.0 0.0 280.2841704 0.0 0.0 0.0 0.0 0.0 0.0 0.0 0.0 0.0 0.0 0.0 0.0 0.0 0.0 0.0 0.0 0.0 0.0 0.0 0.0 0.0 0.0 0.0 0.0 0.0 0.0 0.0 0.0 0.0 0.0 234.1617656 0.0 0.0 0.0 0.0 0.0 0.0 0.0 0.0 0.0 0.0 0.0 0.0 0.0 0.0 0.0 0.0 0.0 0.0 0.0 37.28465716 0.0 0.0 0.0 0.0 33.83917198 0.0 0.0 0.0 0.0 0.0 0.0 0.0 0.0 0.0 0.0 0.0 0.0 0.0 0.0 0.0 0.0 0.0 0.0 0.0 0.0 0.0 0.0 28.33601264 28.91086928 0.0 0.0 24.36364936 0.0 0.0 0.0 0.0 0.0 27.06866596 0.0 24.09598117 0.0 0.0 0.0 0.0 0.0 0.0 0.0 0.0 0.0 0.0 0.0 0.0 0.0 0.0 0.0 0.0 0.0 0.0 0.0 0.0 0.0 0.0 0.0 25.68311311 0.0 0.0 0.0 24.10410887 0.0 0.0 0.0 0.0 0.0 0.0 0.0 0.0 0.0 0.0 0.0 0.0 0.0 0.0 0.0 0.0 0.0 0.0 0.0 0.0 0.0 23.87966878 0.0 0.0 0.0 21.97700033 0.0 0.0 0.0 0.0 0.0 0.0 0.0 0.0 0.0 0.0 0.0 0.0 0.0 0.0 0.0 0.0 0.0 0.0 0.0 0.0 0.0 0.0 19.87824469 21.94368718 0.0 0.0 0.0 0.0 19.33600884 20.24143058 0.0 0.0 0.0 19.33328923 0.0 17.12601439 0.0 0.0 0.0 0.0 18.61578923 0.0 0.0 0.0 0.0 0.0 0.0 0.0 0.0 0.0 0.0 0.0 0.0 0.0 0.0 0.0 0.0 0.0 0.0 0.0 0.0 0.0 0.0 0.0 0.0 0.0 0.0 16.5456908 0.0 0.0 0.0 0.0 0.0 0.0 14.57265312 16.60051881 0.0 0.0 0.0 0.0 15.80514771 0.0 0.0 0.0 0.0 0.0 0.0 0.0 0.0 0.0 0.0 0.0 0.0 0.0 13.17696665 0.0 0.0 0.0 0.0 0.0 0.0 0.0 0.0 0.0 0.0 0.0 0.0 0.0 0.0 0.0 0.0 0.0 0.0 0.0 12.77725655 0.0 0.0 0.0 0.0 0.0 0.0 0.0 0.0 0.0 0.0 11.71136178 0.0 0.0 0.0 0.0 0.0 0.0 0.0 0.0 0.0 0.0 0.0 0.0 0.0 0.0 10.00485209 0.0 0.0 0.0 0.0 10.81595681 0.0 8.812428866 0.0 0.0 0.0 0.0 0.0 0.0 0.0 0.0 0.0 0.0 0.0 0.0 0.0 0.0 0.0 0.0 0.0 0.0 0.0 0.0 0.0 0.0 0.0 0.0 0.0 0.0 0.0 0.0 0.0 0.0 8.06057443 9.731985262 7.547952903 0.0 0.0 0.0 0.0 6.882125908 0.0 0.0 0.0 0.0 0.0 0.0 0.0 0.0 0.0 0.0 0.0 0.0 0.0 0.0 0.0 0.0 0.0 4.797047462 3.416646712 0.0 0.0 0.0 0.0 0.0 0.0 0.0 0.0 0.0 0.0 0.0 0.0 0.0 0.0 0.0 0.0 0.0 4.248577181 6.123863704 0.0 0.0 0.0 0.0 0.0 0.0 0.0 0.0 0.0 0.0 0.0 0.0 0.0 0.0 0.0 0.0 0.0 0.0 0.0 0.0 0.0 0.0 0.0 0.0 0.0 0.0 0.0 0.0 0.0 0.0 0.0 0.0 0.0 0.0 0.0 0.0 0.0 0.0 0.0 0.0 0.0 0.0 0.0 0.0 0.0 0.0 0.0 0.0 0.0 0.0 0.0 0.0 0.0 0.0 0.0 0.0 0.0 0.0 0.0 0.0 0.0 0.0 0.0 0.0 0.0 0.0 0.0 0.0 0.0 0.0 0.0 0.0 0.0 0.0 0.0 0.0 0.0 0.0 0.0 0.0 0.0 0.0 0.0 0.0 0.0 0.0 0.0 0.0 0.0 0.0 0.0 0.0 0.0 0.0 0.0 0.0 0.0 0.0 0.0 0.0 0.0 0.0 0.0 0.0 0.0 0.0 0.0 0.0 0.0 0.0 0.0 0.0 0.0 0.0 0.0 0.0 0.0 0.0 0.0 0.0 0.0 0.0 0.0 0.0 0.0 0.0 0.0 0.0 0.0 0.0 0.0 0.0 0.0 0.0 0.0 0.0 0.0 0.0 0.0 0.0 0.0 0.0 0.0 0.0 0.0 0.0 0.0 0.0 0.0 0.0 0.0 0.0 
SCALARS εx´ float64 1
LOOKUP_TABLE default
0.0 0.0 0.0 0.0 0.0 0.0 0.0 0.0 0.0 0.0 0.0 0.0 0.0 0.0 0.0 0.0 0.0 0.0 0.0 0.0 0.0 0.0 0.0 0.0 0.0 0.0 0.0 0.0 0.0 0.0 0.0 0.0 0.0 0.0 0.0 0.0 0.0 0.0 0.0 0.0 0.0 0.0 0.0 0.0 0.0 0.0 0.0 0.0 0.0 0.0 0.0 0.0 0.0 0.0 0.0 0.0 0.0 0.0 0.0 0.0 0.0 0.0 0.0 0.0 0.0 0.0 0.0 0.0 0.0 0.0 0.0 0.0 0.0 0.0 0.0 0.0 0.0 0.0 0.002977014013 0.0 0.0 0.0 0.0 0.0 0.0 0.0 0.0 0.0 0.0 0.0 0.0 0.0 0.0 0.0 0.0 0.0 0.0 0.0 0.0 0.0 0.0 0.0 0.0 0.0 0.0 0.0 0.0 0.0 0.0 0.0 0.0 0.0 0.0 0.0 0.0 0.0 0.003651680768 0.0 0.0 0.0 0.0 0.0 0.0 0.0 0.0 0.0 0.0 0.0 0.0 0.0 0.0 0.0 0.0 0.0 0.0 0.0 0.0 0.0 0.0 0.0 0.0 0.0 0.0 0.0 0.0 0.0 0.00361894632 0.0 0.0 0.0 0.0 0.0 0.0 0.0 0.0 0.0 0.0 0.0 0.0 0.0 0.0 0.0 0.0 0.0 0.0 0.0 0.0 0.0 0.0 0.0 0.0 0.0 0.0 0.0 0.0 0.0 0.0 0.0 0.0 0.0 0.004364987451 0.0 0.0 0.0 0.0 0.0 0.0 0.0 0.0 0.0 0.0 0.0 0.0 0.0 0.0 0.0 0.0 0.0 0.0 0.0 0.0 0.0 0.0 0.0 0.0 0.0 0.0 0.0 0.0 0.003233787829 0.0 0.0 0.0 0.0 0.0 0.0 0.0 0.0 0.0 0.0 0.0 0.0 0.0 0.0 0.0 0.0 0.0 0.0 0.0 0.0 0.0 0.0 0.0 0.0 0.0 0.0 0.0 0.0 0.0 0.0 0.0 0.0 0.0 0.003082574687 0.0 0.0 0.0 0.0 0.0 0.0 0.0 0.0 0.0 0.0 0.0 0.0 0.0 0.0 0.0 0.0 0.0 0.0 0.0 0.0 0.0 0.0 0.0 0.0 0.0 0.0 0.0 0.0 0.0 0.0 0.0 0.002433314963 0.0 0.0 0.0 0.0 0.0 0.0 0.0 0.0 0.0 0.0 0.0 0.0 0.0 0.0 0.0 0.0 0.0 0.0 0.0 0.0 0.0 0.0 0.0 0.0 0.0 0.0 0.0 0.0 0.0 0.0 0.003827092493 0.0 0.0 0.0 0.0 0.0 0.0 0.0 0.0 0.0 0.0 0.0 0.0 0.0 0.0 0.0 0.0 0.0 0.0 0.0 0.0 0.0 0.0 0.0 0.0 0.0 0.0 0.0 0.0 0.0 0.002559888022 0.0 0.0 0.0 0.0 0.0 0.0 0.0 0.0 0.0 0.0 0.0 0.0 0.0 0.0 0.0 0.0 0.0 0.0 0.0 0.0 0.0 0.0 0.0 0.0 0.0 0.0 0.003211483007 0.0 0.0 0.0 0.0 0.0 0.0 0.0 0.0 0.0 0.0 0.0 0.0 0.0 0.0 0.0 0.0 0.0 0.0 0.0 0.0 0.0 0.0 0.0 0.0 0.0 0.002281649126 0.0 0.0 0.0 0.0 0.0 0.0 0.0 0.0 0.0 0.0 0.0 0.0 0.0 0.0 0.0 0.0 0.0 0.0 0.0 0.0 0.0 0.0 0.0 0.0 0.0 0.0 0.0 0.0 0.0 0.0 0.002914059748 0.0 0.0 0.0 0.0 0.0 0.0 0.0 0.0 0.0 0.0 0.0 0.0 0.0 0.0 0.0 0.0 0.0 0.0 0.0 0.0 0.0 0.0 0.0 0.0 0.0 0.0 0.002081982505 0.0 0.0 0.0 0.0 0.0 0.0 0.0 0.0 0.0 0.0 0.0 0.0 0.0 0.0 0.0 0.0 0.0 0.0 0.0 0.0 0.0 0.0 0.0 0.002639032709 0.0 0.0 0.0 0.0 0.0 0.0 0.0 0.0 0.0 0.0 0.0 0.0 0.0 0.0 0.0 0.0 0.0 0.0 0.0 0.0 0.0 0.0 0.002474313778 0.0 0.0 0.0 0.0 0.0 0.0 0.0 0.0 0.0 0.0 0.0 0.0 0.0 0.0 0.0 0.0 0.0 0.0 0.0 0.0 0.0 0.0 0.0 0.0 0.0 0.0 0.0 0.0 0.0 0.0 0.0 0.0 0.003492253465 0.0 0.0 0.0 0.0 0.0 0.0 0.0 0.0 0.0 0.0 0.0 0.0 0.0 0.0 0.0 0.0 0.0 0.0 0.0 0.0 0.0 0.003082283823 0.0 0.0 0.0 0.0 0.0 0.0 0.0 0.0 0.0 0.0 0.0 0.0 0.0 0.0 0.0 0.0 0.0 0.0 0.0 0.0 0.0 0.001951435633 0.0 0.0 0.0 0.0 0.0 0.0 0.0 0.0 0.0 0.0 0.0 0.0 0.0 0.0 0.0 0.0 0.0 0.0 0.0 0.0 0.0 0.0 0.0 0.0 0.0 0.0 0.0 0.002292691303 0.0 0.0 0.0 0.0 0.0 0.0 0.0 0.0 0.0 0.0 0.0 0.0 0.0 0.0 0.0 0.0 0.0 0.0 0.0 0.0 0.0 0.0 0.0 0.0 0.0 0.0 0.0 0.002074653725 0.0 0.0 0.0 0.0 0.0 0.0 0.0 0.0 0.0 0.0 0.0 0.0 0.0 0.0 0.0 0.0 0.0 0.0 0.0 0.0 0.0 0.0 0.002062988103 0.0 0.0 0.0 0.0 0.0 0.0 0.0 0.0 0.0 0.0 0.0 0.0 0.0 0.0 0.0 0.0 0.0 0.0 0.0 0.0 0.0 0.0 0.0 0.0 0.0 0.0 0.0 0.002475222888 0.0 0.0 0.0 0.0 0.0 0.0 0.0 0.0 0.0 0.0 0.0 0.0 0.0 0.0 0.0 0.0 0.0 0.0 0.0 0.0 0.0 0.0 0.0 0.0 0.0 0.0 0.0 0.0 0.0 0.002115572229 0.0 0.0 0.0 0.0 0.0 0.0 0.0 0.0 0.0 0.0 0.0 0.0 0.0 0.0 0.0 0.0 0.0 0.0 0.0 0.0 0.0 0.0 0.001901096044 0.0 0.0 0.0 0.0 0.0 0.0 0.0 0.0 0.0 0.0 0.0 0.0 0.0 0.0 0.0 0.0 0.0 0.0 0.0 0.0 0.0 0.0 0.0 0.0 0.0 0.0 0.0 0.0 0.0 0.0 0.0 0.0 0.0 0.002163511618 0.0 0.0 0.0 0.0 0.0 0.0 0.0 0.0 0.0 0.0 0.0 0.0 0.0 0.0 0.0 0.0 0.0 0.0 0.0 0.0 0.0 0.0 0.0 0.0 0.002227212244 0.0 0.0 0.0 0.0 0.0 0.0 0.0 0.0 0.0 0.0 0.0 0.0 0.0 0.0 0.0 0.0 0.0 0.0 0.0 0.0 0.0 0.0 0.0 0.0 0.0 0.0 0.0 0.0 0.0 0.002207278885 0.0 0.0 0.0 0.0 0.0 0.0 0.0 0.0 0.0 0.0 0.0 0.0 0.0 0.0 0.0 0.0 0.0 0.0 0.001327311644 0.0 0.0 0.0 0.0 0.0 0.0 0.0 0.0 0.0 0.0 0.0 0.0 0.0 0.0 0.0 0.0 0.0 0.0 0.0 0.0 0.0 0.0 0.0 0.001538283054 0.0 0.0 0.0 0.0 0.0 0.0 0.0 0.0 0.0 0.0 0.0 0.0 0.0 0.0 0.0 0.0 0.0 0.0 0.0 0.0 0.0 0.0 0.0 0.001360461429 0.0 0.0 0.0 0.0 0.0 0.0 0.0 0.0 0.0 0.0 0.0 0.0 0.0 0.0 0.0 0.0 0.0 0.0 0.0 0.0 0.0 0.0 0.0 0.0 0.0 0.0 0.0 0.001421790003 0.0 0.0 0.0 0.0 0.0 0.0 0.0 0.0 0.0 0.0 0.0 0.0 0.0 0.0 0.0 0.0 0.0 0.0 0.0 0.0 0.0 0.0 0.0 0.0 0.0 0.0 0.001769451214 0.0 0.0 0.0 0.0 0.0 0.0 0.0 0.0 0.0 0.0 0.0 0.0 0.0 0.0 0.0 0.0 0.0 0.0 0.0 0.0 0.0 0.0 0.0 0.0 0.0 0.0 0.001401420852 0.0 0.0 0.0 0.0 0.0 0.0 0.0 0.0 0.0 0.0 0.0 0.0 0.0 0.0 0.0 0.0 0.0 0.0 0.0 0.0 0.0 0.0 0.0 0.0 0.0 0.0 0.0 0.0 0.0 0.0 0.001170808828 0.0 0.0 0.0 0.0 0.0 0.0 0.0 0.0 0.0 0.0 0.0 0.0 0.0 0.0 0.0 0.0 0.0 0.0 0.0 0.0001864232858 0.0 0.0 0.0 0.0 0.0001691958599 0.0 0.0 0.0 0.0 0.0 0.0 0.0 0.0 0.0 0.0 0.0 0.0 0.0 0.0 0.0 0.0 0.0 0.0 0.0 0.0 0.0 0.0 0.0001416800632 0.0001445543464 0.0 0.0 0.0001218182468 0.0 0.0 0.0 0.0 0.0 0.0001353433298 0.0 0.0001204799058 0.0 0.0 0.0 0.0 0.0 0.0 0.0 0.0 0.0 0.0 0.0 0.0 0.0 0.0 0.0 0.0 0.0 0.0 0.0 0.0 0.0 0.0 0.0 0.0001284155656 0.0 0.0 0.0 0.0001205205444 0.0 0.0 0.0 0.0 0.0 0.0 0.0 0.0 0.0 0.0 0.0 0.0 0.0 0.0 0.0 0.0 0.0 0.0 0.0 0.0 0.0 0.0001193983439 0.0 0.0 0.0 0.0001098850016 0.0 0.0 0.0 0.0 0.0 0.0 0.0 0.0 0.0 0.0 0.0 0.0 0.0 0.0 0.0 0.0 0.0 0.0 0.0 0.0 0.0 0.0 9.939122344e-05 0.0001097184359 0.0 0.0 0.0 0.0 9.668004422e-05 0.0001012071529 0.0 0.0 0.0 9.666644617e-05 0.0 8.563007195e-05 0.0 0.0 0.0 0.0 9.307894614e-05 0.0 0.0 0.0 0.0 0.0 0.0 0.0 0.0 0.0 0.0 0.0 0.0 0.0 0.0 0.0 0.0 0.0 0.0 0.0 0.0 0.0 0.0 0.0 0.0 0.0 0.0 8.2728454e-05 0.0 0.0 0.0 0.0 0.0 0.0 7.28632656e-05 8.300259406e-05 0.0 0.0 0.0 0.0 7.902573856e-05 0.0 0.0 0.0 0.0 0.0 0.0 0.0 0.0 0.0 0.0 0.0 0.0 0.0 6.588483326e-05 0.0 0.0 0.0 0.0 0.0 0.0 0.0 0.0 0.0 0.0 0.0 0.0 0.0 0.0 0.0 0.0 0.0 0.0 0.0 6.388628277e-05 0.0 0.0 0.0 0.0 0.0 0.0 0.0 0.0 0.0 0.0 5.855680889e-05 0.0 0.0 0.0 0.0 0.0 0.0 0.0 0.0 0.0 0.0 0.0 0.0 0.0 0.0 5.002426046e-05 0.0 0.0 0.0 0.0 5.407978403e-05 0.0 4.406214433e-05 0.0 0.0 0.0 0.0 0.0 0.0 0.0 0.0 0.0 0.0 0.0 0.0 0.0 0.0 0.0 0.0 0.0 0.0 0.0 0.0 0.0 0.0 0.0 0.0 0.0 0.0 0.0 0.0 0.0 0.0 4.030287215e-05 4.865992631e-05 3.773976452e-05 0.0 0.0 0.0 0.0 3.441062954e-05 0.0 0.0 0.0 0.0 0.0 0.0 0.0 0.0 0.0 0.0 0.0 0.0 0.0 0.0 0.0 0.0 0.0 2.398523731e-05 1.708323356e-05 0.0 0.0 0.0 0.0 0.0 0.0 0.0 0.0 0.0 0.0 0.0 0.0 0.0 0.0 0.0 0.0 0.0 2.12428859e-05 3.061931852e-05 0.0 0.0 0.0 0.0 0.0 0.0 0.0 0.0 0.0 0.0 0.0 0.0 0.0 0.0 0.0 0.0 0.0 0.0 0.0 0.0 0.0 0.0 0.0 0.0 0.0 0.0 0.0 0.0 0.0 0.0 0.0 0.0 0.0 0.0 0.0 0.0 0.0 0.0 0.0 0.0 0.0 0.0 0.0 0.0 0.0 0.0 0.0 0.0 0.0 0.0 0.0 0.0 0.0 0.0 0.0 0.0 0.0 0.0 0.0 0.0 0.0 0.0 0.0 0.0 0.0 0.0 0.0 0.0 0.0 0.0 0.0 0.0 0.0 0.0 0.0 0.0 0.0 0.0 0.0 0.0 0.0 0.0 0.0 0.0 0.0 0.0 0.0 0.0 0.0 0.0 0.0 0.0 0.0 0.0 0.0 0.0 0.0 0.0 0.0 0.0 0.0 0.0 0.0 0.0 0.0 0.0 0.0 0.0 0.0 0.0 0.0 0.0 0.0 0.0 0.0 0.0 0.0 0.0 0.0 0.0 0.0 0.0 0.0 0.0 0.0 0.0 0.0 0.0 0.0 0.0 0.0 0.0 0.0 0.0 0.0 0.0 0.0 0.0 0.0 0.0 0.0 0.0 0.0 0.0 0.0 0.0 0.0 0.0 0.0 0.0 0.0 0.0 
SCALARS elem-id int 1
LOOKUP_TABLE default
1 2 3 4 5 6 7 8 9 10 11 12 13 14 15 16 17 18 19 20 21 22 23 24 25 26 27 28 29 30 31 32 33 34 35 36 37 38 39 40 41 42 43 44 45 46 47 48 49 50 51 52 53 54 55 56 57 58 59 60 61 62 63 64 65 66 67 68 69 70 71 72 73 74 75 76 77 78 79 80 81 82 83 84 85 86 87 88 89 90 91 92 93 94 95 96 97 98 99 100 101 102 103 104 105 106 107 108 109 110 111 112 113 114 115 116 117 118 119 120 121 122 123 124 125 126 127 128 129 130 131 132 133 134 135 136 137 138 139 140 141 142 143 144 145 146 147 148 149 150 151 152 153 154 155 156 157 158 159 160 161 162 163 164 165 166 167 168 169 170 171 172 173 174 175 176 177 178 179 180 181 182 183 184 185 186 187 188 189 190 191 192 193 194 195 196 197 198 199 200 201 202 203 204 205 206 207 208 209 210 211 212 213 214 215 216 217 218 219 220 221 222 223 224 225 226 227 228 229 230 231 232 233 234 235 236 237 238 239 240 241 242 243 244 245 246 247 248 249 250 251 252 253 254 255 256 257 258 259 260 261 262 263 264 265 266 267 268 269 270 271 272 273 274 275 276 277 278 279 280 281 282 283 284 285 286 287 288 289 290 291 292 293 294 295 296 297 298 299 300 301 302 303 304 305 306 307 308 309 310 311 312 313 314 315 316 317 318 319 320 321 322 323 324 325 326 327 328 329 330 331 332 333 334 335 336 337 338 339 340 341 342 343 344 345 346 347 348 349 350 351 352 353 354 355 356 357 358 359 360 361 362 363 364 365 366 367 368 369 370 371 372 373 374 375 376 377 378 379 380 381 382 383 384 385 386 387 388 389 390 391 392 393 394 395 396 397 398 399 400 401 402 403 404 405 406 407 408 409 410 411 412 413 414 415 416 417 418 419 420 421 422 423 424 425 426 427 428 429 430 431 432 433 434 435 436 437 438 439 440 441 442 443 444 445 446 447 448 449 450 451 452 453 454 455 456 457 458 459 460 461 462 463 464 465 466 467 468 469 470 471 472 473 474 475 476 477 478 479 480 481 482 483 484 485 486 487 488 489 490 491 492 493 494 495 496 497 498 499 500 501 502 503 504 505 506 507 508 509 510 511 512 513 514 515 516 517 518 519 520 521 522 523 524 525 526 527 528 529 530 531 532 533 534 535 536 537 538 539 540 541 542 543 544 545 546 547 548 549 550 551 552 553 554 555 556 557 558 559 560 561 562 563 564 565 566 567 568 569 570 571 572 573 574 575 576 577 578 579 580 581 582 583 584 585 586 587 588 589 590 591 592 593 594 595 596 597 598 599 600 601 602 603 604 605 606 607 608 609 610 611 612 613 614 615 616 617 618 619 620 621 622 623 624 625 626 627 628 629 630 631 632 633 634 635 636 637 638 639 640 641 642 643 644 645 646 647 648 649 650 651 652 653 654 655 656 657 658 659 660 661 662 663 664 665 666 667 668 669 670 671 672 673 674 675 676 677 678 679 680 681 682 683 684 685 686 687 688 689 690 691 692 693 694 695 696 697 698 699 700 701 702 703 704 705 706 707 708 709 710 711 712 713 714 715 716 717 718 719 720 721 722 723 724 725 726 727 728 729 730 731 732 733 734 735 736 737 738 739 740 741 742 743 744 745 746 747 748 749 750 751 752 753 754 755 756 757 758 759 760 761 762 763 764 765 766 767 768 769 770 771 772 773 774 775 776 777 778 779 780 781 782 783 784 785 786 787 788 789 790 791 792 793 794 795 796 797 798 799 800 801 802 803 804 805 806 807 808 809 810 811 812 813 814 815 816 817 818 819 820 821 822 823 824 825 826 827 828 829 830 831 832 833 834 835 836 837 838 839 840 841 842 843 844 845 846 847 848 849 850 851 852 853 854 855 856 857 858 859 860 861 862 863 864 865 866 867 868 869 870 871 872 873 874 875 876 877 878 879 880 881 882 883 884 885 886 887 888 889 890 891 892 893 894 895 896 897 898 899 900 901 902 903 904 905 906 907 908 909 910 911 912 913 914 915 916 917 918 919 920 921 922 923 924 925 926 927 928 929 930 931 932 933 934 935 936 937 938 939 940 941 942 943 944 945 946 947 948 949 950 951 952 953 954 955 956 957 958 959 960 961 962 963 964 965 966 967 968 969 970 971 972 973 974 975 976 977 978 979 980 981 982 983 984 985 986 987 988 989 990 991 992 993 994 995 996 997 998 999 1000 1001 1002 1003 1004 1005 1006 1007 1008 1009 1010 1011 1012 1013 1014 1015 1016 1017 1018 1019 1020 1021 1022 1023 1024 1025 1026 1027 1028 1029 1030 1031 1032 1033 1034 1035 1036 1037 1038 1039 1040 1041 1042 1043 1044 1045 1046 1047 1048 1049 1050 1051 1052 1053 1054 1055 1056 1057 1058 1059 1060 1061 1062 1063 1064 1065 1066 1067 1068 1069 1070 1071 1072 1073 1074 1075 1076 1077 1078 1079 1080 1081 1082 1083 1084 1085 1086 1087 1088 1089 1090 1091 1092 1093 1094 1095 1096 1097 1098 1099 1100 1101 1102 1103 1104 1105 1106 1107 1108 1109 1110 1111 1112 1113 1114 1115 1116 1117 1118 1119 1120 1121 1122 1123 1124 1125 1126 1127 1128 1129 1130 1131 1132 1133 1134 1135 1136 1137 1138 1139 1140 1141 1142 1143 1144 1145 1146 1147 1148 1149 1150 1151 1152 1153 1154 1155 1156 1157 1158 1159 1160 1161 1162 1163 1164 1165 1166 1167 1168 1169 1170 1171 1172 1173 1174 1175 1176 1177 1178 1179 1180 1181 1182 1183 1184 1185 1186 1187 1188 1189 1190 1191 1192 1193 1194 1195 1196 1197 1198 1199 1200 1201 1202 1203 1204 1205 1206 1207 1208 1209 1210 1211 1212 1213 1214 1215 1216 1217 1218 1219 1220 1221 1222 1223 1224 1225 1226 1227 1228 1229 1230 1231 1232 1233 1234 1235 1236 1237 1238 1239 1240 1241 1242 1243 1244 1245 1246 1247 1248 1249 1250 1251 1252 1253 1254 1255 1256 1257 1258 1259 1260 1261 1262 1263 1264 1265 1266 1267 1268 1269 1270 1271 1272 1273 1274 1275 1276 1277 1278 1279 1280 1281 1282 1283 1284 1285 1286 1287 1288 1289 1290 1291 1292 1293 1294 1295 1296 1297 1298 1299 1300 1301 1302 1303 1304 1305 1306 1307 1308 1309 1310 1311 1312 1313 1314 1315 1316 1317 1318 1319 1320 1321 1322 1323 1324 1325 1326 1327 1328 1329 1330 1331 1332 1333 1334 1335 1336 1337 1338 1339 1340 1341 1342 1343 1344 1345 1346 1347 1348 1349 1350 1351 1352 1353 1354 1355 1356 1357 1358 1359 1360 1361 1362 1363 1364 1365 1366 1367 1368 1369 1370 1371 1372 1373 1374 1375 1376 1377 1378 1379 1380 1381 1382 1383 1384 1385 1386 1387 1388 1389 1390 1391 1392 1393 1394 1395 1396 1397 1398 1399 1400 1401 1402 1403 1404 1405 1406 1407 1408 1409 1410 1411 1412 1413 1414 1415 1416 1417 1418 1419 1420 1421 1422 1423 1424 1425 1426 1427 1428 1429 1430 1431 1432 1433 1434 1435 1436 1437 1438 1439 1440 1441 1442 1443 1444 1445 1446 1447 1448 1449 1450 1451 1452 1453 1454 1455 1456 1457 1458 1459 1460 1461 1462 1463 1464 1465 1466 1467 1468 1469 1470 1471 1472 1473 1474 1475 1476 1477 1478 1479 1480 1481 1482 1483 1484 1485 1486 1487 1488 1489 1490 1491 
SCALARS cell-type int 1
LOOKUP_TABLE default
5 2 5 2 5 2 2 5 2 5 2 5 2 2 2 2 5 2 5 5 2 5 2 5 2 5 2 5 2 5 2 5 2 5 2 5 2 2 5 2 5 5 2 5 2 5 2 5 2 5 2 2 5 2 5 2 2 5 2 2 2 5 2 2 5 2 5 2 2 2 2 5 2 5 2 2 2 5 21 5 2 5 2 2 5 2 5 2 5 2 2 5 2 5 2 5 2 2 5 2 5 2 2 5 2 5 2 5 2 5 2 5 2 5 2 5 21 2 5 2 2 5 2 2 5 2 2 2 5 2 2 5 2 2 2 5 2 2 5 2 2 5 2 5 2 5 21 2 5 2 5 2 2 5 2 5 2 5 2 2 5 2 2 5 2 5 2 5 2 2 5 2 5 2 5 2 2 5 2 2 21 5 5 2 5 2 2 5 2 2 5 2 5 2 5 2 2 5 2 2 2 2 2 2 5 2 5 2 2 21 5 2 2 5 2 5 2 5 2 2 5 2 2 5 2 5 2 2 5 2 5 2 2 5 2 5 2 5 2 5 2 5 2 21 5 2 5 2 2 5 2 2 5 2 5 2 5 2 2 5 2 5 2 2 5 2 2 5 2 5 2 2 5 2 2 21 5 2 2 5 2 5 2 2 5 2 2 5 5 2 2 2 2 5 2 2 5 2 5 2 5 2 5 2 5 2 21 5 2 2 5 2 5 2 5 2 5 2 2 5 2 2 5 2 2 5 2 2 5 2 2 5 2 5 2 2 21 5 2 2 2 2 5 5 2 5 2 5 2 5 2 5 2 5 2 2 2 2 5 2 2 5 2 21 5 2 5 2 5 2 5 2 5 2 2 5 2 2 2 2 5 2 2 5 2 2 5 2 2 21 5 2 2 2 5 5 2 5 2 5 2 5 2 5 2 5 2 5 2 5 2 5 2 2 2 5 2 2 5 2 21 5 2 5 2 5 2 5 2 2 5 2 2 2 2 5 2 5 2 2 2 5 2 5 2 5 2 21 5 2 2 2 5 2 5 2 5 2 5 2 5 2 2 5 2 2 5 2 2 5 2 21 5 5 2 2 5 2 5 2 2 5 2 2 2 2 2 2 5 2 2 5 2 5 21 2 5 5 2 5 2 5 2 2 5 2 5 2 5 2 5 2 5 2 5 2 5 2 2 5 2 2 5 2 2 5 2 21 5 2 2 5 2 2 5 2 2 2 5 2 5 2 2 2 2 5 2 5 2 21 5 5 2 5 2 5 2 5 2 2 5 2 2 2 5 2 2 5 2 2 2 21 5 5 2 5 2 2 2 5 2 2 5 2 2 5 2 5 2 5 2 5 2 5 2 2 5 2 5 21 2 5 2 2 5 2 5 2 2 5 2 5 2 5 2 5 2 2 5 2 2 2 5 2 2 5 2 21 5 2 5 2 2 2 2 2 5 2 5 2 5 2 5 2 5 2 2 5 2 2 21 2 5 5 2 5 2 5 5 2 2 5 2 5 2 5 2 2 5 2 2 5 2 2 2 2 2 2 21 5 5 2 2 5 2 2 2 2 5 2 5 2 5 2 5 2 5 2 5 2 5 2 5 2 2 2 5 2 21 5 2 5 2 5 2 5 2 5 2 2 5 5 2 2 5 2 2 2 2 2 2 21 5 5 2 2 5 2 5 2 2 5 5 2 5 2 2 5 2 5 2 5 2 5 2 5 2 5 2 2 5 2 2 5 2 21 2 5 2 2 2 5 2 2 5 2 5 5 2 2 5 2 2 2 5 2 5 2 2 2 21 5 5 2 2 5 2 5 2 2 5 2 5 2 2 5 2 5 2 5 2 5 2 5 2 2 5 2 2 2 21 5 2 2 2 5 2 2 5 2 5 5 2 2 5 2 2 2 2 21 5 2 2 2 5 5 2 5 2 5 2 5 2 2 5 2 5 2 5 2 2 5 2 21 2 5 2 5 2 5 2 2 2 2 2 5 2 2 5 2 5 2 5 2 5 2 2 21 5 2 5 2 2 5 5 2 5 2 5 2 5 2 5 2 5 2 2 5 2 5 2 2 5 2 2 21 2 5 2 2 5 2 2 5 2 2 5 2 2 2 2 5 2 5 2 5 2 5 2 5 2 2 21 5 5 2 5 2 5 2 2 2 2 5 2 5 2 5 2 5 2 5 2 2 5 2 2 2 2 21 5 2 5 5 2 2 5 2 2 5 2 2 5 2 2 2 5 2 5 2 5 2 5 2 5 2 5 2 5 2 21 2 5 2 2 2 2 5 2 5 2 5 2 5 2 2 2 2 5 5 21 2 5 5 2 21 5 5 5 2 2 2 5 5 5 5 5 5 5 5 5 5 5 5 5 2 5 2 21 21 5 2 21 5 5 5 5 2 21 2 21 5 5 5 5 5 5 5 5 5 5 5 5 5 5 5 5 5 5 5 5 5 5 2 21 5 5 2 21 5 5 5 5 5 5 5 5 5 5 5 5 5 5 5 5 5 5 5 5 2 21 5 5 2 21 5 5 5 5 5 5 5 5 5 5 5 5 5 5 5 5 5 5 2 5 5 2 21 21 2 5 5 2 21 21 5 5 2 21 2 21 5 5 5 2 21 5 5 5 5 5 5 5 5 5 5 5 5 5 5 5 5 5 5 5 5 5 5 5 5 5 2 21 5 2 5 5 2 5 21 21 5 5 5 5 21 2 5 5 5 5 5 5 5 5 5 5 5 2 21 5 5 5 5 5 5 5 5 5 5 5 5 5 5 5 5 5 5 2 21 5 5 5 5 5 5 5 5 5 2 21 5 5 5 5 5 5 5 5 5 5 5 5 5 5 21 2 5 5 2 21 2 21 5 5 5 5 5 5 5 5 5 5 5 5 5 5 5 5 5 5 5 5 5 5 5 5 5 2 2 5 5 5 21 21 21 2 5 5 2 21 5 5 5 5 5 5 5 5 5 5 5 5 5 5 5 5 2 21 21 2 5 5 5 5 5 5 5 5 5 5 5 5 2 5 2 5 21 21 5 5 5 5 5 5 5 5 5 5 5 5 5 5 5 5 5 5 5 5 5 5 5 5 5 5 5 5 5 5 5 5 5 5 5 5 5 5 5 5 5 5 5 5 5 5 5 5 5 5 5 5 5 5 5 5 5 5 5 5 5 5 5 5 5 5 5 5 5 5 5 5 5 5 5 5 5 5 5 5 5 5 5 5 5 5 5 5 5 5 5 5 5 5 5 5 5 5 5 5 5 5 5 5 5 5 5 5 5 5 5 5 5 5 5 5 5 5 5 5 5 5 5 5 5 5 5 5 5 5 5 5 5 5 5 5 5 5 5 5 5 5 5 5 5 5 5 5 5 5 5 5 
SCALARS interface-data int 5
LOOKUP_TABLE default
0 0 0 0 0 2 3 4 1 3 0 0 0 0 0 2 3 4 3 5 0 0 0 0 0 2 3 4 3 12 2 3 4 1 8 0 0 0 0 0 2 3 4 10 8 0 0 0 0 0 2 3 4 5 20 0 0 0 0 0 2 3 4 12 24 2 3 4 12 30 2 3 4 10 17 2 3 4 8 34 0 0 0 0 0 2 3 4 17 19 0 0 0 0 0 0 0 0 0 0 2 3 4 20 22 0 0 0 0 0 2 3 4 26 20 0 0 0 0 0 2 3 4 24 26 0 0 0 0 0 2 3 4 28 24 0 0 0 0 0 2 3 4 28 32 0 0 0 0 0 2 3 4 30 32 0 0 0 0 0 2 3 4 30 36 0 0 0 0 0 2 3 4 34 36 0 0 0 0 0 2 3 4 17 39 2 3 4 39 34 0 0 0 0 0 2 3 4 19 41 0 0 0 0 0 0 0 0 0 0 2 3 4 42 44 0 0 0 0 0 2 3 4 46 44 0 0 0 0 0 2 3 4 48 46 0 0 0 0 0 2 3 4 50 48 0 0 0 0 0 2 3 4 53 50 2 3 4 22 53 0 0 0 0 0 2 3 4 26 55 0 0 0 0 0 2 3 4 55 58 2 3 4 28 58 0 0 0 0 0 2 3 4 32 80 2 3 4 36 85 2 3 4 62 39 0 0 0 0 0 2 3 4 62 65 2 3 4 41 65 0 0 0 0 0 2 3 4 67 42 0 0 0 0 0 2 3 4 78 67 2 3 4 44 96 2 3 4 48 72 2 3 4 53 74 0 0 0 0 0 2 3 4 74 72 0 0 0 0 0 2 3 4 55 106 2 3 4 58 110 3 2 0 78 79 0 0 0 0 0 0 0 0 0 0 0 0 0 0 0 2 3 4 80 82 0 0 0 0 0 2 3 4 114 82 2 3 4 80 87 0 0 0 0 0 2 3 4 85 87 0 0 0 0 0 2 3 4 85 89 0 0 0 0 0 2 3 4 92 89 2 3 4 62 92 0 0 0 0 0 2 3 4 65 94 0 0 0 0 0 2 3 4 78 119 0 0 0 0 0 2 3 4 99 96 2 3 4 67 99 0 0 0 0 0 2 3 4 96 101 0 0 0 0 0 2 3 4 101 104 2 3 4 72 104 0 0 0 0 0 2 3 4 108 74 0 0 0 0 0 2 3 4 106 108 0 0 0 0 0 2 3 4 106 112 0 0 0 0 0 2 3 4 110 112 0 0 0 0 0 2 3 4 110 116 0 0 0 0 0 2 3 4 116 114 0 0 0 0 0 0 0 0 0 0 3 2 0 119 117 0 0 0 0 0 2 3 4 114 142 2 3 4 82 122 0 0 0 0 0 2 3 4 125 122 2 3 4 87 125 0 0 0 0 0 2 3 4 89 156 2 3 4 92 129 2 3 4 94 129 0 0 0 0 0 2 3 4 119 149 2 3 4 132 99 0 0 0 0 0 2 3 4 149 132 2 3 4 101 166 2 3 4 104 136 0 0 0 0 0 2 3 4 139 136 2 3 4 108 139 0 0 0 0 0 2 3 4 112 173 2 3 4 116 144 0 0 0 0 0 2 3 4 142 146 0 0 0 0 0 2 3 4 146 144 0 0 0 0 0 0 0 0 0 0 3 2 0 149 147 0 0 0 0 0 2 3 4 151 142 0 0 0 0 0 2 3 4 151 154 2 3 4 122 154 0 0 0 0 0 2 3 4 125 158 0 0 0 0 0 2 3 4 156 158 0 0 0 0 0 2 3 4 193 156 2 3 4 129 161 0 0 0 0 0 2 3 4 149 182 2 3 4 132 164 0 0 0 0 0 2 3 4 164 168 0 0 0 0 0 2 3 4 168 166 0 0 0 0 0 2 3 4 166 171 2 3 4 136 171 0 0 0 0 0 2 3 4 139 175 0 0 0 0 0 2 3 4 173 175 0 0 0 0 0 2 3 4 173 178 2 3 4 144 178 0 0 0 0 0 2 3 4 183 146 3 2 0 182 181 0 0 0 0 0 0 0 0 0 0 0 0 0 0 0 2 3 4 183 185 0 0 0 0 0 2 3 4 185 188 2 3 4 151 188 0 0 0 0 0 2 3 4 154 216 2 3 4 158 191 0 0 0 0 0 2 3 4 191 195 0 0 0 0 0 2 3 4 193 195 0 0 0 0 0 2 3 4 193 198 2 3 4 161 198 0 0 0 0 0 2 3 4 182 211 2 3 4 211 164 2 3 4 168 226 2 3 4 171 229 2 3 4 175 205 2 3 4 178 207 0 0 0 0 0 2 3 4 207 205 0 0 0 0 0 2 3 4 183 236 3 2 0 211 210 0 0 0 0 0 0 0 0 0 0 2 3 4 185 240 2 3 4 188 214 0 0 0 0 0 2 3 4 214 218 0 0 0 0 0 2 3 4 216 218 0 0 0 0 0 2 3 4 216 221 2 3 4 191 221 0 0 0 0 0 2 3 4 195 255 2 3 4 198 224 0 0 0 0 0 2 3 4 211 245 0 0 0 0 0 2 3 4 262 226 2 3 4 226 231 0 0 0 0 0 2 3 4 229 231 0 0 0 0 0 2 3 4 234 229 2 3 4 205 234 0 0 0 0 0 2 3 4 238 207 0 0 0 0 0 2 3 4 236 238 0 0 0 0 0 2 3 4 242 236 0 0 0 0 0 2 3 4 240 242 0 0 0 0 0 3 2 0 245 244 0 0 0 0 0 0 0 0 0 0 2 3 4 247 240 0 0 0 0 0 2 3 4 247 250 2 3 4 214 250 0 0 0 0 0 2 3 4 218 280 2 3 4 221 253 0 0 0 0 0 2 3 4 253 257 0 0 0 0 0 2 3 4 255 257 0 0 0 0 0 2 3 4 255 260 2 3 4 224 260 0 0 0 0 0 2 3 4 245 277 0 0 0 0 0 2 3 4 277 262 2 3 4 262 265 0 0 0 0 0 2 3 4 265 268 2 3 4 231 268 0 0 0 0 0 2 3 4 234 270 0 0 0 0 0 2 3 4 273 270 2 3 4 238 273 0 0 0 0 0 2 3 4 242 299 3 2 0 277 276 0 0 0 0 0 0 0 0 0 0 2 3 4 247 289 2 3 4 250 282 0 0 0 0 0 2 3 4 280 282 0 0 0 0 0 2 3 4 285 280 2 3 4 253 285 0 0 0 0 0 2 3 4 257 315 2 3 4 260 288 0 0 0 0 0 0 0 0 0 0 2 3 4 289 303 2 3 4 277 308 2 3 4 265 323 2 3 4 268 294 0 0 0 0 0 2 3 4 294 297 2 3 4 270 297 0 0 0 0 0 2 3 4 273 301 0 0 0 0 0 2 3 4 299 301 0 0 0 0 0 2 3 4 305 299 0 0 0 0 0 2 3 4 305 303 0 0 0 0 0 3 2 0 308 307 0 0 0 0 0 0 0 0 0 0 2 3 4 289 311 2 3 4 282 311 0 0 0 0 0 2 3 4 285 313 0 0 0 0 0 2 3 4 313 317 0 0 0 0 0 2 3 4 315 317 0 0 0 0 0 2 3 4 315 320 2 3 4 288 320 0 0 0 0 0 2 3 4 303 348 2 3 4 308 338 0 0 0 0 0 2 3 4 338 323 2 3 4 323 326 0 0 0 0 0 2 3 4 326 329 2 3 4 294 329 0 0 0 0 0 2 3 4 297 332 2 3 4 301 334 0 0 0 0 0 2 3 4 334 332 0 0 0 0 0 2 3 4 305 344 3 2 0 338 337 0 0 0 0 0 0 0 0 0 0 2 3 4 311 352 2 3 4 313 367 2 3 4 317 371 2 3 4 320 343 0 0 0 0 0 0 0 0 0 0 2 3 4 346 344 0 0 0 0 0 2 3 4 346 350 0 0 0 0 0 2 3 4 350 348 0 0 0 0 0 2 3 4 348 354 0 0 0 0 0 2 3 4 352 354 0 0 0 0 0 2 3 4 338 365 2 3 4 326 381 2 3 4 329 359 2 3 4 332 359 0 0 0 0 0 2 3 4 362 334 2 3 4 344 362 0 0 0 0 0 3 2 0 365 364 0 0 0 0 0 0 0 0 0 0 2 3 4 352 369 0 0 0 0 0 2 3 4 367 369 0 0 0 0 0 2 3 4 367 373 0 0 0 0 0 2 3 4 371 373 0 0 0 0 0 2 3 4 371 376 2 3 4 343 376 0 0 0 0 0 2 3 4 346 398 2 3 4 350 402 2 3 4 354 406 2 3 4 365 391 0 0 0 0 0 2 3 4 391 381 2 3 4 381 384 0 0 0 0 0 2 3 4 384 387 2 3 4 359 387 0 0 0 0 0 2 3 4 362 396 3 2 0 391 390 0 0 0 0 0 0 0 0 0 0 2 3 4 369 410 2 3 4 373 424 2 3 4 376 395 0 0 0 0 0 0 0 0 0 0 2 3 4 400 396 0 0 0 0 0 2 3 4 400 398 0 0 0 0 0 2 3 4 398 404 0 0 0 0 0 2 3 4 402 404 0 0 0 0 0 2 3 4 402 408 0 0 0 0 0 2 3 4 408 406 0 0 0 0 0 2 3 4 406 412 0 0 0 0 0 2 3 4 410 412 0 0 0 0 0 2 3 4 391 422 2 3 4 384 438 2 3 4 387 416 0 0 0 0 0 2 3 4 416 419 2 3 4 396 419 0 0 0 0 0 3 2 0 422 421 0 0 0 0 0 0 0 0 0 0 2 3 4 426 410 0 0 0 0 0 2 3 4 424 426 0 0 0 0 0 2 3 4 424 428 0 0 0 0 0 2 3 4 428 431 2 3 4 395 431 0 0 0 0 0 2 3 4 400 444 2 3 4 404 457 2 3 4 408 436 2 3 4 412 436 0 0 0 0 0 2 3 4 422 449 0 0 0 0 0 2 3 4 449 438 2 3 4 438 442 2 3 4 416 442 0 0 0 0 0 2 3 4 419 446 0 0 0 0 0 2 3 4 444 446 0 0 0 0 0 3 2 0 449 448 0 0 0 0 0 0 0 0 0 0 2 3 4 426 474 2 3 4 428 477 2 3 4 431 453 0 0 0 0 0 2 3 4 444 455 0 0 0 0 0 2 3 4 455 459 0 0 0 0 0 2 3 4 457 459 0 0 0 0 0 2 3 4 457 461 0 0 0 0 0 2 3 4 461 464 2 3 4 436 464 0 0 0 0 0 2 3 4 449 473 2 3 4 442 467 0 0 0 0 0 2 3 4 467 470 2 3 4 446 470 0 0 0 0 0 3 2 0 473 472 0 0 0 0 0 0 0 0 0 0 0 0 0 0 0 2 3 4 474 500 2 3 4 474 479 0 0 0 0 0 2 3 4 479 477 0 0 0 0 0 2 3 4 477 482 2 3 4 453 482 0 0 0 0 0 2 3 4 455 492 2 3 4 459 511 2 3 4 461 515 2 3 4 464 498 2 3 4 473 497 2 3 4 489 467 0 0 0 0 0 2 3 4 497 489 2 3 4 470 494 0 0 0 0 0 2 3 4 492 494 0 0 0 0 0 0 0 0 0 0 3 2 0 497 495 0 0 0 0 0 0 0 0 0 0 2 3 4 502 498 0 0 0 0 0 2 3 4 500 502 0 0 0 0 0 2 3 4 505 500 2 3 4 479 505 0 0 0 0 0 2 3 4 482 507 0 0 0 0 0 2 3 4 492 509 0 0 0 0 0 2 3 4 509 513 0 0 0 0 0 2 3 4 511 513 0 0 0 0 0 2 3 4 511 517 0 0 0 0 0 2 3 4 515 517 0 0 0 0 0 2 3 4 520 515 2 3 4 498 520 0 0 0 0 0 2 3 4 497 529 2 3 4 489 523 0 0 0 0 0 2 3 4 523 526 2 3 4 494 526 0 0 0 0 0 3 2 0 529 528 0 0 0 0 0 0 0 0 0 0 2 3 4 502 556 2 3 4 505 532 0 0 0 0 0 2 3 4 535 532 2 3 4 507 535 0 0 0 0 0 2 3 4 509 546 2 3 4 513 539 2 3 4 517 541 0 0 0 0 0 2 3 4 541 539 0 0 0 0 0 2 3 4 520 552 2 3 4 529 551 2 3 4 551 523 2 3 4 526 548 0 0 0 0 0 2 3 4 548 546 0 0 0 0 0 3 2 0 551 550 0 0 0 0 0 0 0 0 0 0 0 0 0 0 0 2 3 4 554 552 0 0 0 0 0 2 3 4 554 558 0 0 0 0 0 2 3 4 556 558 0 0 0 0 0 2 3 4 556 561 2 3 4 532 561 0 0 0 0 0 2 3 4 535 574 2 3 4 546 565 2 3 4 539 565 0 0 0 0 0 2 3 4 568 541 2 3 4 552 568 0 0 0 0 0 2 3 4 551 573 2 3 4 548 592 3 2 0 573 572 0 0 0 0 0 0 0 0 0 0 0 0 0 0 0 2 3 4 574 576 0 0 0 0 0 2 3 4 554 588 2 3 4 558 605 2 3 4 561 580 0 0 0 0 0 2 3 4 580 583 2 3 4 574 583 0 0 0 0 0 2 3 4 565 597 2 3 4 568 586 0 0 0 0 0 2 3 4 586 590 0 0 0 0 0 2 3 4 590 588 0 0 0 0 0 2 3 4 573 602 0 0 0 0 0 2 3 4 594 592 0 0 0 0 0 2 3 4 602 594 2 3 4 592 599 0 0 0 0 0 2 3 4 599 597 0 0 0 0 0 0 0 0 0 0 3 2 0 602 600 0 0 0 0 0 2 3 4 576 612 2 3 4 588 607 0 0 0 0 0 2 3 4 605 607 0 0 0 0 0 2 3 4 605 610 2 3 4 580 610 0 0 0 0 0 2 3 4 583 614 0 0 0 0 0 2 3 4 614 612 0 0 0 0 0 2 3 4 597 616 0 0 0 0 0 2 3 4 616 619 2 3 4 586 619 0 0 0 0 0 2 3 4 590 639 2 3 4 602 629 2 3 4 594 623 0 0 0 0 0 2 3 4 623 626 2 3 4 599 626 0 0 0 0 0 3 2 0 629 628 0 0 0 0 0 0 0 0 0 0 2 3 4 612 631 0 0 0 0 0 2 3 4 607 643 2 3 4 610 664 2 3 4 614 659 2 3 4 616 656 2 3 4 619 637 0 0 0 0 0 2 3 4 641 637 0 0 0 0 0 2 3 4 639 641 0 0 0 0 0 2 3 4 645 639 0 0 0 0 0 2 3 4 645 643 0 0 0 0 0 2 3 4 629 653 2 3 4 648 623 0 0 0 0 0 2 3 4 648 653 2 3 4 626 654 0 0 0 0 0 3 2 0 653 651 0 0 0 0 0 0 0 0 0 0 2 3 4 654 658 0 0 0 0 0 2 3 4 658 656 0 0 0 0 0 0 0 0 0 0 2 3 4 659 662 2 3 4 631 662 0 0 0 0 0 2 3 4 643 666 0 0 0 0 0 2 3 4 664 666 0 0 0 0 0 2 3 4 669 664 2 3 4 659 669 0 0 0 0 0 2 3 4 656 672 2 3 4 637 672 0 0 0 0 0 2 3 4 641 691 2 3 4 645 695 2 3 4 653 680 2 3 4 648 703 2 3 4 654 681 3 2 0 680 679 0 0 0 0 0 0 0 0 0 0 0 0 0 0 0 2 3 4 681 684 2 3 4 658 684 0 0 0 0 0 2 3 4 662 714 2 3 4 666 699 2 3 4 669 712 2 3 4 672 689 0 0 0 0 0 2 3 4 693 689 0 0 0 0 0 2 3 4 691 693 0 0 0 0 0 2 3 4 691 697 0 0 0 0 0 2 3 4 695 697 0 0 0 0 0 2 3 4 695 701 0 0 0 0 0 2 3 4 701 699 0 0 0 0 0 2 3 4 680 710 0 0 0 0 0 2 3 4 710 703 2 3 4 703 707 2 3 4 707 681 0 0 0 0 0 3 2 0 710 709 0 0 0 0 0 0 0 0 0 0 2 3 4 684 722 0 0 0 0 0 2 3 4 712 716 0 0 0 0 0 2 3 4 714 716 0 0 0 0 0 2 3 4 714 718 0 0 0 0 0 2 3 4 699 721 2 3 4 712 721 0 0 0 0 0 0 0 0 0 0 2 3 4 722 725 2 3 4 689 725 0 0 0 0 0 2 3 4 693 752 2 3 4 697 756 2 3 4 701 743 2 3 4 710 733 2 3 4 707 734 3 2 0 733 732 0 0 0 0 0 0 0 0 0 0 0 0 0 0 0 2 3 4 734 737 2 3 4 722 737 0 0 0 0 0 2 3 4 716 739 0 0 0 0 0 2 3 4 739 742 2 3 4 718 742 0 0 0 0 0 0 0 0 0 0 2 3 4 745 743 0 0 0 0 0 2 3 4 745 748 2 3 4 721 748 0 0 0 0 0 2 3 4 725 750 0 0 0 0 0 2 3 4 750 754 0 0 0 0 0 2 3 4 752 754 0 0 0 0 0 2 3 4 752 758 0 0 0 0 0 2 3 4 756 758 0 0 0 0 0 2 3 4 756 761 2 3 4 743 761 0 0 0 0 0 2 3 4 733 768 2 3 4 764 734 0 0 0 0 0 2 3 4 768 764 0 0 0 0 0 3 2 0 768 766 0 0 0 0 0 2 3 4 737 778 2 3 4 739 775 2 3 4 742 772 0 0 0 0 0 2 3 4 745 785 2 3 4 748 777 0 0 0 0 0 2 3 4 777 775 0 0 0 0 0 0 0 0 0 0 2 3 4 778 781 2 3 4 750 781 0 0 0 0 0 2 3 4 754 808 2 3 4 758 812 2 3 4 761 787 0 0 0 0 0 2 3 4 785 787 0 0 0 0 0 2 3 4 768 792 2 3 4 764 793 3 2 0 792 791 0 0 0 0 0 0 0 0 0 0 0 0 0 0 0 2 3 4 793 796 2 3 4 778 796 0 0 0 0 0 2 3 4 775 798 0 0 0 0 0 2 3 4 798 801 2 3 4 772 801 0 0 0 0 0 2 3 4 803 785 0 0 0 0 0 2 3 4 803 806 2 3 4 777 806 0 0 0 0 0 2 3 4 781 810 0 0 0 0 0 2 3 4 808 810 0 0 0 0 0 2 3 4 808 814 0 0 0 0 0 2 3 4 812 814 0 0 0 0 0 2 3 4 817 812 2 3 4 787 817 0 0 0 0 0 2 3 4 792 822 2 3 4 822 793 3 2 0 822 821 0 0 0 0 0 0 0 0 0 0 2 3 4 796 832 2 3 4 798 829 2 3 4 801 826 0 0 0 0 0 2 3 4 803 850 2 3 4 806 831 0 0 0 0 0 2 3 4 831 829 0 0 0 0 0 0 0 0 0 0 2 3 4 832 835 2 3 4 810 835 0 0 0 0 0 2 3 4 814 857 2 3 4 817 846 2 3 4 822 841 3 2 0 841 840 0 0 0 0 0 0 0 0 0 0 2 3 4 832 868 2 3 4 829 845 2 3 4 826 845 0 0 0 0 0 0 0 0 0 0 2 3 4 848 846 0 0 0 0 0 2 3 4 848 852 0 0 0 0 0 2 3 4 850 852 0 0 0 0 0 2 3 4 850 855 2 3 4 831 855 0 0 0 0 0 2 3 4 835 859 0 0 0 0 0 2 3 4 857 859 0 0 0 0 0 2 3 4 857 862 2 3 4 846 862 0 0 0 0 0 2 3 4 841 866 0 0 0 0 0 3 2 0 866 864 0 0 0 0 0 2 3 4 870 866 0 0 0 0 0 2 3 4 870 868 0 0 0 0 0 2 3 4 868 876 2 3 4 845 897 2 3 4 848 883 2 3 4 852 903 2 3 4 855 895 0 0 0 0 0 2 3 4 879 876 2 3 4 859 879 0 0 0 0 0 2 3 4 862 881 0 0 0 0 0 2 3 4 881 885 0 0 0 0 0 2 3 4 885 883 0 0 0 0 0 2 3 4 866 889 3 2 0 889 888 0 0 0 0 0 0 0 0 0 0 2 3 4 870 891 0 0 0 0 0 2 3 4 891 894 2 3 4 876 894 0 0 0 0 0 0 0 0 0 0 2 3 4 895 899 0 0 0 0 0 2 3 4 897 899 0 0 0 0 0 2 3 4 897 901 0 0 0 0 0 2 3 4 883 905 0 0 0 0 0 2 3 4 903 905 0 0 0 0 0 2 3 4 903 908 2 3 4 895 908 0 0 0 0 0 2 3 4 879 910 0 0 0 0 0 2 3 4 913 910 2 3 4 881 913 0 0 0 0 0 2 3 4 885 934 2 3 4 889 918 0 0 0 0 0 3 2 0 918 916 0 0 0 0 0 2 3 4 918 921 2 3 4 921 891 0 0 0 0 0 2 3 4 894 945 2 3 4 899 924 0 0 0 0 0 2 3 4 924 927 2 3 4 901 927 0 0 0 0 0 2 3 4 905 938 2 3 4 908 956 2 3 4 910 947 2 3 4 913 932 0 0 0 0 0 2 3 4 936 932 0 0 0 0 0 2 3 4 934 936 0 0 0 0 0 2 3 4 934 940 0 0 0 0 0 2 3 4 940 938 0 0 0 0 0 2 3 4 918 944 3 2 0 944 943 0 0 0 0 0 0 0 0 0 0 0 0 0 0 0 2 3 4 949 945 0 0 0 0 0 2 3 4 947 949 0 0 0 0 0 2 3 4 921 973 2 3 4 945 974 2 3 4 924 960 2 3 4 927 954 0 0 0 0 0 2 3 4 938 958 0 0 0 0 0 2 3 4 956 958 0 0 0 0 0 2 3 4 956 962 0 0 0 0 0 2 3 4 960 962 0 0 0 0 0 2 3 4 947 965 2 3 4 932 965 0 0 0 0 0 2 3 4 936 989 2 3 4 940 993 2 3 4 944 971 3 2 0 971 970 0 0 0 0 0 0 0 0 0 0 2 3 4 971 973 0 0 0 0 0 0 0 0 0 0 2 3 4 974 977 2 3 4 949 977 0 0 0 0 0 2 3 4 973 980 2 3 4 980 974 0 0 0 0 0 2 3 4 960 983 2 3 4 954 983 0 0 0 0 0 2 3 4 958 997 2 3 4 962 1008 2 3 4 965 987 0 0 0 0 0 2 3 4 991 987 0 0 0 0 0 2 3 4 989 991 0 0 0 0 0 2 3 4 989 995 0 0 0 0 0 2 3 4 993 995 0 0 0 0 0 2 3 4 993 999 0 0 0 0 0 2 3 4 999 997 0 0 0 0 0 3 2 0 1003 1001 0 0 0 0 0 2 3 4 971 1003 0 0 0 0 0 2 3 4 977 1020 2 3 4 980 1028 2 3 4 983 1012 2 3 4 997 1010 0 0 0 0 0 2 3 4 1008 1010 0 0 0 0 0 2 3 4 1008 1014 0 0 0 0 0 2 3 4 1012 1014 0 0 0 0 0 2 3 4 987 1019 2 3 4 991 1033 2 3 4 995 1036 2 3 4 999 1038 0 0 0 0 0 0 0 0 0 0 0 0 0 0 0 3 2 0 1023 1021 0 0 0 0 0 0 0 0 0 0 3 2 0 1024 1026 0 0 0 0 0 0 0 0 0 0 0 0 0 0 0 0 0 0 0 0 2 3 4 1012 1062 2 3 4 1010 1040 2 3 4 1014 1063 0 0 0 0 0 0 0 0 0 0 0 0 0 0 0 0 0 0 0 0 0 0 0 0 0 0 0 0 0 0 0 0 0 0 0 0 0 0 0 0 0 0 0 0 0 0 0 0 0 0 0 0 0 0 0 0 0 0 0 0 0 0 0 0 0 3 2 0 1045 1049 0 0 0 0 0 3 2 0 1047 1050 0 0 0 0 0 0 0 0 0 0 0 0 0 0 0 3 2 0 1056 1053 0 0 0 0 0 0 0 0 0 0 0 0 0 0 0 0 0 0 0 0 0 0 0 0 0 3 2 0 1057 1059 0 0 0 0 0 3 2 0 1079 1061 0 0 0 0 0 0 0 0 0 0 0 0 0 0 0 0 0 0 0 0 0 0 0 0 0 0 0 0 0 0 0 0 0 0 0 0 0 0 0 0 0 0 0 0 0 0 0 0 0 0 0 0 0 0 0 0 0 0 0 0 0 0 0 0 0 0 0 0 0 0 0 0 0 0 0 0 0 0 0 0 0 0 0 0 0 0 0 0 0 0 0 0 0 0 0 0 0 0 0 0 0 0 0 0 0 0 0 0 0 0 0 0 0 0 0 3 2 0 1083 1085 0 0 0 0 0 0 0 0 0 0 0 0 0 0 0 3 2 0 1087 1089 0 0 0 0 0 0 0 0 0 0 0 0 0 0 0 0 0 0 0 0 0 0 0 0 0 0 0 0 0 0 0 0 0 0 0 0 0 0 0 0 0 0 0 0 0 0 0 0 0 0 0 0 0 0 0 0 0 0 0 0 0 0 0 0 0 0 0 0 0 0 0 0 0 0 0 0 0 0 0 0 0 0 0 0 0 0 0 0 0 0 0 0 0 0 0 0 0 0 0 0 0 0 0 0 0 3 2 0 1109 1111 0 0 0 0 0 0 0 0 0 0 0 0 0 0 0 3 2 0 1113 1115 0 0 0 0 0 0 0 0 0 0 0 0 0 0 0 0 0 0 0 0 0 0 0 0 0 0 0 0 0 0 0 0 0 0 0 0 0 0 0 0 0 0 0 0 0 0 0 0 0 0 0 0 0 0 0 0 0 0 0 0 0 0 0 0 0 0 0 0 0 0 0 0 0 0 0 0 0 0 0 0 0 0 0 0 0 0 0 0 0 0 0 0 0 0 0 3 2 0 1135 1138 0 0 0 0 0 0 0 0 0 0 3 2 0 1136 1139 0 0 0 0 0 0 0 0 0 0 3 2 0 1141 1144 0 0 0 0 0 0 0 0 0 0 3 2 0 1142 1145 0 0 0 0 0 0 0 0 0 0 0 0 0 0 0 0 0 0 0 0 3 2 0 1152 1149 0 0 0 0 0 3 2 0 1153 1151 0 0 0 0 0 0 0 0 0 0 0 0 0 0 0 0 0 0 0 0 3 2 0 1154 1156 0 0 0 0 0 0 0 0 0 0 0 0 0 0 0 0 0 0 0 0 0 0 0 0 0 0 0 0 0 0 0 0 0 0 0 0 0 0 0 0 0 0 0 0 0 0 0 0 0 0 0 0 0 0 0 0 0 0 0 0 0 0 0 0 0 0 0 0 0 0 0 0 0 0 0 0 0 0 0 0 0 0 0 0 0 0 0 0 0 0 0 0 0 0 0 0 0 0 0 0 0 0 0 0 0 0 0 0 0 0 0 0 0 0 0 0 0 0 0 0 0 0 0 0 0 0 0 0 0 0 3 2 0 1186 1183 0 0 0 0 0 0 0 0 0 0 3 2 0 1184 1191 0 0 0 0 0 0 0 0 0 0 3 2 0 1187 1190 0 0 0 0 0 0 0 0 0 0 0 0 0 0 0 0 0 0 0 0 0 0 0 0 0 0 0 0 0 0 0 0 0 0 0 0 0 0 0 0 3 2 0 1198 1196 0 0 0 0 0 0 0 0 0 0 0 0 0 0 0 0 0 0 0 0 0 0 0 0 0 0 0 0 0 0 0 0 0 0 0 0 0 0 0 0 0 0 0 0 0 0 0 0 0 0 0 0 0 0 0 3 2 0 1220 1210 0 0 0 0 0 0 0 0 0 0 0 0 0 0 0 0 0 0 0 0 0 0 0 0 0 0 0 0 0 0 0 0 0 0 0 0 0 0 0 0 0 0 0 0 0 0 0 0 0 0 0 0 0 0 0 0 0 0 0 0 0 0 0 0 0 0 0 0 0 0 0 0 0 0 0 0 0 0 0 0 0 0 0 0 0 0 0 0 0 0 0 0 0 0 0 3 2 0 1228 1230 0 0 0 0 0 0 0 0 0 0 0 0 0 0 0 0 0 0 0 0 0 0 0 0 0 0 0 0 0 0 0 0 0 0 0 0 0 0 0 0 0 0 0 0 0 0 0 0 0 0 3 2 0 1244 1241 0 0 0 0 0 0 0 0 0 0 0 0 0 0 0 0 0 0 0 0 0 0 0 0 0 0 0 0 0 0 0 0 0 0 0 0 0 0 0 0 0 0 0 0 0 0 0 0 0 0 0 0 0 0 0 0 0 0 0 0 0 0 0 0 0 0 0 0 0 0 0 0 0 0 0 0 0 0 0 0 3 2 0 1258 1256 0 0 0 0 0 0 0 0 0 0 3 2 0 1259 1261 0 0 0 0 0 3 2 0 1291 1263 0 0 0 0 0 0 0 0 0 0 0 0 0 0 0 0 0 0 0 0 0 0 0 0 0 0 0 0 0 0 0 0 0 0 0 0 0 0 0 0 0 0 0 0 0 0 0 0 0 0 0 0 0 0 0 0 0 0 0 0 0 0 0 0 0 0 0 0 0 0 0 0 0 0 0 0 0 0 0 0 0 0 0 0 0 0 0 0 0 0 0 0 0 0 0 0 0 0 0 0 0 0 0 0 0 0 0 0 0 0 0 0 0 0 0 0 0 0 0 0 0 0 0 0 0 0 0 0 0 0 3 2 0 1288 1295 3 2 0 1292 1294 0 0 0 0 0 0 0 0 0 0 0 0 0 0 0 0 0 0 0 0 0 0 0 0 0 0 0 0 0 0 3 2 0 1298 1296 0 0 0 0 0 0 0 0 0 0 3 2 0 1299 1301 0 0 0 0 0 0 0 0 0 0 0 0 0 0 0 0 0 0 0 0 0 0 0 0 0 0 0 0 0 0 0 0 0 0 0 0 0 0 0 0 0 0 0 0 0 0 0 0 0 0 0 0 0 0 0 0 0 0 0 0 0 0 0 0 0 0 0 0 0 0 0 0 0 0 0 0 0 0 0 0 0 0 0 0 0 3 2 0 1322 1319 0 0 0 0 0 0 0 0 0 0 3 2 0 1323 1320 0 0 0 0 0 0 0 0 0 0 0 0 0 0 0 0 0 0 0 0 0 0 0 0 0 0 0 0 0 0 0 0 0 0 0 0 0 0 0 0 0 0 0 0 0 0 0 0 0 0 0 0 0 0 0 0 0 0 0 0 3 2 0 1333 1339 0 0 0 0 0 3 2 0 1335 1338 0 0 0 0 0 0 0 0 0 0 0 0 0 0 0 0 0 0 0 0 0 0 0 0 0 0 0 0 0 0 0 0 0 0 0 0 0 0 0 0 0 0 0 0 0 0 0 0 0 0 0 0 0 0 0 0 0 0 0 0 0 0 0 0 0 0 0 0 0 0 0 0 0 0 0 0 0 0 0 0 0 0 0 0 0 0 0 0 0 0 0 0 0 0 0 0 0 0 0 0 0 0 0 0 0 0 0 0 0 0 0 0 0 0 0 0 0 0 0 0 0 0 0 0 0 0 0 0 0 0 0 0 0 0 0 0 0 0 0 0 0 0 0 0 0 0 0 0 0 0 0 0 0 0 0 0 0 0 0 0 0 0 0 0 0 0 0 0 0 0 0 0 0 0 0 0 0 0 0 0 0 0 0 0 0 0 0 0 0 0 0 0 0 0 0 0 0 0 0 0 0 0 0 0 0 0 0 0 0 0 0 0 0 0 0 0 0 0 0 0 0 0 0 0 0 0 0 0 0 0 0 0 0 0 0 0 0 0 0 0 0 0 0 0 0 0 0 0 0 0 0 0 0 0 0 0 0 0 0 0 0 0 0 0 0 0 0 0 0 0 0 0 0 0 0 0 0 0 0 0 0 0 0 0 0 0 0 0 0 0 0 0 0 0 0 0 0 0 0 0 0 0 0 0 0 0 0 0 0 0 0 0 0 0 0 0 0 0 0 0 0 0 0 0 0 0 0 0 0 0 0 0 0 0 0 0 0 0 0 0 0 0 0 0 0 0 0 0 0 0 0 0 0 0 0 0 0 0 0 0 0 0 0 0 0 0 0 0 0 0 0 0 0 0 0 0 0 0 0 0 0 0 0 0 0 0 0 0 0 0 0 0 0 0 0 0 0 0 0 0 0 0 0 0 0 0 0 0 0 0 0 0 0 0 0 0 0 0 0 0 0 0 0 0 0 0 0 0 0 0 0 0 0 0 0 0 0 0 0 0 0 0 0 0 0 0 0 0 0 0 0 0 0 0 0 0 0 0 0 0 0 0 0 0 0 0 0 0 0 0 0 0 0 0 0 0 0 0 0 0 0 0 0 0 0 0 0 0 0 0 0 0 0 0 0 0 0 0 0 0 0 0 0 0 0 0 0 0 0 0 0 0 0 0 0 0 0 0 0 0 0 0 0 0 0 0 0 0 0 0 0 0 0 0 0 0 0 0 0 0 0 0 0 0 0 0 0 0 0 0 0 0 0 0 0 0 0 0 0 0 0 0 0 0 0 0 0 0 0 0 0 0 0 0 0 0 0 0 0 0 0 0 0 0 0 0 0 0 0 0 0 0 0 0 0 0 0 0 0 0 0 0 0 0 0 0 0 0 0 0 0 0 0 0 0 0 0 0 0 0 0 0 0 0 0 0 0 0 0 0 0 0 0 0 0 0 0 0 0 0 0 0 0 0 0 0 0 0 0 0 0 0 0 0 0 0 0 0 0 0 0 0 0 0 0 0 0 0 0 0 0 0 0 0 0 0 0 0 0 0 0 0 0 0 0 0 0 0 0 0 0 0 0 0 0 0 0 0 0 0 0 0 0 0 0 0 0 0 0 0 0 0 0 0 0 0 0 0 0 0 0 0 0 0 0 0 0 0 0 0 0 0 0 0 0 0 0 0 0 0 0 0 0 0 0 0 0 0 0 0 0 0 0 0 0 0 0 0 0 0 0 0 0 0 0 0 0 0 0 0 0 0 0 0 0 
SCALARS tag-data unsigned_long 2
LOOKUP_TABLE default
431265443699 0 7311146989426077539 0 431265443699 0 7311146989426077539 0 431265443699 0 7311146989426077539 0 7311146989426077539 0 431265443699 0 7311146989426077539 0 431265443699 0 7311146989426077539 0 431265443699 0 7311146989426077539 0 7311146989426077539 0 7311146989426077539 0 7311146989426077539 0 431265443699 0 7311146989426077539 0 431265443699 0 431265443699 0 7311146989426077539 0 431265443699 0 7311146989426077539 0 431265443699 0 7311146989426077539 0 431265443699 0 7311146989426077539 0 431265443699 0 7311146989426077539 0 431265443699 0 7311146989426077539 0 431265443699 0 7311146989426077539 0 431265443699 0 7311146989426077539 0 431265443699 0 7311146989426077539 0 7311146989426077539 0 431265443699 0 7311146989426077539 0 431265443699 0 431265443699 0 7311146989426077539 0 431265443699 0 7311146989426077539 0 431265443699 0 7311146989426077539 0 431265443699 0 7311146989426077539 0 431265443699 0 7311146989426077539 0 7311146989426077539 0 431265443699 0 7311146989426077539 0 431265443699 0 7311146989426077539 0 7311146989426077539 0 431265443699 0 7311146989426077539 0 7311146989426077539 0 7311146989426077539 0 431265443699 0 7311146989426077539 0 7311146989426077539 0 431265443699 0 7311146989426077539 0 431265443699 0 7311146989426077539 0 7311146989426077539 0 7311146989426077539 0 7311146989426077539 0 431265443699 0 7311146989426077539 0 431265443699 0 7311146989426077539 0 7311146989426077539 0 7310589493142249826 435459024498 431265443699 0 7496034 0 431265443699 0 7311146989426077539 0 431265443699 0 7311146989426077539 0 7311146989426077539 0 431265443699 0 7311146989426077539 0 431265443699 0 7311146989426077539 0 431265443699 0 7311146989426077539 0 7311146989426077539 0 431265443699 0 7311146989426077539 0 431265443699 0 7311146989426077539 0 431265443699 0 7311146989426077539 0 7311146989426077539 0 431265443699 0 7311146989426077539 0 431265443699 0 7311146989426077539 0 7311146989426077539 0 431265443699 0 7311146989426077539 0 431265443699 0 7311146989426077539 0 431265443699 0 7311146989426077539 0 431265443699 0 7311146989426077539 0 431265443699 0 7311146989426077539 0 431265443699 0 7311146989426077539 0 431265443699 0 7496034 0 7310589493142249826 435459024498 431265443699 0 7311146989426077539 0 7311146989426077539 0 431265443699 0 7311146989426077539 0 7311146989426077539 0 431265443699 0 7311146989426077539 0 7311146989426077539 0 7311146989426077539 0 431265443699 0 7311146989426077539 0 7311146989426077539 0 431265443699 0 7311146989426077539 0 7311146989426077539 0 7311146989426077539 0 431265443699 0 7311146989426077539 0 7311146989426077539 0 431265443699 0 7311146989426077539 0 7311146989426077539 0 431265443699 0 7311146989426077539 0 431265443699 0 7311146989426077539 0 431265443699 0 7496034 0 7310589493142249826 435459024498 431265443699 0 7311146989426077539 0 431265443699 0 7311146989426077539 0 7311146989426077539 0 431265443699 0 7311146989426077539 0 431265443699 0 7311146989426077539 0 431265443699 0 7311146989426077539 0 7311146989426077539 0 431265443699 0 7311146989426077539 0 7311146989426077539 0 431265443699 0 7311146989426077539 0 431265443699 0 7311146989426077539 0 431265443699 0 7311146989426077539 0 7311146989426077539 0 431265443699 0 7311146989426077539 0 431265443699 0 7311146989426077539 0 431265443699 0 7311146989426077539 0 7311146989426077539 0 431265443699 0 7311146989426077539 0 7310589493142249826 435459024498 7496034 0 431265443699 0 431265443699 0 7311146989426077539 0 431265443699 0 7311146989426077539 0 7311146989426077539 0 431265443699 0 7311146989426077539 0 7311146989426077539 0 431265443699 0 7311146989426077539 0 431265443699 0 7311146989426077539 0 431265443699 0 7311146989426077539 0 7311146989426077539 0 431265443699 0 7311146989426077539 0 7311146989426077539 0 7311146989426077539 0 7311146989426077539 0 7311146989426077539 0 7311146989426077539 0 431265443699 0 7311146989426077539 0 431265443699 0 7311146989426077539 0 7310589493142249826 435459024498 7496034 0 431265443699 0 7311146989426077539 0 7311146989426077539 0 431265443699 0 7311146989426077539 0 431265443699 0 7311146989426077539 0 431265443699 0 7311146989426077539 0 7311146989426077539 0 431265443699 0 7311146989426077539 0 7311146989426077539 0 431265443699 0 7311146989426077539 0 431265443699 0 7311146989426077539 0 7311146989426077539 0 431265443699 0 7311146989426077539 0 431265443699 0 7311146989426077539 0 7311146989426077539 0 431265443699 0 7311146989426077539 0 431265443699 0 7311146989426077539 0 431265443699 0 7311146989426077539 0 431265443699 0 7311146989426077539 0 431265443699 0 7310589493142249826 435459024498 7496034 0 431265443699 0 7311146989426077539 0 431265443699 0 7311146989426077539 0 7311146989426077539 0 431265443699 0 7311146989426077539 0 7311146989426077539 0 431265443699 0 7311146989426077539 0 431265443699 0 7311146989426077539 0 431265443699 0 7311146989426077539 0 7311146989426077539 0 431265443699 0 7311146989426077539 0 431265443699 0 7311146989426077539 0 7311146989426077539 0 431265443699 0 7311146989426077539 0 7311146989426077539 0 431265443699 0 7311146989426077539 0 431265443699 0 7311146989426077539 0 7311146989426077539 0 431265443699 0 7311146989426077539 0 7310589493142249826 435459024498 7496034 0 431265443699 0 7311146989426077539 0 7311146989426077539 0 431265443699 0 7311146989426077539 0 431265443699 0 7311146989426077539 0 7311146989426077539 0 431265443699 0 7311146989426077539 0 7311146989426077539 0 431265443699 0 431265443699 0 7311146989426077539 0 7311146989426077539 0 7311146989426077539 0 7311146989426077539 0 431265443699 0 7311146989426077539 0 7311146989426077539 0 431265443699 0 7311146989426077539 0 431265443699 0 7311146989426077539 0 431265443699 0 7311146989426077539 0 431265443699 0 7311146989426077539 0 431265443699 0 7310589493142249826 435459024498 7496034 0 431265443699 0 7311146989426077539 0 7311146989426077539 0 431265443699 0 7311146989426077539 0 431265443699 0 7311146989426077539 0 431265443699 0 7311146989426077539 0 431265443699 0 7311146989426077539 0 7311146989426077539 0 431265443699 0 7311146989426077539 0 7311146989426077539 0 431265443699 0 7311146989426077539 0 7311146989426077539 0 431265443699 0 7311146989426077539 0 7311146989426077539 0 431265443699 0 7311146989426077539 0 7311146989426077539 0 431265443699 0 7311146989426077539 0 431265443699 0 7311146989426077539 0 7310589493142249826 435459024498 7496034 0 431265443699 0 7311146989426077539 0 7311146989426077539 0 7311146989426077539 0 7311146989426077539 0 431265443699 0 431265443699 0 7311146989426077539 0 431265443699 0 7311146989426077539 0 431265443699 0 7311146989426077539 0 431265443699 0 7311146989426077539 0 431265443699 0 7311146989426077539 0 431265443699 0 7311146989426077539 0 7311146989426077539 0 7311146989426077539 0 7311146989426077539 0 431265443699 0 7311146989426077539 0 7311146989426077539 0 431265443699 0 7310589493142249826 435459024498 7496034 0 431265443699 0 7311146989426077539 0 431265443699 0 7311146989426077539 0 431265443699 0 7311146989426077539 0 431265443699 0 7311146989426077539 0 431265443699 0 7311146989426077539 0 7311146989426077539 0 431265443699 0 7311146989426077539 0 7311146989426077539 0 7311146989426077539 0 7311146989426077539 0 431265443699 0 7311146989426077539 0 7311146989426077539 0 431265443699 0 7311146989426077539 0 7311146989426077539 0 431265443699 0 7311146989426077539 0 7310589493142249826 435459024498 7496034 0 431265443699 0 7311146989426077539 0 7311146989426077539 0 7311146989426077539 0 431265443699 0 431265443699 0 7311146989426077539 0 431265443699 0 7311146989426077539 0 431265443699 0 7311146989426077539 0 431265443699 0 7311146989426077539 0 431265443699 0 7311146989426077539 0 431265443699 0 7311146989426077539 0 431265443699 0 7311146989426077539 0 431265443699 0 7311146989426077539 0 431265443699 0 7311146989426077539 0 7311146989426077539 0 7311146989426077539 0 431265443699 0 7311146989426077539 0 7311146989426077539 0 431265443699 0 7310589493142249826 435459024498 7496034 0 431265443699 0 7311146989426077539 0 431265443699 0 7311146989426077539 0 431265443699 0 7311146989426077539 0 431265443699 0 7311146989426077539 0 7311146989426077539 0 431265443699 0 7311146989426077539 0 7311146989426077539 0 7311146989426077539 0 7311146989426077539 0 431265443699 0 7311146989426077539 0 431265443699 0 7311146989426077539 0 7311146989426077539 0 7311146989426077539 0 431265443699 0 7311146989426077539 0 431265443699 0 7311146989426077539 0 431265443699 0 7310589493142249826 435459024498 7496034 0 431265443699 0 7311146989426077539 0 7311146989426077539 0 7311146989426077539 0 431265443699 0 7311146989426077539 0 431265443699 0 7311146989426077539 0 431265443699 0 7311146989426077539 0 431265443699 0 7311146989426077539 0 431265443699 0 7311146989426077539 0 7311146989426077539 0 431265443699 0 7311146989426077539 0 7311146989426077539 0 431265443699 0 7311146989426077539 0 7311146989426077539 0 431265443699 0 7310589493142249826 435459024498 7496034 0 431265443699 0 431265443699 0 7311146989426077539 0 7311146989426077539 0 431265443699 0 7311146989426077539 0 431265443699 0 7311146989426077539 0 7311146989426077539 0 431265443699 0 7311146989426077539 0 7311146989426077539 0 7311146989426077539 0 7311146989426077539 0 7311146989426077539 0 7311146989426077539 0 431265443699 0 7311146989426077539 0 7311146989426077539 0 431265443699 0 7311146989426077539 0 431265443699 0 7496034 0 7310589493142249826 435459024498 431265443699 0 431265443699 0 7311146989426077539 0 431265443699 0 7311146989426077539 0 431265443699 0 7311146989426077539 0 7311146989426077539 0 431265443699 0 7311146989426077539 0 431265443699 0 7311146989426077539 0 431265443699 0 7311146989426077539 0 431265443699 0 7311146989426077539 0 431265443699 0 7311146989426077539 0 431265443699 0 7311146989426077539 0 431265443699 0 7311146989426077539 0 7311146989426077539 0 431265443699 0 7311146989426077539 0 7311146989426077539 0 431265443699 0 7311146989426077539 0 7311146989426077539 0 431265443699 0 7310589493142249826 435459024498 7496034 0 431265443699 0 7311146989426077539 0 7311146989426077539 0 431265443699 0 7311146989426077539 0 7311146989426077539 0 431265443699 0 7311146989426077539 0 7311146989426077539 0 7311146989426077539 0 431265443699 0 7311146989426077539 0 431265443699 0 7311146989426077539 0 7311146989426077539 0 7311146989426077539 0 7311146989426077539 0 431265443699 0 7311146989426077539 0 431265443699 0 7310589493142249826 435459024498 7496034 0 431265443699 0 431265443699 0 7311146989426077539 0 431265443699 0 7311146989426077539 0 431265443699 0 7311146989426077539 0 431265443699 0 7311146989426077539 0 7311146989426077539 0 431265443699 0 7311146989426077539 0 7311146989426077539 0 7311146989426077539 0 431265443699 0 7311146989426077539 0 7311146989426077539 0 431265443699 0 7311146989426077539 0 7311146989426077539 0 7310589493142249826 435459024498 7496034 0 431265443699 0 431265443699 0 7311146989426077539 0 431265443699 0 7311146989426077539 0 7311146989426077539 0 7311146989426077539 0 431265443699 0 7311146989426077539 0 7311146989426077539 0 431265443699 0 7311146989426077539 0 7311146989426077539 0 431265443699 0 7311146989426077539 0 431265443699 0 7311146989426077539 0 431265443699 0 7311146989426077539 0 431265443699 0 7311146989426077539 0 431265443699 0 7311146989426077539 0 7311146989426077539 0 431265443699 0 7311146989426077539 0 431265443699 0 7496034 0 7310589493142249826 435459024498 431265443699 0 7311146989426077539 0 7311146989426077539 0 431265443699 0 7311146989426077539 0 431265443699 0 7311146989426077539 0 7311146989426077539 0 431265443699 0 7311146989426077539 0 431265443699 0 7311146989426077539 0 431265443699 0 7311146989426077539 0 431265443699 0 7311146989426077539 0 7311146989426077539 0 431265443699 0 7311146989426077539 0 7311146989426077539 0 7311146989426077539 0 431265443699 0 7311146989426077539 0 7311146989426077539 0 431265443699 0 7310589493142249826 435459024498 7496034 0 431265443699 0 7311146989426077539 0 431265443699 0 7311146989426077539 0 7311146989426077539 0 7311146989426077539 0 7311146989426077539 0 7311146989426077539 0 431265443699 0 7311146989426077539 0 431265443699 0 7311146989426077539 0 431265443699 0 7311146989426077539 0 431265443699 0 7311146989426077539 0 431265443699 0 7311146989426077539 0 7311146989426077539 0 431265443699 0 7311146989426077539 0 7311146989426077539 0 7496034 0 7310589493142249826 435459024498 431265443699 0 431265443699 0 7311146989426077539 0 431265443699 0 7311146989426077539 0 431265443699 0 431265443699 0 7311146989426077539 0 7311146989426077539 0 431265443699 0 7311146989426077539 0 431265443699 0 7311146989426077539 0 431265443699 0 7311146989426077539 0 7311146989426077539 0 431265443699 0 7311146989426077539 0 7311146989426077539 0 431265443699 0 7311146989426077539 0 7311146989426077539 0 7311146989426077539 0 7311146989426077539 0 7311146989426077539 0 7310589493142249826 435459024498 7496034 0 431265443699 0 431265443699 0 7311146989426077539 0 7311146989426077539 0 431265443699 0 7311146989426077539 0 7311146989426077539 0 7311146989426077539 0 7311146989426077539 0 431265443699 0 7311146989426077539 0 431265443699 0 7311146989426077539 0 431265443699 0 7311146989426077539 0 431265443699 0 7311146989426077539 0 431265443699 0 7311146989426077539 0 431265443699 0 7311146989426077539 0 431265443699 0 7311146989426077539 0 431265443699 0 7311146989426077539 0 7311146989426077539 0 7311146989426077539 0 431265443699 0 7310589493142249826 435459024498 7496034 0 431265443699 0 7311146989426077539 0 431265443699 0 7311146989426077539 0 431265443699 0 7311146989426077539 0 431265443699 0 7311146989426077539 0 431265443699 0 7311146989426077539 0 7311146989426077539 0 431265443699 0 431265443699 0 7311146989426077539 0 7311146989426077539 0 431265443699 0 7311146989426077539 0 7311146989426077539 0 7311146989426077539 0 7311146989426077539 0 7311146989426077539 0 7310589493142249826 435459024498 7496034 0 431265443699 0 431265443699 0 7311146989426077539 0 7311146989426077539 0 431265443699 0 7311146989426077539 0 431265443699 0 7311146989426077539 0 7311146989426077539 0 431265443699 0 431265443699 0 7311146989426077539 0 431265443699 0 7311146989426077539 0 7311146989426077539 0 431265443699 0 7311146989426077539 0 431265443699 0 7311146989426077539 0 431265443699 0 7311146989426077539 0 431265443699 0 7311146989426077539 0 431265443699 0 7311146989426077539 0 431265443699 0 7311146989426077539 0 7311146989426077539 0 431265443699 0 7311146989426077539 0 7311146989426077539 0 431265443699 0 7311146989426077539 0 7496034 0 7310589493142249826 435459024498 431265443699 0 7311146989426077539 0 7311146989426077539 0 7311146989426077539 0 431265443699 0 7311146989426077539 0 7311146989426077539 0 431265443699 0 7311146989426077539 0 431265443699 0 431265443699 0 7311146989426077539 0 7311146989426077539 0 431265443699 0 7311146989426077539 0 7311146989426077539 0 7311146989426077539 0 431265443699 0 7311146989426077539 0 431265443699 0 7311146989426077539 0 7311146989426077539 0 7310589493142249826 435459024498 7496034 0 431265443699 0 431265443699 0 7311146989426077539 0 7311146989426077539 0 431265443699 0 7311146989426077539 0 431265443699 0 7311146989426077539 0 7311146989426077539 0 431265443699 0 7311146989426077539 0 431265443699 0 7311146989426077539 0 7311146989426077539 0 431265443699 0 7311146989426077539 0 431265443699 0 7311146989426077539 0 431265443699 0 7311146989426077539 0 431265443699 0 7311146989426077539 0 431265443699 0 7311146989426077539 0 7311146989426077539 0 431265443699 0 7311146989426077539 0 7311146989426077539 0 7310589493142249826 435459024498 7496034 0 431265443699 0 7311146989426077539 0 7311146989426077539 0 7311146989426077539 0 431265443699 0 7311146989426077539 0 7311146989426077539 0 431265443699 0 7311146989426077539 0 431265443699 0 431265443699 0 7311146989426077539 0 7311146989426077539 0 431265443699 0 7311146989426077539 0 7311146989426077539 0 7311146989426077539 0 7310589493142249826 435459024498 7496034 0 431265443699 0 7311146989426077539 0 7311146989426077539 0 7311146989426077539 0 431265443699 0 431265443699 0 7311146989426077539 0 431265443699 0 7311146989426077539 0 431265443699 0 7311146989426077539 0 431265443699 0 7311146989426077539 0 7311146989426077539 0 431265443699 0 7311146989426077539 0 431265443699 0 7311146989426077539 0 431265443699 0 7311146989426077539 0 7311146989426077539 0 431265443699 0 7311146989426077539 0 7496034 0 7310589493142249826 435459024498 431265443699 0 7311146989426077539 0 431265443699 0 7311146989426077539 0 431265443699 0 7311146989426077539 0 7311146989426077539 0 7311146989426077539 0 7311146989426077539 0 7311146989426077539 0 431265443699 0 7311146989426077539 0 7311146989426077539 0 431265443699 0 7311146989426077539 0 431265443699 0 7311146989426077539 0 431265443699 0 7311146989426077539 0 431265443699 0 7311146989426077539 0 7310589493142249826 435459024498 7496034 0 431265443699 0 7311146989426077539 0 431265443699 0 7311146989426077539 0 7311146989426077539 0 431265443699 0 431265443699 0 7311146989426077539 0 431265443699 0 7311146989426077539 0 431265443699 0 7311146989426077539 0 431265443699 0 7311146989426077539 0 431265443699 0 7311146989426077539 0 431265443699 0 7311146989426077539 0 7311146989426077539 0 431265443699 0 7311146989426077539 0 431265443699 0 7311146989426077539 0 7311146989426077539 0 431265443699 0 7311146989426077539 0 7311146989426077539 0 7496034 0 7310589493142249826 435459024498 431265443699 0 7311146989426077539 0 7311146989426077539 0 431265443699 0 7311146989426077539 0 7311146989426077539 0 431265443699 0 7311146989426077539 0 7311146989426077539 0 431265443699 0 7311146989426077539 0 7311146989426077539 0 7311146989426077539 0 7311146989426077539 0 431265443699 0 7311146989426077539 0 431265443699 0 7311146989426077539 0 431265443699 0 7311146989426077539 0 431265443699 0 7311146989426077539 0 431265443699 0 7311146989426077539 0 7310589493142249826 435459024498 7496034 0 431265443699 0 431265443699 0 7311146989426077539 0 431265443699 0 7311146989426077539 0 431265443699 0 7311146989426077539 0 7311146989426077539 0 7311146989426077539 0 7311146989426077539 0 431265443699 0 7311146989426077539 0 431265443699 0 7311146989426077539 0 431265443699 0 7311146989426077539 0 431265443699 0 7311146989426077539 0 431265443699 0 7311146989426077539 0 7311146989426077539 0 431265443699 0 7311146989426077539 0 7311146989426077539 0 7311146989426077539 0 7310589493142249826 435459024498 7496034 0 431265443699 0 7311146989426077539 0 431265443699 0 431265443699 0 7311146989426077539 0 7311146989426077539 0 431265443699 0 7311146989426077539 0 7311146989426077539 0 431265443699 0 7311146989426077539 0 7311146989426077539 0 431265443699 0 7311146989426077539 0 7311146989426077539 0 7311146989426077539 0 431265443699 0 7311146989426077539 0 431265443699 0 7311146989426077539 0 431265443699 0 7311146989426077539 0 431265443699 0 7311146989426077539 0 431265443699 0 7311146989426077539 0 431265443699 0 7311146989426077539 0 431265443699 0 7310589493142249826 435459024498 7496034 0 7311146989426077539 0 431265443699 0 7311146989426077539 0 7311146989426077539 0 7311146989426077539 0 7311146989426077539 0 431265443699 0 7311146989426077539 0 431265443699 0 7311146989426077539 0 431265443699 0 7311146989426077539 0 431265443699 0 7311146989426077539 0 7311146989426077539 0 7311146989426077539 0 7311146989426077539 0 431265443699 0 431265443699 0 7496034 0 7310589493142249826 435459024498 431265443699 0 431265443699 0 7310589493142249826 435459024498 7496034 0 431265443699 0 431265443699 0 431265443699 0 7311146989426077539 0 7311146989426077539 0 7311146989426077539 0 431265443699 0 431265443699 0 431265443699 0 431265443699 0 431265443699 0 431265443699 0 431265443699 0 431265443699 0 431265443699 0 431265443699 0 431265443699 0 431265443699 0 431265443699 0 7310589493142249826 435459024498 431265443699 0 7310589493142249826 435459024498 7496034 0 7496034 0 431265443699 0 7310589493142249826 435459024498 7496034 0 431265443699 0 431265443699 0 431265443699 0 431265443699 0 7310589493142249826 435459024498 7496034 0 7310589493142249826 435459024498 7496034 0 431265443699 0 431265443699 0 431265443699 0 431265443699 0 431265443699 0 431265443699 0 431265443699 0 431265443699 0 431265443699 0 431265443699 0 431265443699 0 431265443699 0 431265443699 0 431265443699 0 431265443699 0 431265443699 0 431265443699 0 431265443699 0 431265443699 0 431265443699 0 431265443699 0 431265443699 0 7310589493142249826 435459024498 7496034 0 431265443699 0 431265443699 0 7310589493142249826 435459024498 7496034 0 431265443699 0 431265443699 0 431265443699 0 431265443699 0 431265443699 0 431265443699 0 431265443699 0 431265443699 0 431265443699 0 431265443699 0 431265443699 0 431265443699 0 431265443699 0 431265443699 0 431265443699 0 431265443699 0 431265443699 0 431265443699 0 431265443699 0 431265443699 0 7310589493142249826 435459024498 7496034 0 431265443699 0 431265443699 0 7310589493142249826 435459024498 7496034 0 431265443699 0 431265443699 0 431265443699 0 431265443699 0 431265443699 0 431265443699 0 431265443699 0 431265443699 0 431265443699 0 431265443699 0 431265443699 0 431265443699 0 431265443699 0 431265443699 0 431265443699 0 431265443699 0 431265443699 0 431265443699 0 7310589493142249826 435459024498 431265443699 0 431265443699 0 7310589493142249826 435459024498 7496034 0 7496034 0 7310589493142249826 435459024498 431265443699 0 431265443699 0 7310589493142249826 435459024498 7496034 0 7496034 0 431265443699 0 431265443699 0 7310589493142249826 435459024498 7496034 0 7310589493142249826 435459024498 7496034 0 431265443699 0 431265443699 0 431265443699 0 7310589493142249826 435459024498 7496034 0 431265443699 0 431265443699 0 431265443699 0 431265443699 0 431265443699 0 431265443699 0 431265443699 0 431265443699 0 431265443699 0 431265443699 0 431265443699 0 431265443699 0 431265443699 0 431265443699 0 431265443699 0 431265443699 0 431265443699 0 431265443699 0 431265443699 0 431265443699 0 431265443699 0 431265443699 0 431265443699 0 431265443699 0 431265443699 0 7310589493142249826 435459024498 7496034 0 431265443699 0 7310589493142249826 435459024498 431265443699 0 431265443699 0 7310589493142249826 435459024498 431265443699 0 7496034 0 7496034 0 431265443699 0 431265443699 0 431265443699 0 431265443699 0 7496034 0 7310589493142249826 435459024498 431265443699 0 431265443699 0 431265443699 0 431265443699 0 431265443699 0 431265443699 0 431265443699 0 431265443699 0 431265443699 0 431265443699 0 431265443699 0 7310589493142249826 435459024498 7496034 0 431265443699 0 431265443699 0 431265443699 0 431265443699 0 431265443699 0 431265443699 0 431265443699 0 431265443699 0 431265443699 0 431265443699 0 431265443699 0 431265443699 0 431265443699 0 431265443699 0 431265443699 0 431265443699 0 431265443699 0 431265443699 0 7310589493142249826 435459024498 7496034 0 431265443699 0 431265443699 0 431265443699 0 431265443699 0 431265443699 0 431265443699 0 431265443699 0 431265443699 0 431265443699 0 7310589493142249826 435459024498 7496034 0 431265443699 0 431265443699 0 431265443699 0 431265443699 0 431265443699 0 431265443699 0 431265443699 0 431265443699 0 431265443699 0 431265443699 0 431265443699 0 431265443699 0 431265443699 0 431265443699 0 7496034 0 7310589493142249826 435459024498 431265443699 0 431265443699 0 7310589493142249826 435459024498 7496034 0 7310589493142249826 435459024498 7496034 0 431265443699 0 431265443699 0 431265443699 0 431265443699 0 431265443699 0 431265443699 0 431265443699 0 431265443699 0 431265443699 0 431265443699 0 431265443699 0 431265443699 0 431265443699 0 431265443699 0 431265443699 0 431265443699 0 431265443699 0 431265443699 0 431265443699 0 431265443699 0 431265443699 0 431265443699 0 431265443699 0 431265443699 0 431265443699 0 7310589493142249826 435459024498 7310589493142249826 435459024498 431265443699 0 431265443699 0 431265443699 0 7496034 0 7496034 0 7496034 0 7310589493142249826 435459024498 431265443699 0 431265443699 0 7310589493142249826 435459024498 7496034 0 431265443699 0 431265443699 0 431265443699 0 431265443699 0 431265443699 0 431265443699 0 431265443699 0 431265443699 0 431265443699 0 431265443699 0 431265443699 0 431265443699 0 431265443699 0 431265443699 0 431265443699 0 431265443699 0 7310589493142249826 435459024498 7496034 0 7496034 0 7310589493142249826 435459024498 431265443699 0 431265443699 0 431265443699 0 431265443699 0 431265443699 0 431265443699 0 431265443699 0 431265443699 0 431265443699 0 431265443699 0 431265443699 0 431265443699 0 7310589493142249826 435459024498 431265443699 0 7310589493142249826 435459024498 431265443699 0 7496034 0 7496034 0 431265443699 0 431265443699 0 431265443699 0 431265443699 0 431265443699 0 431265443699 0 431265443699 0 431265443699 0 431265443699 0 431265443699 0 431265443699 0 431265443699 0 431265443699 0 431265443699 0 431265443699 0 431265443699 0 431265443699 0 431265443699 0 431265443699 0 431265443699 0 431265443699 0 431265443699 0 431265443699 0 431265443699 0 431265443699 0 431265443699 0 431265443699 0 431265443699 0 431265443699 0 431265443699 0 431265443699 0 431265443699 0 431265443699 0 431265443699 0 431265443699 0 431265443699 0 431265443699 0 431265443699 0 431265443699 0 431265443699 0 431265443699 0 431265443699 0 431265443699 0 431265443699 0 431265443699 0 431265443699 0 431265443699 0 431265443699 0 431265443699 0 431265443699 0 431265443699 0 431265443699 0 431265443699 0 431265443699 0 431265443699 0 431265443699 0 431265443699 0 431265443699 0 431265443699 0 431265443699 0 431265443699 0 431265443699 0 431265443699 0 431265443699 0 431265443699 0 431265443699 0 431265443699 0 431265443699 0 431265443699 0 431265443699 0 431265443699 0 431265443699 0 431265443699 0 431265443699 0 431265443699 0 431265443699 0 431265443699 0 431265443699 0 431265443699 0 431265443699 0 431265443699 0 431265443699 0 431265443699 0 431265443699 0 431265443699 0 431265443699 0 431265443699 0 431265443699 0 431265443699 0 431265443699 0 431265443699 0 431265443699 0 431265443699 0 431265443699 0 431265443699 0 431265443699 0 431265443699 0 431265443699 0 431265443699 0 431265443699 0 431265443699 0 431265443699 0 431265443699 0 431265443699 0 431265443699 0 431265443699 0 431265443699 0 431265443699 0 431265443699 0 431265443699 0 431265443699 0 431265443699 0 431265443699 0 431265443699 0 431265443699 0 431265443699 0 431265443699 0 431265443699 0 431265443699 0 431265443699 0 431265443699 0 431265443699 0 431265443699 0 431265443699 0 431265443699 0 431265443699 0 431265443699 0 431265443699 0 431265443699 0 431265443699 0 431265443699 0 431265443699 0 431265443699 0 431265443699 0 431265443699 0 431265443699 0 431265443699 0 431265443699 0 431265443699 0 431265443699 0 431265443699 0 431265443699 0 431265443699 0 431265443699 0 431265443699 0 431265443699 0 431265443699 0 431265443699 0 431265443699 0 431265443699 0 431265443699 0 431265443699 0 
SCALARS tag int 1
LOOKUP_TABLE default
3 1 3 1 3 1 1 3 1 3 1 3 1 1 1 1 3 1 3 3 1 3 1 3 1 3 1 3 1 3 1 3 1 3 1 3 1 1 3 1 3 3 1 3 1 3 1 3 1 3 1 1 3 1 3 1 1 3 1 1 1 3 1 1 3 1 3 1 1 1 1 3 1 3 1 1 0 3 2 3 1 3 1 1 3 1 3 1 3 1 1 3 1 3 1 3 1 1 3 1 3 1 1 3 1 3 1 3 1 3 1 3 1 3 1 3 2 0 3 1 1 3 1 1 3 1 1 1 3 1 1 3 1 1 1 3 1 1 3 1 1 3 1 3 1 3 2 0 3 1 3 1 1 3 1 3 1 3 1 1 3 1 1 3 1 3 1 3 1 1 3 1 3 1 3 1 1 3 1 0 2 3 3 1 3 1 1 3 1 1 3 1 3 1 3 1 1 3 1 1 1 1 1 1 3 1 3 1 0 2 3 1 1 3 1 3 1 3 1 1 3 1 1 3 1 3 1 1 3 1 3 1 1 3 1 3 1 3 1 3 1 3 0 2 3 1 3 1 1 3 1 1 3 1 3 1 3 1 1 3 1 3 1 1 3 1 1 3 1 3 1 1 3 1 0 2 3 1 1 3 1 3 1 1 3 1 1 3 3 1 1 1 1 3 1 1 3 1 3 1 3 1 3 1 3 0 2 3 1 1 3 1 3 1 3 1 3 1 1 3 1 1 3 1 1 3 1 1 3 1 1 3 1 3 1 0 2 3 1 1 1 1 3 3 1 3 1 3 1 3 1 3 1 3 1 1 1 1 3 1 1 3 0 2 3 1 3 1 3 1 3 1 3 1 1 3 1 1 1 1 3 1 1 3 1 1 3 1 0 2 3 1 1 1 3 3 1 3 1 3 1 3 1 3 1 3 1 3 1 3 1 3 1 1 1 3 1 1 3 0 2 3 1 3 1 3 1 3 1 1 3 1 1 1 1 3 1 3 1 1 1 3 1 3 1 3 0 2 3 1 1 1 3 1 3 1 3 1 3 1 3 1 1 3 1 1 3 1 1 3 0 2 3 3 1 1 3 1 3 1 1 3 1 1 1 1 1 1 3 1 1 3 1 3 2 0 3 3 1 3 1 3 1 1 3 1 3 1 3 1 3 1 3 1 3 1 3 1 1 3 1 1 3 1 1 3 0 2 3 1 1 3 1 1 3 1 1 1 3 1 3 1 1 1 1 3 1 3 0 2 3 3 1 3 1 3 1 3 1 1 3 1 1 1 3 1 1 3 1 1 0 2 3 3 1 3 1 1 1 3 1 1 3 1 1 3 1 3 1 3 1 3 1 3 1 1 3 1 3 2 0 3 1 1 3 1 3 1 1 3 1 3 1 3 1 3 1 1 3 1 1 1 3 1 1 3 0 2 3 1 3 1 1 1 1 1 3 1 3 1 3 1 3 1 3 1 1 3 1 1 2 0 3 3 1 3 1 3 3 1 1 3 1 3 1 3 1 1 3 1 1 3 1 1 1 1 1 0 2 3 3 1 1 3 1 1 1 1 3 1 3 1 3 1 3 1 3 1 3 1 3 1 3 1 1 1 3 0 2 3 1 3 1 3 1 3 1 3 1 1 3 3 1 1 3 1 1 1 1 1 0 2 3 3 1 1 3 1 3 1 1 3 3 1 3 1 1 3 1 3 1 3 1 3 1 3 1 3 1 1 3 1 1 3 1 2 0 3 1 1 1 3 1 1 3 1 3 3 1 1 3 1 1 1 3 1 3 1 1 0 2 3 3 1 1 3 1 3 1 1 3 1 3 1 1 3 1 3 1 3 1 3 1 3 1 1 3 1 1 0 2 3 1 1 1 3 1 1 3 1 3 3 1 1 3 1 1 1 0 2 3 1 1 1 3 3 1 3 1 3 1 3 1 1 3 1 3 1 3 1 1 3 1 2 0 3 1 3 1 3 1 1 1 1 1 3 1 1 3 1 3 1 3 1 3 1 0 2 3 1 3 1 1 3 3 1 3 1 3 1 3 1 3 1 3 1 1 3 1 3 1 1 3 1 1 2 0 3 1 1 3 1 1 3 1 1 3 1 1 1 1 3 1 3 1 3 1 3 1 3 1 0 2 3 3 1 3 1 3 1 1 1 1 3 1 3 1 3 1 3 1 3 1 1 3 1 1 1 0 2 3 1 3 3 1 1 3 1 1 3 1 1 3 1 1 1 3 1 3 1 3 1 3 1 3 1 3 1 3 0 2 1 3 1 1 1 1 3 1 3 1 3 1 3 1 1 1 1 3 3 2 0 3 3 0 2 3 3 3 1 1 1 3 3 3 3 3 3 3 3 3 3 3 3 3 0 3 0 2 2 3 0 2 3 3 3 3 0 2 0 2 3 3 3 3 3 3 3 3 3 3 3 3 3 3 3 3 3 3 3 3 3 3 0 2 3 3 0 2 3 3 3 3 3 3 3 3 3 3 3 3 3 3 3 3 3 3 3 3 0 2 3 3 0 2 3 3 3 3 3 3 3 3 3 3 3 3 3 3 3 3 3 3 0 3 3 0 2 2 0 3 3 0 2 2 3 3 0 2 0 2 3 3 3 0 2 3 3 3 3 3 3 3 3 3 3 3 3 3 3 3 3 3 3 3 3 3 3 3 3 3 0 2 3 0 3 3 0 3 2 2 3 3 3 3 2 0 3 3 3 3 3 3 3 3 3 3 3 0 2 3 3 3 3 3 3 3 3 3 3 3 3 3 3 3 3 3 3 0 2 3 3 3 3 3 3 3 3 3 0 2 3 3 3 3 3 3 3 3 3 3 3 3 3 3 2 0 3 3 0 2 0 2 3 3 3 3 3 3 3 3 3 3 3 3 3 3 3 3 3 3 3 3 3 3 3 3 3 0 0 3 3 3 2 2 2 0 3 3 0 2 3 3 3 3 3 3 3 3 3 3 3 3 3 3 3 3 0 2 2 0 3 3 3 3 3 3 3 3 3 3 3 3 0 3 0 3 2 2 3 3 3 3 3 3 3 3 3 3 3 3 3 3 3 3 3 3 3 3 3 3 3 3 3 3 3 3 3 3 3 3 3 3 3 3 3 3 3 3 3 3 3 3 3 3 3 3 3 3 3 3 3 3 3 3 3 3 3 3 3 3 3 3 3 3 3 3 3 3 3 3 3 3 3 3 3 3 3 3 3 3 3 3 3 3 3 3 3 3 3 3 3 3 3 3 3 3 3 3 3 3 3 3 3 3 3 3 3 3 3 3 3 3 3 3 3 3 3 3 3 3 3 3 3 3 3 3 3 3 3 3 3 3 3 3 3 3 3 3 3 3 3 3 3 3 3 3 3 3 3 3 
